user_id,age,gender,region,signup_at,acquisition_channel,membership_tier,primary_device
USR-000001,20,male,OTHER,2024-07-05T10:08:00+09:00,referral,premium,mobile
USR-000002,23,male,INCHEON,2024-07-15T18:37:00+09:00,organic,premium,mobile
USR-000003,44,female,DAEJEON,2025-03-31T09:57:00+09:00,paid_search,plus,desktop
USR-000004,36,female,GYEONGGI,2025-06-10T09:08:00+09:00,email,basic,desktop
USR-000005,24,female,BUSAN,2026-02-27T14:26:00+09:00,affiliate,basic,mobile
USR-000006,18,male,BUSAN,2025-01-05T20:58:00+09:00,referral,basic,mobile
USR-000007,35,male,INCHEON,2025-02-11T23:01:00+09:00,referral,basic,mobile
USR-000008,28,female,BUSAN,2024-09-17T10:53:00+09:00,organic,vip,mobile
USR-000009,67,male,GYEONGGI,2026-03-20T17:43:00+09:00,affiliate,basic,mobile
USR-000010,29,male,GYEONGGI,2025-09-24T10:42:00+09:00,organic,basic,mobile
USR-000011,70,male,SEOUL,2025-06-14T12:08:00+09:00,referral,basic,desktop
USR-000012,60,female,SEOUL,2026-06-24T03:18:00+09:00,direct,plus,mobile
USR-000013,27,male,DAEGU,2025-12-30T12:09:00+09:00,paid_search,basic,mobile
USR-000014,26,male,DAEJEON,2026-02-18T03:48:00+09:00,social,basic,mobile
USR-000015,47,male,GYEONGGI,2025-08-31T19:15:00+09:00,affiliate,basic,mobile
USR-000016,18,male,GWANGJU,2024-07-14T22:57:00+09:00,email,basic,mobile
USR-000017,40,female,DAEGU,2025-01-12T00:38:00+09:00,paid_search,basic,tablet
USR-000018,39,female,GYEONGGI,2025-05-20T01:59:00+09:00,paid_search,plus,mobile
USR-000019,40,female,BUSAN,2025-09-09T16:22:00+09:00,social,basic,desktop
USR-000020,18,male,SEOUL,2025-08-08T19:13:00+09:00,paid_search,basic,desktop
USR-000021,40,male,GWANGJU,2026-01-19T11:19:00+09:00,direct,basic,desktop
USR-000022,24,female,DAEJEON,2024-07-23T10:12:00+09:00,organic,premium,mobile
USR-000023,19,male,SEOUL,2025-03-11T06:53:00+09:00,direct,plus,mobile
USR-000024,25,female,SEOUL,2024-07-14T20:12:00+09:00,affiliate,premium,mobile
USR-000025,53,male,INCHEON,2025-07-23T00:17:00+09:00,paid_search,vip,mobile
USR-000026,69,male,SEOUL,2024-11-13T01:09:00+09:00,direct,basic,mobile
USR-000027,28,female,DAEGU,2024-12-09T10:59:00+09:00,organic,basic,mobile
USR-000028,62,male,SEOUL,2025-03-18T01:29:00+09:00,social,basic,mobile
USR-000029,21,female,INCHEON,2024-11-14T21:27:00+09:00,paid_search,basic,mobile
USR-000030,51,female,INCHEON,2026-05-12T22:00:00+09:00,social,plus,mobile
USR-000031,21,male,GYEONGGI,2026-01-21T15:24:00+09:00,paid_search,plus,desktop
USR-000032,40,male,DAEJEON,2026-05-25T04:05:00+09:00,paid_search,basic,mobile
USR-000033,44,male,BUSAN,2025-05-08T16:44:00+09:00,affiliate,premium,desktop
USR-000034,22,female,DAEGU,2025-05-15T02:43:00+09:00,referral,basic,mobile
USR-000035,26,male,GYEONGGI,2026-03-03T03:40:00+09:00,organic,plus,desktop
USR-000036,29,male,SEOUL,2026-06-28T22:13:00+09:00,referral,basic,mobile
USR-000037,38,female,SEOUL,2026-03-23T01:19:00+09:00,direct,basic,mobile
USR-000038,33,female,GYEONGGI,2025-02-09T14:23:00+09:00,social,basic,mobile
USR-000039,25,male,SEOUL,2024-10-23T13:45:00+09:00,referral,premium,mobile
USR-000040,18,male,GYEONGGI,2026-01-09T07:21:00+09:00,organic,basic,mobile
USR-000041,39,female,SEOUL,2025-03-03T13:02:00+09:00,email,basic,tablet
USR-000042,25,female,GWANGJU,2025-04-20T07:40:00+09:00,email,basic,desktop
USR-000043,33,male,DAEGU,2024-11-19T12:51:00+09:00,email,basic,desktop
USR-000044,42,male,SEOUL,2026-06-19T13:28:00+09:00,social,basic,desktop
USR-000045,18,female,SEOUL,2026-06-17T17:35:00+09:00,referral,basic,mobile
USR-000046,53,male,SEOUL,2025-02-06T01:55:00+09:00,email,basic,desktop
USR-000047,52,female,GYEONGGI,2025-12-09T17:12:00+09:00,direct,basic,desktop
USR-000048,29,female,INCHEON,2025-09-25T11:42:00+09:00,social,basic,desktop
USR-000049,69,male,DAEJEON,2026-04-29T17:09:00+09:00,social,basic,desktop
USR-000050,42,female,GYEONGGI,2025-11-27T11:24:00+09:00,email,plus,mobile
USR-000051,20,male,SEOUL,2025-11-08T14:36:00+09:00,email,vip,mobile
USR-000052,34,female,GYEONGGI,2025-10-14T15:22:00+09:00,referral,basic,mobile
USR-000053,31,female,GYEONGGI,2024-10-22T10:50:00+09:00,paid_search,premium,mobile
USR-000054,44,unknown,BUSAN,2025-08-27T20:17:00+09:00,affiliate,plus,mobile
USR-000055,28,female,SEOUL,2026-02-13T04:49:00+09:00,email,basic,mobile
USR-000056,42,male,SEOUL,2025-08-19T11:22:00+09:00,affiliate,basic,mobile
USR-000057,40,male,DAEJEON,2024-07-25T00:57:00+09:00,paid_search,plus,mobile
USR-000058,60,male,DAEGU,2024-10-23T01:11:00+09:00,referral,plus,desktop
USR-000059,46,female,SEOUL,2026-06-01T06:41:00+09:00,referral,basic,desktop
USR-000060,28,female,INCHEON,2026-01-09T17:54:00+09:00,referral,plus,desktop
USR-000061,18,female,GYEONGGI,2025-05-17T14:11:00+09:00,organic,plus,mobile
USR-000062,63,female,GYEONGGI,2025-04-05T08:48:00+09:00,organic,premium,desktop
USR-000063,33,male,GYEONGGI,2025-03-02T09:07:00+09:00,paid_search,basic,desktop
USR-000064,35,male,BUSAN,2024-12-09T23:14:00+09:00,social,basic,desktop
USR-000065,34,male,DAEJEON,2026-02-10T18:01:00+09:00,social,basic,mobile
USR-000066,49,male,GYEONGGI,2024-08-15T21:25:00+09:00,paid_search,basic,mobile
USR-000067,23,female,GYEONGGI,2024-08-01T07:01:00+09:00,paid_search,basic,mobile
USR-000068,25,female,SEOUL,2024-07-03T09:43:00+09:00,paid_search,premium,mobile
USR-000069,35,female,SEOUL,2024-08-12T21:55:00+09:00,social,plus,mobile
USR-000070,64,female,GYEONGGI,2026-02-11T10:11:00+09:00,paid_search,basic,mobile
USR-000071,23,male,SEOUL,2026-02-18T21:39:00+09:00,direct,basic,mobile
USR-000072,38,male,INCHEON,2026-02-17T07:49:00+09:00,social,basic,desktop
USR-000073,31,male,SEOUL,2025-05-07T05:12:00+09:00,paid_search,basic,desktop
USR-000074,27,male,BUSAN,2025-09-18T08:08:00+09:00,paid_search,basic,mobile
USR-000075,30,female,DAEGU,2026-04-27T14:02:00+09:00,referral,premium,mobile
USR-000076,49,female,SEOUL,2025-05-21T19:12:00+09:00,organic,basic,mobile
USR-000077,38,female,SEOUL,2025-07-22T14:36:00+09:00,paid_search,premium,mobile
USR-000078,59,female,DAEGU,2026-06-13T20:40:00+09:00,referral,basic,desktop
USR-000079,46,female,GYEONGGI,2026-05-04T00:51:00+09:00,referral,plus,mobile
USR-000080,32,male,GYEONGGI,2025-12-24T21:05:00+09:00,direct,premium,desktop
USR-000081,37,male,DAEGU,2025-05-26T22:21:00+09:00,paid_search,basic,mobile
USR-000082,27,male,GYEONGGI,2025-03-31T02:18:00+09:00,paid_search,plus,mobile
USR-000083,38,male,SEOUL,2024-11-05T05:56:00+09:00,paid_search,basic,desktop
USR-000084,19,male,GYEONGGI,2026-06-15T07:59:00+09:00,organic,plus,mobile
USR-000085,51,female,SEOUL,2026-05-25T01:18:00+09:00,social,plus,mobile
USR-000086,54,male,DAEJEON,2025-08-08T14:13:00+09:00,organic,plus,mobile
USR-000087,61,female,GYEONGGI,2026-03-26T00:22:00+09:00,organic,basic,mobile
USR-000088,47,male,SEOUL,2024-07-22T04:23:00+09:00,direct,premium,mobile
USR-000089,60,female,GYEONGGI,2025-09-26T20:29:00+09:00,paid_search,plus,tablet
USR-000090,23,female,SEOUL,2024-12-22T10:01:00+09:00,paid_search,plus,mobile
USR-000091,29,male,SEOUL,2025-04-22T19:48:00+09:00,direct,basic,mobile
USR-000092,51,female,GYEONGGI,2024-10-03T16:44:00+09:00,organic,basic,mobile
USR-000093,30,male,BUSAN,2026-03-15T03:08:00+09:00,direct,basic,mobile
USR-000094,22,female,DAEGU,2025-05-06T03:34:00+09:00,organic,plus,mobile
USR-000095,29,male,SEOUL,2026-02-18T02:07:00+09:00,organic,plus,desktop
USR-000096,35,female,GYEONGGI,2024-11-14T18:12:00+09:00,social,plus,desktop
USR-000097,49,male,SEOUL,2024-07-12T23:59:00+09:00,paid_search,plus,mobile
USR-000098,23,female,BUSAN,2025-10-12T02:53:00+09:00,paid_search,basic,mobile
USR-000099,51,female,DAEGU,2025-10-26T21:48:00+09:00,direct,plus,tablet
USR-000100,50,female,GYEONGGI,2025-04-16T15:59:00+09:00,social,basic,desktop
USR-000101,36,male,SEOUL,2024-07-17T16:09:00+09:00,paid_search,basic,mobile
USR-000102,44,male,SEOUL,2024-09-16T00:51:00+09:00,affiliate,basic,mobile
USR-000103,29,female,SEOUL,2025-10-14T16:32:00+09:00,referral,plus,mobile
USR-000104,30,male,BUSAN,2025-06-26T06:25:00+09:00,organic,basic,mobile
USR-000105,20,female,BUSAN,2024-11-16T13:00:00+09:00,organic,basic,mobile
USR-000106,33,male,SEOUL,2024-10-15T01:58:00+09:00,referral,plus,mobile
USR-000107,18,male,INCHEON,2025-03-03T16:40:00+09:00,organic,basic,mobile
USR-000108,38,male,SEOUL,2025-05-04T16:05:00+09:00,organic,plus,mobile
USR-000109,34,female,INCHEON,2026-04-13T02:28:00+09:00,email,basic,mobile
USR-000110,49,male,SEOUL,2024-12-03T17:12:00+09:00,organic,plus,desktop
USR-000111,42,male,DAEJEON,2026-05-06T04:27:00+09:00,organic,plus,desktop
USR-000112,62,male,OTHER,2026-02-19T18:15:00+09:00,referral,basic,desktop
USR-000113,47,male,SEOUL,2025-07-17T14:59:00+09:00,paid_search,basic,mobile
USR-000114,25,male,DAEJEON,2024-11-22T03:13:00+09:00,affiliate,basic,mobile
USR-000115,28,female,GYEONGGI,2025-04-11T20:32:00+09:00,organic,plus,mobile
USR-000116,22,male,SEOUL,2024-08-17T23:27:00+09:00,organic,plus,tablet
USR-000117,21,female,GYEONGGI,2024-10-10T11:56:00+09:00,organic,basic,mobile
USR-000118,63,female,SEOUL,2026-03-05T13:25:00+09:00,organic,basic,mobile
USR-000119,55,female,SEOUL,2024-09-09T11:30:00+09:00,direct,basic,mobile
USR-000120,42,male,GYEONGGI,2025-09-13T21:36:00+09:00,direct,vip,mobile
USR-000121,22,female,SEOUL,2025-07-22T01:07:00+09:00,referral,premium,mobile
USR-000122,39,male,INCHEON,2025-05-31T19:11:00+09:00,paid_search,vip,mobile
USR-000123,72,male,GYEONGGI,2025-01-28T21:55:00+09:00,referral,vip,desktop
USR-000124,21,female,BUSAN,2025-09-03T04:42:00+09:00,referral,basic,tablet
USR-000125,36,male,GYEONGGI,2026-06-24T01:33:00+09:00,social,basic,mobile
USR-000126,37,female,GYEONGGI,2024-12-04T08:19:00+09:00,organic,basic,mobile
USR-000127,40,female,DAEGU,2025-07-26T02:55:00+09:00,referral,basic,mobile
USR-000128,45,female,INCHEON,2024-10-25T04:20:00+09:00,paid_search,plus,mobile
USR-000129,33,female,BUSAN,2025-10-28T14:12:00+09:00,paid_search,basic,mobile
USR-000130,32,male,GYEONGGI,2024-11-27T15:26:00+09:00,referral,basic,mobile
USR-000131,40,male,GYEONGGI,2026-04-15T07:27:00+09:00,organic,basic,mobile
USR-000132,48,female,SEOUL,2025-08-24T00:56:00+09:00,paid_search,basic,mobile
USR-000133,36,male,GYEONGGI,2026-03-23T15:38:00+09:00,affiliate,basic,mobile
USR-000134,25,male,BUSAN,2025-11-02T20:34:00+09:00,social,plus,desktop
USR-000135,42,female,BUSAN,2025-01-20T11:05:00+09:00,organic,plus,mobile
USR-000136,18,male,BUSAN,2025-01-25T07:59:00+09:00,paid_search,premium,desktop
USR-000137,36,unknown,DAEJEON,2026-03-08T23:57:00+09:00,social,basic,desktop
USR-000138,18,male,DAEGU,2025-01-15T23:15:00+09:00,paid_search,basic,mobile
USR-000139,27,female,INCHEON,2025-03-20T08:56:00+09:00,organic,basic,mobile
USR-000140,48,male,DAEJEON,2024-10-16T19:47:00+09:00,referral,plus,mobile
USR-000141,21,male,GYEONGGI,2025-04-13T07:23:00+09:00,organic,plus,mobile
USR-000142,42,male,GWANGJU,2024-11-08T21:09:00+09:00,organic,basic,mobile
USR-000143,23,male,GYEONGGI,2026-03-06T00:45:00+09:00,direct,basic,mobile
USR-000144,56,female,SEOUL,2026-03-12T22:28:00+09:00,organic,basic,desktop
USR-000145,27,female,GYEONGGI,2025-01-03T02:38:00+09:00,referral,plus,mobile
USR-000146,39,female,INCHEON,2025-10-13T06:58:00+09:00,organic,basic,desktop
USR-000147,29,female,INCHEON,2025-04-16T00:04:00+09:00,paid_search,plus,mobile
USR-000148,22,female,SEOUL,2025-11-09T22:10:00+09:00,social,basic,mobile
USR-000149,48,male,DAEJEON,2025-07-15T00:05:00+09:00,social,basic,tablet
USR-000150,57,female,BUSAN,2024-10-28T19:49:00+09:00,paid_search,plus,desktop
USR-000151,32,male,GYEONGGI,2025-03-11T23:31:00+09:00,organic,basic,desktop
USR-000152,44,female,INCHEON,2024-10-02T21:20:00+09:00,social,basic,mobile
USR-000153,41,female,GWANGJU,2025-11-28T02:07:00+09:00,referral,basic,tablet
USR-000154,21,male,INCHEON,2026-04-22T12:36:00+09:00,organic,plus,mobile
USR-000155,20,female,INCHEON,2025-07-20T06:54:00+09:00,direct,basic,mobile
USR-000156,31,female,SEOUL,2024-12-02T03:09:00+09:00,organic,basic,desktop
USR-000157,25,female,SEOUL,2025-06-03T10:27:00+09:00,social,vip,mobile
USR-000158,45,female,GYEONGGI,2024-12-07T17:22:00+09:00,paid_search,basic,mobile
USR-000159,62,female,DAEJEON,2026-03-05T01:23:00+09:00,paid_search,basic,mobile
USR-000160,54,female,SEOUL,2026-04-22T18:50:00+09:00,paid_search,plus,mobile
USR-000161,35,female,DAEJEON,2025-08-28T06:34:00+09:00,paid_search,basic,mobile
USR-000162,27,male,DAEGU,2025-07-14T22:06:00+09:00,paid_search,plus,mobile
USR-000163,30,female,GYEONGGI,2025-03-13T09:07:00+09:00,direct,basic,mobile
USR-000164,26,female,DAEGU,2024-07-12T23:48:00+09:00,social,basic,mobile
USR-000165,28,female,DAEGU,2025-03-11T06:11:00+09:00,paid_search,plus,mobile
USR-000166,62,female,DAEGU,2024-11-10T09:39:00+09:00,email,basic,mobile
USR-000167,51,female,SEOUL,2025-06-11T17:59:00+09:00,affiliate,premium,mobile
USR-000168,35,male,GYEONGGI,2024-09-09T00:00:00+09:00,paid_search,basic,mobile
USR-000169,38,male,BUSAN,2026-03-27T15:49:00+09:00,email,basic,mobile
USR-000170,55,male,INCHEON,2025-10-16T03:27:00+09:00,referral,basic,mobile
USR-000171,63,male,SEOUL,2026-06-22T11:30:00+09:00,referral,basic,desktop
USR-000172,40,female,GYEONGGI,2026-05-06T06:33:00+09:00,paid_search,plus,mobile
USR-000173,34,female,GYEONGGI,2024-11-30T06:51:00+09:00,direct,basic,mobile
USR-000174,24,male,OTHER,2024-07-28T23:25:00+09:00,paid_search,basic,mobile
USR-000175,30,male,GYEONGGI,2024-07-11T03:42:00+09:00,direct,premium,mobile
USR-000176,59,female,DAEJEON,2024-07-13T08:24:00+09:00,referral,plus,tablet
USR-000177,45,male,SEOUL,2026-05-17T21:33:00+09:00,social,plus,tablet
USR-000178,72,male,INCHEON,2025-06-04T23:49:00+09:00,organic,basic,mobile
USR-000179,31,male,DAEJEON,2025-07-21T03:24:00+09:00,affiliate,basic,mobile
USR-000180,26,female,GYEONGGI,2025-05-05T12:11:00+09:00,paid_search,premium,mobile
USR-000181,35,female,GWANGJU,2026-03-28T07:00:00+09:00,social,basic,mobile
USR-000182,46,female,SEOUL,2026-03-02T07:01:00+09:00,organic,basic,desktop
USR-000183,20,male,DAEJEON,2025-10-22T17:28:00+09:00,referral,premium,mobile
USR-000184,23,female,GYEONGGI,2025-08-28T21:50:00+09:00,organic,plus,mobile
USR-000185,54,male,SEOUL,2025-10-30T17:57:00+09:00,social,plus,mobile
USR-000186,34,male,GWANGJU,2025-04-17T23:05:00+09:00,organic,vip,mobile
USR-000187,25,female,GWANGJU,2025-02-14T01:16:00+09:00,organic,plus,mobile
USR-000188,18,male,SEOUL,2025-10-17T03:23:00+09:00,direct,plus,mobile
USR-000189,30,female,SEOUL,2025-07-31T19:54:00+09:00,paid_search,basic,mobile
USR-000190,41,male,GYEONGGI,2026-05-19T10:11:00+09:00,organic,plus,desktop
USR-000191,24,female,OTHER,2025-04-20T07:53:00+09:00,email,basic,tablet
USR-000192,25,male,DAEJEON,2026-04-02T18:29:00+09:00,social,plus,tablet
USR-000193,31,male,GYEONGGI,2024-07-16T20:42:00+09:00,referral,premium,desktop
USR-000194,29,female,SEOUL,2025-02-17T04:09:00+09:00,paid_search,plus,desktop
USR-000195,18,female,BUSAN,2026-02-03T20:42:00+09:00,referral,basic,mobile
USR-000196,38,female,SEOUL,2025-05-13T21:53:00+09:00,affiliate,basic,desktop
USR-000197,30,female,SEOUL,2026-05-13T19:05:00+09:00,paid_search,basic,mobile
USR-000198,30,male,SEOUL,2025-09-25T04:38:00+09:00,affiliate,vip,mobile
USR-000199,29,male,SEOUL,2026-03-02T04:50:00+09:00,social,basic,mobile
USR-000200,64,male,INCHEON,2024-12-04T11:46:00+09:00,social,plus,desktop
USR-000201,36,female,GYEONGGI,2025-10-22T23:50:00+09:00,social,plus,desktop
USR-000202,62,female,GYEONGGI,2024-09-15T09:53:00+09:00,organic,basic,mobile
USR-000203,70,female,INCHEON,2025-03-02T20:10:00+09:00,organic,basic,desktop
USR-000204,45,female,BUSAN,2025-03-09T18:04:00+09:00,direct,premium,mobile
USR-000205,25,female,SEOUL,2024-09-23T21:20:00+09:00,social,basic,mobile
USR-000206,39,female,SEOUL,2025-03-11T05:31:00+09:00,paid_search,basic,mobile
USR-000207,22,male,BUSAN,2026-02-12T18:49:00+09:00,organic,plus,mobile
USR-000208,35,male,GYEONGGI,2024-11-11T19:49:00+09:00,social,basic,tablet
USR-000209,33,male,DAEJEON,2025-01-13T15:42:00+09:00,direct,basic,mobile
USR-000210,27,female,SEOUL,2024-07-04T09:09:00+09:00,direct,basic,mobile
USR-000211,50,female,SEOUL,2025-10-26T01:43:00+09:00,paid_search,plus,desktop
USR-000212,54,female,GYEONGGI,2025-03-22T16:39:00+09:00,paid_search,basic,mobile
USR-000213,54,male,SEOUL,2026-02-25T05:08:00+09:00,social,premium,mobile
USR-000214,61,male,GYEONGGI,2024-07-01T15:37:00+09:00,organic,vip,desktop
USR-000215,52,female,INCHEON,2026-04-09T01:10:00+09:00,paid_search,plus,desktop
USR-000216,29,male,OTHER,2025-06-02T03:12:00+09:00,organic,basic,mobile
USR-000217,38,male,GWANGJU,2024-10-30T01:47:00+09:00,organic,basic,tablet
USR-000218,23,male,GYEONGGI,2025-03-03T03:42:00+09:00,referral,premium,mobile
USR-000219,21,male,GYEONGGI,2024-11-05T09:45:00+09:00,affiliate,basic,desktop
USR-000220,25,male,GYEONGGI,2024-10-10T22:18:00+09:00,referral,basic,mobile
USR-000221,29,male,SEOUL,2026-02-19T13:54:00+09:00,direct,basic,mobile
USR-000222,23,male,GYEONGGI,2024-12-13T16:24:00+09:00,social,basic,mobile
USR-000223,36,female,SEOUL,2025-11-25T05:04:00+09:00,paid_search,premium,mobile
USR-000224,56,female,GYEONGGI,2025-06-28T07:55:00+09:00,organic,basic,mobile
USR-000225,45,male,GYEONGGI,2024-12-20T23:58:00+09:00,social,basic,mobile
USR-000226,43,male,SEOUL,2024-08-23T07:47:00+09:00,paid_search,basic,mobile
USR-000227,69,male,GYEONGGI,2025-04-30T14:21:00+09:00,organic,basic,mobile
USR-000228,49,male,GYEONGGI,2025-04-20T15:15:00+09:00,paid_search,plus,mobile
USR-000229,26,male,BUSAN,2024-09-06T11:15:00+09:00,affiliate,basic,mobile
USR-000230,42,female,GYEONGGI,2024-11-06T12:41:00+09:00,affiliate,basic,mobile
USR-000231,40,female,SEOUL,2026-01-12T01:59:00+09:00,referral,basic,mobile
USR-000232,24,male,GYEONGGI,2024-07-03T09:22:00+09:00,paid_search,plus,mobile
USR-000233,53,male,GYEONGGI,2026-03-19T16:37:00+09:00,organic,basic,mobile
USR-000234,52,male,GYEONGGI,2024-09-29T16:38:00+09:00,direct,basic,mobile
USR-000235,30,female,SEOUL,2025-02-14T15:44:00+09:00,social,basic,mobile
USR-000236,24,female,GYEONGGI,2026-05-30T04:46:00+09:00,organic,basic,mobile
USR-000237,69,male,SEOUL,2025-10-04T02:07:00+09:00,paid_search,basic,desktop
USR-000238,39,male,BUSAN,2024-10-04T09:46:00+09:00,organic,basic,desktop
USR-000239,32,male,SEOUL,2025-04-25T11:25:00+09:00,organic,premium,mobile
USR-000240,24,female,GYEONGGI,2024-12-22T09:00:00+09:00,affiliate,basic,mobile
USR-000241,21,female,SEOUL,2025-02-27T02:44:00+09:00,direct,basic,mobile
USR-000242,20,unknown,GYEONGGI,2026-01-23T18:16:00+09:00,direct,basic,mobile
USR-000243,64,male,DAEJEON,2025-06-23T06:48:00+09:00,organic,basic,tablet
USR-000244,27,male,SEOUL,2026-03-18T03:33:00+09:00,affiliate,basic,mobile
USR-000245,24,female,GYEONGGI,2025-07-16T22:29:00+09:00,email,basic,mobile
USR-000246,44,female,SEOUL,2026-02-27T19:40:00+09:00,affiliate,basic,desktop
USR-000247,39,female,GYEONGGI,2025-11-06T19:38:00+09:00,paid_search,plus,mobile
USR-000248,19,male,SEOUL,2025-01-26T17:44:00+09:00,social,basic,mobile
USR-000249,52,female,DAEGU,2026-01-30T09:34:00+09:00,direct,plus,mobile
USR-000250,19,female,DAEJEON,2025-06-05T04:52:00+09:00,organic,basic,desktop
USR-000251,56,male,DAEGU,2024-12-04T09:00:00+09:00,paid_search,plus,mobile
USR-000252,20,female,GYEONGGI,2024-09-07T22:35:00+09:00,paid_search,premium,desktop
USR-000253,21,male,DAEGU,2026-04-27T11:53:00+09:00,organic,basic,mobile
USR-000254,21,male,INCHEON,2025-07-01T23:09:00+09:00,affiliate,plus,tablet
USR-000255,32,female,GYEONGGI,2024-08-02T01:15:00+09:00,paid_search,basic,desktop
USR-000256,54,male,INCHEON,2024-10-15T20:36:00+09:00,organic,plus,mobile
USR-000257,74,male,SEOUL,2025-03-22T19:45:00+09:00,organic,plus,desktop
USR-000258,51,male,SEOUL,2024-10-17T03:46:00+09:00,paid_search,basic,mobile
USR-000259,26,female,GWANGJU,2026-04-15T21:31:00+09:00,direct,basic,mobile
USR-000260,32,female,BUSAN,2025-11-19T12:20:00+09:00,paid_search,plus,mobile
USR-000261,27,female,GYEONGGI,2024-11-26T03:25:00+09:00,paid_search,basic,mobile
USR-000262,20,male,DAEJEON,2025-10-24T01:02:00+09:00,direct,plus,mobile
USR-000263,29,female,SEOUL,2025-12-14T11:53:00+09:00,social,basic,desktop
USR-000264,38,female,INCHEON,2024-09-27T08:42:00+09:00,social,premium,mobile
USR-000265,25,male,INCHEON,2026-02-13T09:25:00+09:00,organic,basic,mobile
USR-000266,33,female,SEOUL,2025-05-18T00:32:00+09:00,direct,plus,desktop
USR-000267,45,female,GYEONGGI,2024-11-30T01:02:00+09:00,direct,plus,mobile
USR-000268,19,female,GYEONGGI,2025-11-18T14:27:00+09:00,direct,plus,mobile
USR-000269,29,female,GYEONGGI,2026-04-22T09:52:00+09:00,direct,basic,mobile
USR-000270,47,female,GYEONGGI,2026-04-04T07:34:00+09:00,referral,basic,mobile
USR-000271,47,female,SEOUL,2025-09-26T08:58:00+09:00,social,basic,desktop
USR-000272,26,female,BUSAN,2025-01-08T22:30:00+09:00,affiliate,plus,mobile
USR-000273,69,unknown,DAEJEON,2025-08-24T13:29:00+09:00,social,vip,desktop
USR-000274,63,male,SEOUL,2025-03-23T20:02:00+09:00,referral,basic,mobile
USR-000275,41,female,SEOUL,2026-02-05T16:44:00+09:00,paid_search,premium,mobile
USR-000276,27,female,SEOUL,2024-09-23T04:56:00+09:00,affiliate,basic,mobile
USR-000277,34,female,GYEONGGI,2026-02-15T13:56:00+09:00,organic,basic,desktop
USR-000278,21,female,GYEONGGI,2026-04-13T10:28:00+09:00,organic,basic,mobile
USR-000279,34,male,SEOUL,2024-11-12T06:20:00+09:00,organic,basic,desktop
USR-000280,28,male,SEOUL,2026-01-11T23:03:00+09:00,paid_search,basic,mobile
USR-000281,57,male,SEOUL,2025-10-10T21:25:00+09:00,paid_search,plus,mobile
USR-000282,26,male,DAEJEON,2024-11-17T07:38:00+09:00,paid_search,premium,desktop
USR-000283,44,male,GWANGJU,2025-06-21T20:52:00+09:00,affiliate,basic,mobile
USR-000284,39,male,GYEONGGI,2026-04-26T03:25:00+09:00,organic,basic,mobile
USR-000285,26,female,SEOUL,2024-11-19T05:51:00+09:00,organic,basic,mobile
USR-000286,46,female,SEOUL,2024-12-15T18:52:00+09:00,social,basic,mobile
USR-000287,27,female,SEOUL,2026-04-04T07:27:00+09:00,social,basic,mobile
USR-000288,45,female,GYEONGGI,2024-10-10T07:26:00+09:00,organic,plus,desktop
USR-000289,28,female,BUSAN,2026-04-27T23:54:00+09:00,social,basic,mobile
USR-000290,66,female,GYEONGGI,2025-01-03T08:52:00+09:00,referral,basic,desktop
USR-000291,19,female,DAEGU,2025-04-01T02:09:00+09:00,direct,premium,mobile
USR-000292,33,male,BUSAN,2024-09-11T11:50:00+09:00,affiliate,plus,mobile
USR-000293,27,male,DAEGU,2025-01-18T08:08:00+09:00,affiliate,plus,mobile
USR-000294,41,male,SEOUL,2024-10-25T14:01:00+09:00,social,basic,mobile
USR-000295,33,female,INCHEON,2025-05-21T11:23:00+09:00,paid_search,basic,desktop
USR-000296,56,female,GYEONGGI,2026-01-28T00:33:00+09:00,email,basic,tablet
USR-000297,60,female,SEOUL,2025-03-04T19:33:00+09:00,direct,basic,mobile
USR-000298,35,male,GYEONGGI,2024-11-03T18:19:00+09:00,email,vip,mobile
USR-000299,68,male,GYEONGGI,2025-07-27T19:47:00+09:00,affiliate,plus,desktop
USR-000300,31,male,SEOUL,2025-09-22T15:49:00+09:00,affiliate,basic,mobile
USR-000301,28,male,SEOUL,2025-11-24T06:28:00+09:00,organic,basic,mobile
USR-000302,64,male,SEOUL,2024-07-15T21:27:00+09:00,organic,basic,mobile
USR-000303,30,female,INCHEON,2025-09-08T16:04:00+09:00,affiliate,basic,tablet
USR-000304,33,female,SEOUL,2025-05-06T18:50:00+09:00,affiliate,basic,tablet
USR-000305,37,male,OTHER,2025-04-08T18:39:00+09:00,affiliate,basic,mobile
USR-000306,30,male,SEOUL,2025-07-29T09:39:00+09:00,paid_search,premium,mobile
USR-000307,24,male,SEOUL,2026-01-20T14:11:00+09:00,email,basic,mobile
USR-000308,57,male,SEOUL,2025-02-14T11:44:00+09:00,referral,basic,tablet
USR-000309,61,male,BUSAN,2024-07-08T21:58:00+09:00,direct,basic,mobile
USR-000310,55,male,DAEJEON,2025-12-27T06:31:00+09:00,social,vip,desktop
USR-000311,31,male,BUSAN,2025-10-28T10:10:00+09:00,email,basic,mobile
USR-000312,26,male,GYEONGGI,2025-08-16T13:35:00+09:00,email,plus,mobile
USR-000313,57,male,SEOUL,2026-01-06T13:23:00+09:00,referral,basic,desktop
USR-000314,36,female,SEOUL,2024-08-03T00:15:00+09:00,referral,premium,tablet
USR-000315,36,female,BUSAN,2025-08-06T08:39:00+09:00,organic,basic,mobile
USR-000316,43,male,OTHER,2025-02-27T12:57:00+09:00,organic,basic,desktop
USR-000317,33,male,DAEGU,2025-05-18T07:24:00+09:00,social,basic,mobile
USR-000318,66,female,GYEONGGI,2025-08-16T19:04:00+09:00,paid_search,plus,mobile
USR-000319,30,female,GYEONGGI,2025-03-14T14:18:00+09:00,email,vip,desktop
USR-000320,23,female,GYEONGGI,2024-12-04T18:19:00+09:00,referral,plus,desktop
USR-000321,26,female,GYEONGGI,2026-03-04T06:51:00+09:00,social,basic,mobile
USR-000322,41,male,SEOUL,2025-01-09T12:11:00+09:00,email,plus,mobile
USR-000323,47,male,BUSAN,2025-06-17T04:32:00+09:00,social,basic,mobile
USR-000324,36,female,SEOUL,2025-11-02T17:42:00+09:00,organic,basic,mobile
USR-000325,38,male,GYEONGGI,2025-07-29T20:45:00+09:00,organic,basic,mobile
USR-000326,31,male,SEOUL,2025-10-03T11:05:00+09:00,organic,basic,mobile
USR-000327,28,male,GYEONGGI,2026-03-01T00:20:00+09:00,email,basic,mobile
USR-000328,47,male,OTHER,2024-11-09T23:31:00+09:00,referral,basic,mobile
USR-000329,32,male,SEOUL,2024-10-16T02:35:00+09:00,paid_search,plus,mobile
USR-000330,31,male,BUSAN,2025-07-20T21:43:00+09:00,email,plus,mobile
USR-000331,41,male,SEOUL,2026-05-10T06:19:00+09:00,paid_search,basic,desktop
USR-000332,19,female,GYEONGGI,2024-09-12T08:09:00+09:00,paid_search,basic,desktop
USR-000333,32,female,SEOUL,2026-03-03T02:35:00+09:00,organic,basic,mobile
USR-000334,63,male,DAEJEON,2024-08-24T04:19:00+09:00,affiliate,premium,mobile
USR-000335,62,male,OTHER,2025-05-18T03:46:00+09:00,organic,plus,desktop
USR-000336,55,male,GYEONGGI,2026-05-03T14:03:00+09:00,organic,basic,mobile
USR-000337,60,female,DAEJEON,2025-07-12T03:51:00+09:00,email,basic,mobile
USR-000338,48,male,OTHER,2025-08-14T14:43:00+09:00,social,basic,mobile
USR-000339,35,female,SEOUL,2025-10-06T17:56:00+09:00,paid_search,plus,mobile
USR-000340,26,female,DAEGU,2026-02-12T11:13:00+09:00,affiliate,plus,desktop
USR-000341,46,female,GYEONGGI,2024-11-08T10:03:00+09:00,referral,basic,mobile
USR-000342,19,male,BUSAN,2025-03-31T20:16:00+09:00,email,premium,mobile
USR-000343,69,male,SEOUL,2025-12-15T05:31:00+09:00,organic,basic,mobile
USR-000344,22,male,SEOUL,2026-05-20T01:37:00+09:00,referral,basic,mobile
USR-000345,69,female,BUSAN,2024-11-14T08:18:00+09:00,email,basic,desktop
USR-000346,38,female,GYEONGGI,2026-01-02T12:51:00+09:00,referral,basic,mobile
USR-000347,41,female,GWANGJU,2025-09-22T17:10:00+09:00,social,basic,mobile
USR-000348,40,unknown,GYEONGGI,2025-09-24T19:39:00+09:00,paid_search,premium,mobile
USR-000349,23,female,DAEGU,2025-11-01T23:28:00+09:00,social,basic,mobile
USR-000350,30,male,SEOUL,2025-09-16T15:38:00+09:00,social,plus,desktop
USR-000351,21,female,GYEONGGI,2025-07-03T16:20:00+09:00,referral,premium,mobile
USR-000352,21,female,GYEONGGI,2025-12-09T03:14:00+09:00,organic,plus,mobile
USR-000353,21,female,GYEONGGI,2026-05-03T10:53:00+09:00,social,basic,mobile
USR-000354,33,male,GYEONGGI,2024-11-15T19:03:00+09:00,referral,basic,mobile
USR-000355,43,male,DAEGU,2024-12-12T09:28:00+09:00,organic,basic,desktop
USR-000356,46,female,SEOUL,2025-04-26T00:10:00+09:00,email,plus,mobile
USR-000357,26,male,SEOUL,2026-03-16T15:21:00+09:00,direct,basic,tablet
USR-000358,25,male,SEOUL,2025-07-09T06:22:00+09:00,social,basic,mobile
USR-000359,25,female,GYEONGGI,2025-02-04T16:59:00+09:00,social,premium,desktop
USR-000360,32,female,GYEONGGI,2024-09-21T09:57:00+09:00,social,plus,mobile
USR-000361,62,male,GYEONGGI,2024-10-22T19:51:00+09:00,referral,basic,mobile
USR-000362,33,male,SEOUL,2026-04-21T17:52:00+09:00,social,premium,mobile
USR-000363,58,female,INCHEON,2025-01-26T07:41:00+09:00,referral,basic,mobile
USR-000364,28,male,GWANGJU,2026-05-04T06:58:00+09:00,social,basic,mobile
USR-000365,62,female,GYEONGGI,2026-06-26T01:50:00+09:00,social,basic,mobile
USR-000366,51,male,GYEONGGI,2026-03-02T14:13:00+09:00,organic,basic,mobile
USR-000367,25,female,INCHEON,2024-10-15T02:45:00+09:00,organic,plus,mobile
USR-000368,23,female,SEOUL,2025-07-15T16:12:00+09:00,direct,basic,mobile
USR-000369,44,male,GYEONGGI,2026-02-07T14:08:00+09:00,social,basic,desktop
USR-000370,53,male,GYEONGGI,2026-04-18T14:44:00+09:00,email,plus,mobile
USR-000371,60,male,GYEONGGI,2025-02-14T03:59:00+09:00,email,plus,mobile
USR-000372,61,male,GWANGJU,2026-04-28T17:04:00+09:00,social,plus,desktop
USR-000373,18,female,GYEONGGI,2026-04-03T14:44:00+09:00,social,basic,desktop
USR-000374,20,male,DAEGU,2025-03-10T18:11:00+09:00,organic,basic,tablet
USR-000375,25,female,GYEONGGI,2025-08-15T14:39:00+09:00,organic,basic,mobile
USR-000376,21,male,BUSAN,2026-04-20T00:09:00+09:00,organic,basic,desktop
USR-000377,25,female,SEOUL,2025-03-02T10:58:00+09:00,referral,basic,desktop
USR-000378,54,female,BUSAN,2026-04-20T12:01:00+09:00,paid_search,basic,mobile
USR-000379,25,female,SEOUL,2024-07-06T08:21:00+09:00,social,basic,mobile
USR-000380,49,female,INCHEON,2025-04-26T23:53:00+09:00,email,plus,mobile
USR-000381,26,male,GYEONGGI,2025-06-10T20:29:00+09:00,organic,premium,mobile
USR-000382,56,male,INCHEON,2024-09-30T17:11:00+09:00,organic,basic,mobile
USR-000383,18,male,GYEONGGI,2026-05-17T12:04:00+09:00,social,plus,mobile
USR-000384,43,male,DAEJEON,2025-06-13T07:04:00+09:00,organic,basic,mobile
USR-000385,20,female,BUSAN,2024-12-21T08:39:00+09:00,paid_search,basic,mobile
USR-000386,22,male,SEOUL,2025-02-22T20:00:00+09:00,social,basic,mobile
USR-000387,40,male,SEOUL,2026-02-15T23:40:00+09:00,paid_search,premium,desktop
USR-000388,45,male,BUSAN,2024-10-04T09:24:00+09:00,direct,plus,desktop
USR-000389,40,female,GYEONGGI,2024-12-31T20:01:00+09:00,referral,premium,mobile
USR-000390,19,male,BUSAN,2024-07-26T18:47:00+09:00,organic,basic,mobile
USR-000391,53,male,SEOUL,2025-10-05T18:22:00+09:00,referral,basic,desktop
USR-000392,25,male,INCHEON,2025-09-22T19:22:00+09:00,social,premium,mobile
USR-000393,44,female,INCHEON,2024-09-20T17:08:00+09:00,paid_search,basic,mobile
USR-000394,68,male,SEOUL,2025-06-17T08:06:00+09:00,paid_search,basic,desktop
USR-000395,62,female,SEOUL,2026-02-19T18:28:00+09:00,organic,plus,mobile
USR-000396,41,male,SEOUL,2026-05-26T05:36:00+09:00,affiliate,basic,mobile
USR-000397,64,female,SEOUL,2024-12-12T14:34:00+09:00,organic,premium,tablet
USR-000398,43,male,GYEONGGI,2024-10-23T13:53:00+09:00,organic,basic,mobile
USR-000399,48,female,GYEONGGI,2025-05-26T05:16:00+09:00,affiliate,vip,mobile
USR-000400,34,female,SEOUL,2025-11-17T00:01:00+09:00,organic,basic,mobile
USR-000401,40,male,SEOUL,2026-03-14T17:55:00+09:00,social,basic,mobile
USR-000402,31,male,SEOUL,2025-09-06T05:11:00+09:00,social,basic,mobile
USR-000403,47,female,SEOUL,2024-11-27T04:33:00+09:00,organic,basic,mobile
USR-000404,39,male,SEOUL,2025-01-19T03:41:00+09:00,organic,basic,mobile
USR-000405,56,male,OTHER,2026-05-14T09:05:00+09:00,social,basic,mobile
USR-000406,37,female,BUSAN,2025-08-13T01:48:00+09:00,organic,plus,desktop
USR-000407,46,male,DAEJEON,2026-03-08T17:00:00+09:00,organic,basic,mobile
USR-000408,31,male,SEOUL,2024-10-14T18:48:00+09:00,social,basic,tablet
USR-000409,64,female,SEOUL,2024-12-10T08:13:00+09:00,referral,basic,desktop
USR-000410,21,male,INCHEON,2025-11-11T18:58:00+09:00,affiliate,basic,mobile
USR-000411,39,female,BUSAN,2025-05-29T16:46:00+09:00,affiliate,basic,desktop
USR-000412,45,male,SEOUL,2025-10-14T02:01:00+09:00,affiliate,plus,mobile
USR-000413,21,female,GYEONGGI,2026-03-01T03:19:00+09:00,paid_search,premium,mobile
USR-000414,46,female,BUSAN,2025-08-03T14:38:00+09:00,direct,basic,mobile
USR-000415,56,male,BUSAN,2025-01-31T20:45:00+09:00,organic,basic,mobile
USR-000416,36,male,SEOUL,2026-02-15T08:52:00+09:00,email,basic,mobile
USR-000417,31,male,SEOUL,2025-03-25T16:32:00+09:00,social,vip,mobile
USR-000418,23,male,SEOUL,2025-01-29T19:12:00+09:00,email,basic,mobile
USR-000419,53,male,SEOUL,2025-01-16T09:03:00+09:00,organic,basic,mobile
USR-000420,32,female,BUSAN,2024-09-04T19:30:00+09:00,email,basic,mobile
USR-000421,21,female,SEOUL,2024-09-29T02:35:00+09:00,affiliate,premium,mobile
USR-000422,49,unknown,SEOUL,2025-06-08T17:41:00+09:00,email,basic,desktop
USR-000423,32,female,GYEONGGI,2026-03-16T01:52:00+09:00,direct,vip,mobile
USR-000424,27,male,GYEONGGI,2026-03-22T19:39:00+09:00,direct,basic,mobile
USR-000425,63,male,GYEONGGI,2026-02-13T23:10:00+09:00,organic,plus,tablet
USR-000426,23,female,GYEONGGI,2025-02-17T17:20:00+09:00,organic,basic,mobile
USR-000427,57,female,BUSAN,2025-12-30T10:31:00+09:00,referral,plus,mobile
USR-000428,51,female,GYEONGGI,2024-07-01T23:07:00+09:00,direct,basic,mobile
USR-000429,37,male,OTHER,2026-04-05T06:28:00+09:00,paid_search,basic,tablet
USR-000430,28,female,DAEJEON,2026-05-05T17:01:00+09:00,direct,basic,mobile
USR-000431,38,male,GYEONGGI,2026-03-31T04:50:00+09:00,referral,basic,mobile
USR-000432,36,female,BUSAN,2024-09-23T10:39:00+09:00,affiliate,basic,mobile
USR-000433,20,female,SEOUL,2024-11-17T06:24:00+09:00,paid_search,plus,mobile
USR-000434,25,female,SEOUL,2024-10-27T01:18:00+09:00,organic,plus,desktop
USR-000435,37,female,SEOUL,2024-09-24T23:18:00+09:00,affiliate,basic,desktop
USR-000436,63,female,SEOUL,2024-07-07T13:25:00+09:00,affiliate,basic,mobile
USR-000437,27,female,GYEONGGI,2025-02-04T09:03:00+09:00,email,basic,desktop
USR-000438,18,female,GYEONGGI,2026-04-30T03:28:00+09:00,paid_search,basic,desktop
USR-000439,33,female,GWANGJU,2025-04-11T22:09:00+09:00,social,basic,mobile
USR-000440,25,male,DAEGU,2026-03-31T16:56:00+09:00,referral,plus,mobile
USR-000441,33,female,DAEJEON,2025-10-07T10:03:00+09:00,affiliate,basic,mobile
USR-000442,22,female,DAEGU,2024-07-09T10:00:00+09:00,social,basic,mobile
USR-000443,40,female,GYEONGGI,2025-07-09T02:33:00+09:00,direct,plus,mobile
USR-000444,53,female,SEOUL,2026-03-15T23:00:00+09:00,paid_search,plus,mobile
USR-000445,60,female,BUSAN,2025-07-30T23:05:00+09:00,paid_search,basic,desktop
USR-000446,52,female,INCHEON,2025-06-24T17:32:00+09:00,social,premium,desktop
USR-000447,40,male,SEOUL,2025-02-11T16:52:00+09:00,paid_search,basic,desktop
USR-000448,20,male,SEOUL,2025-02-15T20:21:00+09:00,organic,plus,mobile
USR-000449,34,female,GYEONGGI,2024-07-24T18:25:00+09:00,social,premium,mobile
USR-000450,50,female,SEOUL,2026-06-08T23:17:00+09:00,organic,plus,mobile
USR-000451,36,female,SEOUL,2024-09-06T09:28:00+09:00,organic,basic,mobile
USR-000452,33,male,SEOUL,2024-12-12T01:52:00+09:00,direct,basic,mobile
USR-000453,44,male,BUSAN,2025-06-27T14:05:00+09:00,paid_search,plus,mobile
USR-000454,25,male,SEOUL,2024-09-17T05:51:00+09:00,direct,basic,mobile
USR-000455,24,female,INCHEON,2024-07-18T11:40:00+09:00,organic,basic,desktop
USR-000456,23,male,DAEGU,2024-08-30T02:48:00+09:00,direct,plus,mobile
USR-000457,25,male,GYEONGGI,2024-09-02T09:32:00+09:00,direct,basic,mobile
USR-000458,33,female,SEOUL,2025-04-18T04:22:00+09:00,affiliate,basic,mobile
USR-000459,63,male,BUSAN,2025-11-07T14:27:00+09:00,referral,basic,desktop
USR-000460,57,male,INCHEON,2026-06-24T06:39:00+09:00,affiliate,plus,tablet
USR-000461,73,male,GYEONGGI,2024-12-05T04:29:00+09:00,affiliate,vip,desktop
USR-000462,27,male,SEOUL,2026-02-16T09:23:00+09:00,social,basic,mobile
USR-000463,27,male,BUSAN,2025-07-14T13:33:00+09:00,organic,basic,mobile
USR-000464,28,female,DAEJEON,2026-01-19T04:08:00+09:00,paid_search,basic,mobile
USR-000465,29,female,GYEONGGI,2025-11-24T05:00:00+09:00,social,vip,mobile
USR-000466,62,male,GYEONGGI,2025-07-09T01:26:00+09:00,paid_search,plus,desktop
USR-000467,52,female,GYEONGGI,2026-03-28T21:10:00+09:00,social,basic,desktop
USR-000468,25,female,GYEONGGI,2026-05-04T18:48:00+09:00,affiliate,plus,mobile
USR-000469,60,female,INCHEON,2024-10-24T13:19:00+09:00,organic,basic,mobile
USR-000470,30,male,GYEONGGI,2024-11-20T10:03:00+09:00,social,plus,mobile
USR-000471,55,unknown,GWANGJU,2025-07-09T05:06:00+09:00,organic,plus,desktop
USR-000472,33,female,GYEONGGI,2026-05-19T00:07:00+09:00,social,basic,mobile
USR-000473,29,female,BUSAN,2025-04-19T13:17:00+09:00,affiliate,basic,mobile
USR-000474,25,female,GYEONGGI,2024-07-10T20:59:00+09:00,organic,basic,mobile
USR-000475,43,male,DAEGU,2024-11-06T09:35:00+09:00,social,basic,desktop
USR-000476,18,male,SEOUL,2026-03-03T04:17:00+09:00,organic,basic,mobile
USR-000477,29,female,SEOUL,2025-11-11T13:48:00+09:00,direct,basic,mobile
USR-000478,23,female,GYEONGGI,2026-05-25T17:55:00+09:00,organic,premium,mobile
USR-000479,25,female,OTHER,2026-06-06T18:49:00+09:00,email,plus,mobile
USR-000480,39,female,SEOUL,2024-08-10T15:44:00+09:00,affiliate,plus,mobile
USR-000481,29,female,BUSAN,2025-11-23T09:01:00+09:00,paid_search,basic,mobile
USR-000482,41,female,SEOUL,2025-03-14T14:36:00+09:00,affiliate,basic,tablet
USR-000483,58,female,SEOUL,2025-10-30T23:07:00+09:00,social,plus,mobile
USR-000484,39,female,GYEONGGI,2024-11-24T09:41:00+09:00,paid_search,basic,mobile
USR-000485,29,male,OTHER,2026-01-11T23:48:00+09:00,direct,basic,desktop
USR-000486,21,female,SEOUL,2025-11-19T11:23:00+09:00,referral,basic,mobile
USR-000487,36,male,OTHER,2025-07-16T12:11:00+09:00,organic,basic,mobile
USR-000488,34,male,GYEONGGI,2025-08-05T04:12:00+09:00,affiliate,basic,mobile
USR-000489,35,male,INCHEON,2024-08-21T07:45:00+09:00,organic,basic,mobile
USR-000490,35,female,GYEONGGI,2026-06-26T23:31:00+09:00,organic,basic,mobile
USR-000491,33,male,GYEONGGI,2024-11-25T12:04:00+09:00,organic,basic,mobile
USR-000492,19,male,SEOUL,2025-09-17T11:20:00+09:00,social,basic,mobile
USR-000493,54,male,BUSAN,2025-08-03T20:15:00+09:00,direct,premium,mobile
USR-000494,40,female,OTHER,2026-02-01T19:15:00+09:00,paid_search,premium,mobile
USR-000495,21,male,GWANGJU,2025-09-16T16:25:00+09:00,social,plus,desktop
USR-000496,44,female,DAEGU,2025-04-01T04:11:00+09:00,paid_search,premium,mobile
USR-000497,41,female,SEOUL,2025-12-06T15:19:00+09:00,direct,basic,desktop
USR-000498,52,female,SEOUL,2026-03-22T10:55:00+09:00,organic,plus,desktop
USR-000499,34,male,SEOUL,2025-01-23T22:29:00+09:00,email,plus,mobile
USR-000500,30,female,BUSAN,2025-03-22T03:54:00+09:00,social,plus,mobile
USR-000501,42,male,GYEONGGI,2026-01-25T01:49:00+09:00,organic,basic,mobile
USR-000502,61,female,GYEONGGI,2025-09-26T06:05:00+09:00,organic,basic,mobile
USR-000503,43,female,SEOUL,2025-09-23T19:16:00+09:00,paid_search,basic,mobile
USR-000504,54,female,SEOUL,2026-01-15T13:55:00+09:00,direct,premium,mobile
USR-000505,39,male,DAEGU,2025-03-03T20:22:00+09:00,social,basic,desktop
USR-000506,23,male,SEOUL,2025-04-14T09:43:00+09:00,organic,basic,desktop
USR-000507,35,male,SEOUL,2026-03-26T05:02:00+09:00,affiliate,basic,desktop
USR-000508,49,female,BUSAN,2025-01-04T07:05:00+09:00,direct,basic,mobile
USR-000509,43,female,GYEONGGI,2025-10-02T07:03:00+09:00,referral,basic,tablet
USR-000510,29,female,GYEONGGI,2025-04-24T10:47:00+09:00,direct,basic,mobile
USR-000511,26,male,OTHER,2024-08-27T23:52:00+09:00,referral,plus,mobile
USR-000512,27,female,SEOUL,2025-05-19T12:19:00+09:00,direct,basic,mobile
USR-000513,26,female,SEOUL,2024-10-27T11:33:00+09:00,direct,premium,mobile
USR-000514,25,female,INCHEON,2025-08-28T05:59:00+09:00,organic,basic,mobile
USR-000515,29,male,GYEONGGI,2025-03-04T21:31:00+09:00,social,basic,desktop
USR-000516,34,male,SEOUL,2026-01-28T05:44:00+09:00,organic,basic,mobile
USR-000517,26,female,GYEONGGI,2026-01-29T02:58:00+09:00,paid_search,basic,mobile
USR-000518,56,female,SEOUL,2026-02-09T23:25:00+09:00,organic,basic,mobile
USR-000519,61,female,INCHEON,2024-09-11T23:25:00+09:00,paid_search,basic,desktop
USR-000520,27,female,GYEONGGI,2025-01-06T16:06:00+09:00,organic,basic,mobile
USR-000521,26,female,GWANGJU,2025-09-06T09:39:00+09:00,affiliate,basic,desktop
USR-000522,41,female,GYEONGGI,2025-12-15T10:46:00+09:00,organic,plus,mobile
USR-000523,42,female,DAEGU,2025-12-15T03:57:00+09:00,referral,basic,mobile
USR-000524,60,female,GYEONGGI,2026-03-11T04:15:00+09:00,paid_search,basic,desktop
USR-000525,48,female,GYEONGGI,2025-05-22T09:59:00+09:00,paid_search,basic,mobile
USR-000526,26,female,INCHEON,2026-05-26T08:53:00+09:00,organic,premium,mobile
USR-000527,67,male,DAEJEON,2026-04-17T18:01:00+09:00,paid_search,basic,desktop
USR-000528,30,female,DAEGU,2025-12-14T21:34:00+09:00,paid_search,basic,mobile
USR-000529,32,female,GYEONGGI,2025-10-01T06:48:00+09:00,organic,basic,desktop
USR-000530,21,male,DAEJEON,2025-04-29T14:20:00+09:00,organic,plus,mobile
USR-000531,39,male,SEOUL,2025-01-07T09:50:00+09:00,organic,vip,mobile
USR-000532,42,male,GYEONGGI,2025-03-09T05:39:00+09:00,organic,basic,mobile
USR-000533,32,male,DAEJEON,2026-03-31T15:49:00+09:00,paid_search,plus,mobile
USR-000534,52,male,SEOUL,2025-03-13T00:29:00+09:00,organic,plus,desktop
USR-000535,42,male,GYEONGGI,2025-05-18T09:42:00+09:00,direct,basic,desktop
USR-000536,23,male,GYEONGGI,2026-02-25T22:22:00+09:00,social,plus,mobile
USR-000537,23,male,SEOUL,2026-02-15T18:12:00+09:00,referral,plus,mobile
USR-000538,23,female,SEOUL,2026-06-08T15:46:00+09:00,direct,basic,mobile
USR-000539,74,female,SEOUL,2024-11-07T09:31:00+09:00,affiliate,basic,desktop
USR-000540,41,female,SEOUL,2025-05-07T12:36:00+09:00,organic,basic,mobile
USR-000541,28,male,GWANGJU,2024-08-20T17:32:00+09:00,organic,plus,mobile
USR-000542,19,male,SEOUL,2026-06-09T11:57:00+09:00,referral,basic,desktop
USR-000543,51,female,GYEONGGI,2024-09-26T17:19:00+09:00,direct,basic,mobile
USR-000544,41,female,SEOUL,2024-12-25T15:32:00+09:00,paid_search,basic,mobile
USR-000545,44,female,SEOUL,2025-08-07T06:14:00+09:00,paid_search,plus,desktop
USR-000546,28,female,BUSAN,2025-04-16T10:12:00+09:00,organic,vip,mobile
USR-000547,51,male,SEOUL,2025-10-31T13:06:00+09:00,referral,basic,mobile
USR-000548,42,female,GYEONGGI,2025-10-31T07:58:00+09:00,direct,basic,tablet
USR-000549,35,male,GYEONGGI,2025-11-06T02:05:00+09:00,referral,premium,desktop
USR-000550,33,female,BUSAN,2026-01-21T06:08:00+09:00,paid_search,basic,mobile
USR-000551,27,unknown,GYEONGGI,2025-08-05T16:28:00+09:00,organic,plus,desktop
USR-000552,32,male,SEOUL,2026-05-27T08:15:00+09:00,organic,basic,mobile
USR-000553,24,female,DAEGU,2024-12-17T08:22:00+09:00,organic,plus,mobile
USR-000554,45,female,SEOUL,2026-03-18T08:26:00+09:00,email,basic,desktop
USR-000555,36,male,GYEONGGI,2025-01-31T15:01:00+09:00,organic,basic,mobile
USR-000556,44,male,INCHEON,2024-07-19T09:21:00+09:00,referral,basic,mobile
USR-000557,39,female,DAEGU,2025-01-12T00:38:00+09:00,affiliate,basic,tablet
USR-000558,33,male,SEOUL,2026-01-08T19:51:00+09:00,organic,basic,mobile
USR-000559,35,female,GYEONGGI,2024-10-21T21:40:00+09:00,paid_search,basic,desktop
USR-000560,41,female,SEOUL,2025-01-29T22:09:00+09:00,direct,basic,desktop
USR-000561,33,female,SEOUL,2024-08-11T01:50:00+09:00,email,plus,mobile
USR-000562,23,male,BUSAN,2026-02-14T12:54:00+09:00,social,basic,mobile
USR-000563,49,male,SEOUL,2024-11-06T18:20:00+09:00,paid_search,plus,mobile
USR-000564,29,male,BUSAN,2026-03-02T16:48:00+09:00,paid_search,basic,mobile
USR-000565,59,male,SEOUL,2025-01-29T21:41:00+09:00,referral,premium,mobile
USR-000566,51,male,GYEONGGI,2024-07-06T11:06:00+09:00,affiliate,basic,mobile
USR-000567,55,female,BUSAN,2026-02-22T06:05:00+09:00,direct,basic,desktop
USR-000568,29,male,BUSAN,2025-11-23T10:49:00+09:00,paid_search,basic,mobile
USR-000569,21,male,GYEONGGI,2025-03-19T11:22:00+09:00,email,basic,mobile
USR-000570,30,unknown,DAEJEON,2026-04-14T18:00:00+09:00,organic,plus,mobile
USR-000571,62,female,DAEGU,2024-08-07T06:49:00+09:00,organic,premium,mobile
USR-000572,42,female,GYEONGGI,2025-03-31T00:12:00+09:00,organic,basic,desktop
USR-000573,40,female,SEOUL,2025-08-21T19:53:00+09:00,social,basic,mobile
USR-000574,41,female,SEOUL,2024-11-27T18:22:00+09:00,social,premium,tablet
USR-000575,19,male,GWANGJU,2024-07-24T00:40:00+09:00,paid_search,basic,mobile
USR-000576,48,female,GYEONGGI,2026-03-28T00:01:00+09:00,referral,plus,mobile
USR-000577,48,male,GYEONGGI,2025-04-09T16:24:00+09:00,affiliate,basic,mobile
USR-000578,36,male,SEOUL,2025-07-18T08:11:00+09:00,referral,plus,desktop
USR-000579,30,male,SEOUL,2026-06-14T16:00:00+09:00,affiliate,plus,mobile
USR-000580,36,male,SEOUL,2025-10-22T03:11:00+09:00,direct,basic,mobile
USR-000581,51,male,SEOUL,2025-10-19T11:24:00+09:00,organic,premium,desktop
USR-000582,49,male,SEOUL,2025-09-11T16:16:00+09:00,paid_search,premium,mobile
USR-000583,38,male,SEOUL,2025-01-20T09:58:00+09:00,organic,plus,desktop
USR-000584,30,male,SEOUL,2025-07-25T20:42:00+09:00,direct,basic,desktop
USR-000585,32,male,DAEJEON,2026-05-31T00:28:00+09:00,direct,basic,mobile
USR-000586,23,male,GWANGJU,2026-05-21T05:14:00+09:00,paid_search,plus,mobile
USR-000587,25,male,GYEONGGI,2026-03-02T14:46:00+09:00,social,basic,mobile
USR-000588,53,female,GYEONGGI,2025-12-02T04:42:00+09:00,social,basic,desktop
USR-000589,36,female,GYEONGGI,2025-05-10T01:23:00+09:00,paid_search,plus,mobile
USR-000590,41,female,GYEONGGI,2024-08-14T10:42:00+09:00,referral,basic,desktop
USR-000591,59,female,GYEONGGI,2025-03-27T18:32:00+09:00,social,basic,desktop
USR-000592,22,male,GYEONGGI,2026-01-11T13:18:00+09:00,organic,basic,mobile
USR-000593,23,female,OTHER,2025-05-29T10:50:00+09:00,direct,plus,mobile
USR-000594,41,female,BUSAN,2025-04-25T23:36:00+09:00,referral,plus,mobile
USR-000595,42,female,SEOUL,2025-05-08T11:04:00+09:00,paid_search,plus,mobile
USR-000596,21,male,GYEONGGI,2025-11-19T18:07:00+09:00,referral,basic,mobile
USR-000597,22,female,SEOUL,2026-05-10T20:26:00+09:00,paid_search,basic,mobile
USR-000598,54,female,GYEONGGI,2024-11-05T09:59:00+09:00,social,plus,mobile
USR-000599,34,male,DAEJEON,2025-09-18T03:46:00+09:00,paid_search,basic,mobile
USR-000600,52,female,BUSAN,2025-05-31T04:40:00+09:00,organic,plus,mobile
USR-000601,44,female,INCHEON,2025-11-09T11:39:00+09:00,paid_search,basic,desktop
USR-000602,20,male,DAEGU,2025-08-25T03:31:00+09:00,direct,basic,mobile
USR-000603,59,female,SEOUL,2025-11-23T05:24:00+09:00,organic,basic,mobile
USR-000604,29,female,SEOUL,2025-01-20T01:08:00+09:00,paid_search,basic,mobile
USR-000605,34,female,GYEONGGI,2025-10-29T10:04:00+09:00,social,plus,mobile
USR-000606,29,female,GYEONGGI,2024-07-02T20:13:00+09:00,email,basic,desktop
USR-000607,37,male,SEOUL,2025-11-17T05:24:00+09:00,organic,basic,mobile
USR-000608,54,male,BUSAN,2026-02-03T14:54:00+09:00,direct,basic,desktop
USR-000609,28,male,GYEONGGI,2024-11-28T07:36:00+09:00,paid_search,premium,mobile
USR-000610,25,female,SEOUL,2024-09-13T15:50:00+09:00,organic,plus,mobile
USR-000611,52,female,SEOUL,2024-10-22T05:36:00+09:00,social,basic,desktop
USR-000612,44,male,GYEONGGI,2025-08-05T09:16:00+09:00,email,plus,mobile
USR-000613,47,female,GYEONGGI,2025-08-21T20:56:00+09:00,referral,basic,mobile
USR-000614,68,female,GWANGJU,2026-05-15T10:49:00+09:00,email,plus,mobile
USR-000615,23,male,DAEJEON,2026-02-11T18:42:00+09:00,organic,vip,mobile
USR-000616,18,female,DAEGU,2024-08-22T23:59:00+09:00,paid_search,plus,mobile
USR-000617,47,male,INCHEON,2025-11-18T18:38:00+09:00,referral,basic,mobile
USR-000618,27,female,GYEONGGI,2025-08-26T03:44:00+09:00,paid_search,basic,mobile
USR-000619,41,female,DAEJEON,2025-02-26T10:36:00+09:00,direct,plus,mobile
USR-000620,38,male,SEOUL,2025-06-12T05:19:00+09:00,organic,basic,mobile
USR-000621,31,male,GYEONGGI,2024-11-06T20:20:00+09:00,social,premium,mobile
USR-000622,33,male,SEOUL,2026-03-15T22:21:00+09:00,direct,plus,mobile
USR-000623,20,female,OTHER,2025-12-11T16:46:00+09:00,email,basic,desktop
USR-000624,29,male,SEOUL,2025-12-22T09:28:00+09:00,referral,basic,mobile
USR-000625,49,unknown,GYEONGGI,2026-04-09T13:25:00+09:00,social,basic,mobile
USR-000626,22,male,DAEJEON,2024-10-02T20:08:00+09:00,paid_search,basic,desktop
USR-000627,40,male,SEOUL,2024-07-05T01:05:00+09:00,paid_search,basic,mobile
USR-000628,25,male,GYEONGGI,2025-08-25T06:57:00+09:00,paid_search,basic,mobile
USR-000629,54,female,SEOUL,2025-05-10T20:40:00+09:00,organic,basic,mobile
USR-000630,18,female,SEOUL,2025-02-21T23:44:00+09:00,organic,basic,mobile
USR-000631,26,male,GYEONGGI,2026-01-30T03:42:00+09:00,organic,basic,mobile
USR-000632,25,male,GYEONGGI,2026-05-16T22:10:00+09:00,affiliate,premium,desktop
USR-000633,28,male,SEOUL,2025-12-16T00:21:00+09:00,paid_search,premium,tablet
USR-000634,38,female,SEOUL,2025-12-01T21:19:00+09:00,paid_search,basic,desktop
USR-000635,42,female,GYEONGGI,2026-04-18T15:52:00+09:00,direct,basic,mobile
USR-000636,34,male,DAEGU,2026-05-08T15:28:00+09:00,organic,basic,mobile
USR-000637,28,female,INCHEON,2026-02-10T14:03:00+09:00,paid_search,basic,desktop
USR-000638,73,female,GYEONGGI,2024-10-16T08:14:00+09:00,affiliate,plus,mobile
USR-000639,47,female,GYEONGGI,2025-08-22T14:42:00+09:00,organic,basic,desktop
USR-000640,27,female,GYEONGGI,2024-09-10T05:56:00+09:00,paid_search,plus,desktop
USR-000641,24,male,BUSAN,2024-08-16T15:37:00+09:00,referral,plus,mobile
USR-000642,22,female,SEOUL,2025-02-04T09:16:00+09:00,paid_search,basic,mobile
USR-000643,37,male,GYEONGGI,2026-06-17T06:39:00+09:00,direct,plus,mobile
USR-000644,71,unknown,SEOUL,2025-11-21T07:51:00+09:00,affiliate,basic,desktop
USR-000645,24,female,GWANGJU,2025-04-07T07:14:00+09:00,direct,plus,mobile
USR-000646,21,male,GYEONGGI,2026-02-07T06:48:00+09:00,organic,basic,mobile
USR-000647,30,male,BUSAN,2024-10-07T12:40:00+09:00,referral,basic,mobile
USR-000648,27,female,INCHEON,2025-04-23T21:33:00+09:00,direct,plus,desktop
USR-000649,71,male,SEOUL,2026-03-07T02:49:00+09:00,social,basic,mobile
USR-000650,19,male,GYEONGGI,2025-12-31T18:20:00+09:00,paid_search,plus,mobile
USR-000651,46,male,SEOUL,2025-11-10T00:17:00+09:00,email,basic,desktop
USR-000652,34,male,GWANGJU,2024-08-23T16:00:00+09:00,email,basic,mobile
USR-000653,28,male,OTHER,2025-03-24T12:42:00+09:00,social,premium,mobile
USR-000654,43,male,INCHEON,2025-10-05T11:52:00+09:00,paid_search,plus,mobile
USR-000655,71,male,GYEONGGI,2024-07-07T13:41:00+09:00,referral,basic,mobile
USR-000656,35,female,GYEONGGI,2024-12-12T16:25:00+09:00,direct,basic,mobile
USR-000657,20,male,GWANGJU,2025-10-04T07:15:00+09:00,affiliate,premium,mobile
USR-000658,40,male,GYEONGGI,2025-08-03T07:26:00+09:00,direct,basic,mobile
USR-000659,38,female,BUSAN,2025-10-08T18:23:00+09:00,organic,plus,mobile
USR-000660,48,unknown,BUSAN,2026-04-12T12:38:00+09:00,paid_search,premium,mobile
USR-000661,44,male,GYEONGGI,2025-03-15T10:10:00+09:00,referral,basic,mobile
USR-000662,63,female,SEOUL,2025-04-10T21:36:00+09:00,organic,basic,desktop
USR-000663,34,male,SEOUL,2025-04-14T03:35:00+09:00,email,basic,desktop
USR-000664,25,female,DAEGU,2025-12-17T20:12:00+09:00,organic,basic,mobile
USR-000665,54,male,GYEONGGI,2025-06-15T04:20:00+09:00,paid_search,basic,mobile
USR-000666,21,female,GYEONGGI,2025-10-28T03:52:00+09:00,social,basic,desktop
USR-000667,55,female,GYEONGGI,2026-01-15T23:20:00+09:00,paid_search,plus,desktop
USR-000668,46,female,SEOUL,2024-11-11T16:45:00+09:00,paid_search,basic,mobile
USR-000669,36,female,DAEJEON,2026-01-13T23:55:00+09:00,direct,plus,mobile
USR-000670,41,male,BUSAN,2026-03-22T11:01:00+09:00,paid_search,plus,desktop
USR-000671,25,male,SEOUL,2025-05-26T15:44:00+09:00,email,basic,mobile
USR-000672,42,male,GYEONGGI,2024-10-27T15:34:00+09:00,social,basic,mobile
USR-000673,42,unknown,GYEONGGI,2025-02-03T08:12:00+09:00,paid_search,basic,mobile
USR-000674,42,female,DAEJEON,2025-08-09T04:12:00+09:00,paid_search,vip,mobile
USR-000675,26,male,SEOUL,2025-06-12T23:49:00+09:00,organic,basic,desktop
USR-000676,32,male,GYEONGGI,2024-07-06T19:47:00+09:00,referral,basic,mobile
USR-000677,38,female,BUSAN,2025-08-04T14:36:00+09:00,paid_search,basic,desktop
USR-000678,40,male,GYEONGGI,2025-05-28T16:30:00+09:00,paid_search,premium,desktop
USR-000679,21,female,SEOUL,2025-12-17T00:16:00+09:00,affiliate,vip,mobile
USR-000680,40,female,SEOUL,2024-08-14T12:33:00+09:00,email,basic,desktop
USR-000681,49,male,SEOUL,2025-03-08T21:50:00+09:00,paid_search,premium,desktop
USR-000682,27,female,GYEONGGI,2024-07-30T23:46:00+09:00,paid_search,basic,mobile
USR-000683,21,male,GYEONGGI,2026-06-21T07:21:00+09:00,social,vip,mobile
USR-000684,60,female,BUSAN,2025-11-02T02:49:00+09:00,affiliate,basic,mobile
USR-000685,63,male,SEOUL,2026-05-28T21:23:00+09:00,referral,basic,desktop
USR-000686,42,male,GYEONGGI,2025-02-09T04:45:00+09:00,organic,basic,mobile
USR-000687,52,male,BUSAN,2026-01-07T11:29:00+09:00,paid_search,basic,mobile
USR-000688,25,female,GYEONGGI,2026-03-11T00:04:00+09:00,organic,basic,desktop
USR-000689,41,male,GYEONGGI,2025-01-01T16:41:00+09:00,direct,plus,mobile
USR-000690,31,male,DAEJEON,2024-08-10T13:52:00+09:00,paid_search,basic,desktop
USR-000691,31,female,OTHER,2025-11-09T15:07:00+09:00,referral,basic,mobile
USR-000692,21,female,SEOUL,2025-12-03T05:52:00+09:00,referral,basic,mobile
USR-000693,21,female,GYEONGGI,2024-12-08T22:39:00+09:00,paid_search,basic,mobile
USR-000694,39,female,GYEONGGI,2024-09-07T23:24:00+09:00,social,basic,mobile
USR-000695,62,female,SEOUL,2025-03-18T05:59:00+09:00,paid_search,basic,desktop
USR-000696,30,female,SEOUL,2025-10-20T15:06:00+09:00,affiliate,basic,mobile
USR-000697,36,male,BUSAN,2024-07-25T07:51:00+09:00,organic,plus,mobile
USR-000698,32,female,DAEJEON,2025-12-21T19:30:00+09:00,email,basic,mobile
USR-000699,30,female,SEOUL,2025-08-08T11:58:00+09:00,social,plus,desktop
USR-000700,41,female,GYEONGGI,2025-03-21T13:36:00+09:00,social,vip,tablet
USR-000701,35,male,GYEONGGI,2025-08-09T18:07:00+09:00,organic,premium,desktop
USR-000702,57,male,SEOUL,2026-04-21T04:41:00+09:00,organic,basic,mobile
USR-000703,26,male,SEOUL,2024-11-26T19:01:00+09:00,social,premium,desktop
USR-000704,28,female,GYEONGGI,2026-05-20T08:13:00+09:00,referral,plus,mobile
USR-000705,34,female,SEOUL,2025-12-26T17:54:00+09:00,social,premium,desktop
USR-000706,44,female,GYEONGGI,2024-09-08T03:15:00+09:00,direct,plus,mobile
USR-000707,40,male,GYEONGGI,2025-06-23T23:19:00+09:00,organic,basic,mobile
USR-000708,32,female,GYEONGGI,2026-05-13T07:32:00+09:00,paid_search,basic,mobile
USR-000709,31,female,DAEJEON,2026-06-01T00:11:00+09:00,direct,basic,mobile
USR-000710,38,male,GWANGJU,2025-11-04T16:45:00+09:00,organic,basic,mobile
USR-000711,26,male,DAEGU,2024-12-10T21:28:00+09:00,referral,basic,tablet
USR-000712,20,male,SEOUL,2024-09-26T01:20:00+09:00,paid_search,vip,mobile
USR-000713,33,male,GYEONGGI,2025-10-09T16:53:00+09:00,paid_search,basic,mobile
USR-000714,34,male,INCHEON,2024-09-04T18:20:00+09:00,referral,basic,desktop
USR-000715,40,male,DAEGU,2024-11-20T11:30:00+09:00,organic,plus,desktop
USR-000716,19,female,SEOUL,2025-04-02T18:45:00+09:00,organic,plus,mobile
USR-000717,34,male,SEOUL,2026-05-13T15:14:00+09:00,direct,basic,mobile
USR-000718,30,male,DAEGU,2024-11-11T13:37:00+09:00,paid_search,vip,desktop
USR-000719,31,female,SEOUL,2024-08-01T22:56:00+09:00,social,basic,desktop
USR-000720,44,female,DAEJEON,2025-01-11T09:33:00+09:00,social,basic,tablet
USR-000721,32,female,GYEONGGI,2025-01-11T17:59:00+09:00,paid_search,basic,mobile
USR-000722,69,male,GYEONGGI,2024-09-22T08:43:00+09:00,social,basic,mobile
USR-000723,18,male,SEOUL,2026-03-05T14:34:00+09:00,paid_search,basic,mobile
USR-000724,23,male,SEOUL,2024-07-18T08:27:00+09:00,organic,premium,mobile
USR-000725,62,male,GYEONGGI,2025-02-17T19:36:00+09:00,paid_search,basic,desktop
USR-000726,50,male,GYEONGGI,2026-05-10T21:43:00+09:00,paid_search,basic,mobile
USR-000727,36,male,SEOUL,2024-08-28T13:23:00+09:00,organic,premium,mobile
USR-000728,21,female,SEOUL,2026-04-10T01:22:00+09:00,affiliate,basic,mobile
USR-000729,20,male,BUSAN,2024-12-23T04:59:00+09:00,referral,basic,mobile
USR-000730,36,female,SEOUL,2025-10-23T06:28:00+09:00,organic,basic,mobile
USR-000731,57,unknown,GYEONGGI,2024-09-19T08:32:00+09:00,paid_search,plus,desktop
USR-000732,61,female,INCHEON,2025-02-13T16:36:00+09:00,organic,basic,desktop
USR-000733,53,female,GYEONGGI,2024-10-02T19:45:00+09:00,social,basic,mobile
USR-000734,40,female,GYEONGGI,2024-10-17T21:42:00+09:00,organic,basic,mobile
USR-000735,41,female,DAEJEON,2025-07-31T21:48:00+09:00,affiliate,plus,mobile
USR-000736,31,male,GWANGJU,2025-03-07T22:45:00+09:00,social,plus,mobile
USR-000737,37,female,SEOUL,2025-02-12T20:52:00+09:00,paid_search,plus,desktop
USR-000738,30,male,GYEONGGI,2026-02-14T23:23:00+09:00,organic,basic,mobile
USR-000739,19,male,SEOUL,2025-02-20T05:34:00+09:00,paid_search,vip,mobile
USR-000740,29,female,GYEONGGI,2026-01-01T10:50:00+09:00,social,basic,mobile
USR-000741,25,female,SEOUL,2025-11-25T15:59:00+09:00,paid_search,basic,mobile
USR-000742,58,female,BUSAN,2024-08-03T12:01:00+09:00,referral,plus,desktop
USR-000743,19,male,SEOUL,2025-06-14T06:50:00+09:00,paid_search,premium,mobile
USR-000744,20,male,SEOUL,2026-03-03T03:40:00+09:00,email,basic,mobile
USR-000745,51,female,GYEONGGI,2025-06-25T14:24:00+09:00,referral,basic,desktop
USR-000746,32,female,GYEONGGI,2025-05-29T18:07:00+09:00,paid_search,basic,mobile
USR-000747,32,male,SEOUL,2025-09-30T15:15:00+09:00,direct,basic,tablet
USR-000748,20,male,SEOUL,2024-08-04T07:08:00+09:00,social,basic,mobile
USR-000749,64,male,BUSAN,2025-12-20T23:37:00+09:00,paid_search,basic,desktop
USR-000750,37,male,SEOUL,2025-08-12T06:26:00+09:00,referral,plus,desktop
USR-000751,61,male,SEOUL,2025-12-26T21:05:00+09:00,organic,basic,desktop
USR-000752,50,male,GYEONGGI,2025-06-23T00:00:00+09:00,paid_search,basic,desktop
USR-000753,51,male,GYEONGGI,2025-07-17T23:47:00+09:00,social,plus,mobile
USR-000754,18,female,SEOUL,2025-11-13T07:51:00+09:00,referral,basic,mobile
USR-000755,27,female,GYEONGGI,2025-10-01T13:30:00+09:00,direct,premium,desktop
USR-000756,18,male,SEOUL,2025-07-22T06:56:00+09:00,paid_search,vip,mobile
USR-000757,37,male,GYEONGGI,2025-11-02T21:07:00+09:00,social,basic,mobile
USR-000758,18,male,SEOUL,2025-07-01T14:23:00+09:00,organic,basic,mobile
USR-000759,54,female,GYEONGGI,2024-07-29T23:59:00+09:00,social,basic,mobile
USR-000760,25,male,BUSAN,2024-09-28T20:23:00+09:00,referral,basic,mobile
USR-000761,21,male,BUSAN,2025-12-28T20:46:00+09:00,organic,premium,mobile
USR-000762,44,female,SEOUL,2026-01-23T18:22:00+09:00,referral,plus,mobile
USR-000763,24,male,INCHEON,2025-08-11T08:56:00+09:00,social,basic,mobile
USR-000764,36,female,GWANGJU,2025-03-12T13:53:00+09:00,affiliate,plus,mobile
USR-000765,53,male,INCHEON,2025-05-17T08:10:00+09:00,social,basic,mobile
USR-000766,27,male,SEOUL,2024-10-23T19:07:00+09:00,referral,plus,mobile
USR-000767,22,male,GYEONGGI,2024-07-06T05:04:00+09:00,organic,basic,mobile
USR-000768,28,female,GYEONGGI,2025-12-27T04:14:00+09:00,organic,basic,mobile
USR-000769,25,female,OTHER,2026-06-01T12:44:00+09:00,email,vip,desktop
USR-000770,27,female,INCHEON,2024-07-20T19:23:00+09:00,affiliate,vip,mobile
USR-000771,26,female,DAEJEON,2025-03-15T06:24:00+09:00,organic,basic,mobile
USR-000772,64,male,SEOUL,2024-07-07T20:08:00+09:00,organic,plus,mobile
USR-000773,30,female,SEOUL,2025-03-24T07:35:00+09:00,organic,basic,mobile
USR-000774,19,male,DAEJEON,2024-10-01T23:12:00+09:00,organic,basic,desktop
USR-000775,28,male,BUSAN,2025-12-23T03:38:00+09:00,email,plus,desktop
USR-000776,30,male,GYEONGGI,2026-03-25T15:46:00+09:00,direct,basic,mobile
USR-000777,37,male,INCHEON,2025-07-22T15:32:00+09:00,email,basic,mobile
USR-000778,38,female,SEOUL,2025-12-23T06:10:00+09:00,email,premium,mobile
USR-000779,37,male,SEOUL,2024-12-26T17:31:00+09:00,affiliate,basic,mobile
USR-000780,64,unknown,GYEONGGI,2024-12-02T00:23:00+09:00,email,plus,mobile
USR-000781,21,male,GYEONGGI,2026-05-30T13:38:00+09:00,email,basic,mobile
USR-000782,61,male,SEOUL,2025-10-27T10:14:00+09:00,paid_search,premium,mobile
USR-000783,55,female,BUSAN,2025-10-21T10:01:00+09:00,direct,plus,mobile
USR-000784,50,female,BUSAN,2024-10-15T08:53:00+09:00,organic,basic,desktop
USR-000785,48,female,SEOUL,2025-10-05T01:15:00+09:00,organic,basic,tablet
USR-000786,57,female,GYEONGGI,2026-01-19T14:06:00+09:00,social,premium,mobile
USR-000787,35,male,DAEJEON,2025-05-24T13:08:00+09:00,email,plus,mobile
USR-000788,63,female,DAEGU,2025-09-07T10:23:00+09:00,organic,basic,desktop
USR-000789,32,female,GYEONGGI,2026-05-07T16:51:00+09:00,social,basic,mobile
USR-000790,25,male,BUSAN,2026-01-19T09:42:00+09:00,affiliate,basic,mobile
USR-000791,28,male,BUSAN,2025-04-13T10:21:00+09:00,email,vip,mobile
USR-000792,50,male,SEOUL,2025-01-10T05:34:00+09:00,direct,plus,mobile
USR-000793,21,female,INCHEON,2024-12-16T06:17:00+09:00,social,plus,mobile
USR-000794,46,female,GYEONGGI,2025-05-01T21:31:00+09:00,email,premium,mobile
USR-000795,49,male,GWANGJU,2024-08-23T13:00:00+09:00,social,premium,tablet
USR-000796,29,female,SEOUL,2025-05-01T05:41:00+09:00,direct,premium,mobile
USR-000797,36,female,GYEONGGI,2026-06-02T03:20:00+09:00,social,premium,desktop
USR-000798,52,female,SEOUL,2024-08-10T00:21:00+09:00,organic,premium,desktop
USR-000799,47,male,GYEONGGI,2025-08-01T04:03:00+09:00,referral,plus,mobile
USR-000800,74,female,INCHEON,2025-01-02T03:50:00+09:00,social,premium,mobile
USR-000801,25,female,SEOUL,2024-10-15T06:47:00+09:00,direct,vip,mobile
USR-000802,47,male,OTHER,2025-09-10T15:36:00+09:00,direct,basic,tablet
USR-000803,27,male,SEOUL,2025-02-28T14:57:00+09:00,referral,plus,mobile
USR-000804,26,male,GYEONGGI,2025-08-28T11:35:00+09:00,direct,plus,desktop
USR-000805,23,female,GYEONGGI,2026-01-04T04:03:00+09:00,direct,premium,mobile
USR-000806,33,female,SEOUL,2025-09-14T01:28:00+09:00,social,plus,desktop
USR-000807,36,female,GYEONGGI,2025-10-28T07:57:00+09:00,paid_search,basic,desktop
USR-000808,27,female,SEOUL,2024-07-16T15:17:00+09:00,affiliate,basic,mobile
USR-000809,50,male,SEOUL,2026-04-11T09:38:00+09:00,organic,plus,desktop
USR-000810,44,female,INCHEON,2024-09-16T02:22:00+09:00,social,premium,mobile
USR-000811,18,male,GYEONGGI,2025-09-13T08:37:00+09:00,paid_search,basic,mobile
USR-000812,27,female,SEOUL,2024-07-17T21:50:00+09:00,referral,basic,mobile
USR-000813,35,female,SEOUL,2025-08-09T13:12:00+09:00,organic,basic,desktop
USR-000814,63,male,BUSAN,2024-12-17T11:31:00+09:00,social,basic,desktop
USR-000815,45,male,GYEONGGI,2024-09-08T14:31:00+09:00,organic,plus,mobile
USR-000816,43,male,BUSAN,2025-02-28T06:54:00+09:00,social,basic,desktop
USR-000817,20,female,SEOUL,2025-08-19T22:02:00+09:00,direct,basic,desktop
USR-000818,34,male,SEOUL,2026-03-26T05:40:00+09:00,social,basic,mobile
USR-000819,34,female,GYEONGGI,2024-08-10T07:10:00+09:00,referral,basic,mobile
USR-000820,19,male,GYEONGGI,2026-01-22T02:06:00+09:00,direct,basic,mobile
USR-000821,47,female,SEOUL,2026-06-14T15:38:00+09:00,referral,basic,desktop
USR-000822,43,female,DAEJEON,2025-05-01T05:23:00+09:00,organic,plus,desktop
USR-000823,37,male,SEOUL,2025-01-06T05:53:00+09:00,organic,vip,mobile
USR-000824,46,male,GYEONGGI,2025-05-17T00:07:00+09:00,direct,basic,desktop
USR-000825,58,male,GYEONGGI,2024-07-26T17:29:00+09:00,social,basic,desktop
USR-000826,47,male,GYEONGGI,2026-03-19T18:57:00+09:00,referral,basic,tablet
USR-000827,25,male,BUSAN,2025-01-13T01:43:00+09:00,organic,vip,mobile
USR-000828,40,female,SEOUL,2026-01-28T11:02:00+09:00,organic,basic,mobile
USR-000829,34,female,SEOUL,2024-07-11T11:02:00+09:00,email,basic,mobile
USR-000830,31,female,SEOUL,2026-03-06T12:35:00+09:00,referral,basic,desktop
USR-000831,33,male,GYEONGGI,2026-06-16T05:25:00+09:00,social,basic,mobile
USR-000832,47,female,GYEONGGI,2026-02-02T01:59:00+09:00,social,basic,desktop
USR-000833,34,female,DAEJEON,2025-08-05T12:03:00+09:00,affiliate,plus,desktop
USR-000834,30,male,GYEONGGI,2026-05-21T03:19:00+09:00,organic,basic,mobile
USR-000835,45,male,DAEJEON,2025-05-26T11:00:00+09:00,organic,basic,mobile
USR-000836,48,female,GYEONGGI,2024-08-04T22:35:00+09:00,paid_search,plus,desktop
USR-000837,39,female,SEOUL,2025-03-20T12:40:00+09:00,affiliate,basic,desktop
USR-000838,23,female,BUSAN,2025-03-06T03:25:00+09:00,email,plus,mobile
USR-000839,41,male,GYEONGGI,2024-07-30T20:59:00+09:00,referral,plus,tablet
USR-000840,29,male,GYEONGGI,2025-01-22T03:11:00+09:00,direct,basic,desktop
USR-000841,42,male,DAEJEON,2024-09-11T12:47:00+09:00,affiliate,basic,mobile
USR-000842,41,female,SEOUL,2025-05-01T01:14:00+09:00,paid_search,basic,mobile
USR-000843,42,male,SEOUL,2025-08-22T08:57:00+09:00,social,basic,mobile
USR-000844,28,female,SEOUL,2024-08-03T23:14:00+09:00,organic,basic,desktop
USR-000845,19,male,GYEONGGI,2025-11-18T09:11:00+09:00,social,premium,mobile
USR-000846,36,male,GYEONGGI,2024-07-24T19:15:00+09:00,organic,basic,mobile
USR-000847,47,female,SEOUL,2025-09-28T00:44:00+09:00,referral,basic,mobile
USR-000848,31,male,DAEJEON,2025-11-29T08:17:00+09:00,affiliate,basic,mobile
USR-000849,64,male,DAEGU,2024-09-18T22:14:00+09:00,social,basic,mobile
USR-000850,30,male,BUSAN,2026-05-02T11:17:00+09:00,social,basic,mobile
USR-000851,56,female,SEOUL,2024-12-14T17:27:00+09:00,referral,basic,desktop
USR-000852,38,male,SEOUL,2024-11-30T13:06:00+09:00,social,basic,mobile
USR-000853,37,female,SEOUL,2025-03-30T17:16:00+09:00,paid_search,plus,mobile
USR-000854,44,male,INCHEON,2025-12-27T20:35:00+09:00,affiliate,vip,mobile
USR-000855,37,male,OTHER,2025-01-02T09:59:00+09:00,referral,basic,mobile
USR-000856,31,male,GYEONGGI,2025-09-20T12:03:00+09:00,referral,basic,desktop
USR-000857,39,female,SEOUL,2024-09-22T23:46:00+09:00,direct,plus,mobile
USR-000858,46,female,GYEONGGI,2025-06-14T10:25:00+09:00,paid_search,premium,mobile
USR-000859,33,female,SEOUL,2024-09-01T14:20:00+09:00,referral,basic,mobile
USR-000860,72,female,GYEONGGI,2025-06-16T17:55:00+09:00,email,premium,mobile
USR-000861,30,male,GYEONGGI,2025-08-17T12:06:00+09:00,affiliate,premium,desktop
USR-000862,54,female,SEOUL,2024-08-17T04:22:00+09:00,affiliate,plus,mobile
USR-000863,44,female,GYEONGGI,2024-07-24T20:13:00+09:00,paid_search,plus,desktop
USR-000864,69,male,GYEONGGI,2025-04-21T09:53:00+09:00,organic,basic,tablet
USR-000865,37,female,DAEJEON,2025-03-31T01:51:00+09:00,paid_search,basic,desktop
USR-000866,31,male,DAEGU,2026-02-17T10:03:00+09:00,email,basic,mobile
USR-000867,30,female,BUSAN,2024-09-09T14:43:00+09:00,organic,vip,mobile
USR-000868,67,female,GYEONGGI,2024-10-25T05:10:00+09:00,paid_search,plus,desktop
USR-000869,26,female,INCHEON,2024-09-26T11:38:00+09:00,direct,basic,mobile
USR-000870,49,female,DAEJEON,2026-05-26T04:45:00+09:00,email,basic,desktop
USR-000871,43,female,SEOUL,2024-11-05T10:55:00+09:00,direct,basic,mobile
USR-000872,62,male,INCHEON,2025-03-09T07:44:00+09:00,organic,basic,desktop
USR-000873,31,male,GWANGJU,2025-09-29T18:37:00+09:00,paid_search,basic,mobile
USR-000874,39,male,DAEGU,2025-12-27T06:03:00+09:00,direct,basic,desktop
USR-000875,47,female,OTHER,2026-05-25T04:06:00+09:00,paid_search,basic,mobile
USR-000876,47,female,GYEONGGI,2024-09-24T17:01:00+09:00,paid_search,plus,mobile
USR-000877,32,female,GYEONGGI,2024-07-15T04:52:00+09:00,organic,plus,mobile
USR-000878,42,female,GYEONGGI,2024-12-26T21:21:00+09:00,direct,basic,mobile
USR-000879,34,male,GYEONGGI,2025-07-03T08:39:00+09:00,direct,basic,mobile
USR-000880,40,male,INCHEON,2024-11-04T02:11:00+09:00,social,basic,mobile
USR-000881,26,female,DAEGU,2025-05-16T00:06:00+09:00,paid_search,basic,mobile
USR-000882,35,male,BUSAN,2025-10-03T09:13:00+09:00,referral,premium,mobile
USR-000883,48,female,GWANGJU,2024-12-22T23:35:00+09:00,organic,plus,desktop
USR-000884,31,female,GYEONGGI,2025-05-14T20:11:00+09:00,organic,plus,desktop
USR-000885,39,female,GYEONGGI,2024-08-22T12:01:00+09:00,social,plus,desktop
USR-000886,41,female,BUSAN,2025-06-28T18:38:00+09:00,organic,basic,desktop
USR-000887,33,female,DAEGU,2025-10-13T19:15:00+09:00,social,plus,mobile
USR-000888,64,female,SEOUL,2025-03-18T08:26:00+09:00,affiliate,plus,mobile
USR-000889,38,male,SEOUL,2025-08-27T08:56:00+09:00,referral,plus,desktop
USR-000890,36,unknown,GYEONGGI,2026-04-25T13:33:00+09:00,direct,premium,desktop
USR-000891,52,female,DAEGU,2025-08-21T15:30:00+09:00,direct,plus,desktop
USR-000892,48,male,GYEONGGI,2026-04-13T14:40:00+09:00,organic,premium,tablet
USR-000893,38,female,SEOUL,2026-05-22T02:59:00+09:00,email,basic,mobile
USR-000894,27,male,BUSAN,2025-06-06T23:49:00+09:00,referral,premium,mobile
USR-000895,25,female,BUSAN,2026-05-14T11:18:00+09:00,email,basic,mobile
USR-000896,42,female,GYEONGGI,2024-09-30T11:30:00+09:00,paid_search,basic,mobile
USR-000897,42,male,GYEONGGI,2025-07-17T07:40:00+09:00,paid_search,plus,desktop
USR-000898,33,female,INCHEON,2025-12-27T04:04:00+09:00,email,plus,mobile
USR-000899,27,female,SEOUL,2025-02-26T02:10:00+09:00,direct,premium,mobile
USR-000900,40,unknown,GYEONGGI,2026-03-11T18:30:00+09:00,paid_search,basic,desktop
USR-000901,74,female,GYEONGGI,2026-02-13T05:30:00+09:00,social,basic,desktop
USR-000902,27,male,GYEONGGI,2025-02-23T16:30:00+09:00,direct,basic,mobile
USR-000903,65,female,SEOUL,2026-03-17T23:16:00+09:00,direct,basic,mobile
USR-000904,33,male,SEOUL,2024-07-29T13:29:00+09:00,paid_search,basic,mobile
USR-000905,21,male,SEOUL,2026-04-16T02:13:00+09:00,referral,basic,mobile
USR-000906,27,male,SEOUL,2026-03-26T06:50:00+09:00,social,basic,mobile
USR-000907,26,male,DAEJEON,2025-08-20T11:53:00+09:00,paid_search,plus,mobile
USR-000908,46,male,DAEJEON,2025-12-13T16:07:00+09:00,organic,basic,desktop
USR-000909,31,male,SEOUL,2024-11-27T02:43:00+09:00,affiliate,basic,desktop
USR-000910,22,male,GYEONGGI,2024-08-12T13:13:00+09:00,social,basic,mobile
USR-000911,29,female,SEOUL,2025-08-31T06:32:00+09:00,social,basic,desktop
USR-000912,26,female,SEOUL,2026-03-03T01:15:00+09:00,social,basic,mobile
USR-000913,26,female,SEOUL,2025-08-03T00:40:00+09:00,paid_search,basic,mobile
USR-000914,19,male,SEOUL,2026-04-23T20:14:00+09:00,organic,basic,mobile
USR-000915,25,female,SEOUL,2026-01-28T07:07:00+09:00,social,basic,mobile
USR-000916,43,female,GYEONGGI,2026-05-07T10:14:00+09:00,organic,basic,desktop
USR-000917,31,unknown,OTHER,2024-11-19T17:41:00+09:00,email,basic,tablet
USR-000918,50,female,SEOUL,2025-11-04T14:15:00+09:00,referral,basic,desktop
USR-000919,41,female,GYEONGGI,2025-02-14T17:36:00+09:00,organic,basic,mobile
USR-000920,36,female,SEOUL,2025-10-22T20:47:00+09:00,email,plus,mobile
USR-000921,49,female,GWANGJU,2024-07-24T17:53:00+09:00,paid_search,basic,mobile
USR-000922,33,male,DAEJEON,2024-10-06T02:55:00+09:00,social,basic,mobile
USR-000923,25,female,GYEONGGI,2025-03-10T12:14:00+09:00,organic,plus,mobile
USR-000924,49,male,SEOUL,2025-05-30T17:33:00+09:00,organic,premium,desktop
USR-000925,19,female,SEOUL,2026-03-30T14:48:00+09:00,organic,basic,mobile
USR-000926,18,male,BUSAN,2026-02-23T19:24:00+09:00,email,basic,mobile
USR-000927,37,female,GYEONGGI,2024-10-16T10:59:00+09:00,organic,plus,mobile
USR-000928,63,female,SEOUL,2026-03-15T05:05:00+09:00,direct,plus,mobile
USR-000929,34,female,SEOUL,2025-07-04T11:42:00+09:00,affiliate,basic,mobile
USR-000930,29,male,GYEONGGI,2024-09-25T00:28:00+09:00,organic,basic,mobile
USR-000931,37,male,SEOUL,2026-04-11T04:42:00+09:00,organic,premium,mobile
USR-000932,42,female,GYEONGGI,2025-02-09T06:35:00+09:00,direct,basic,mobile
USR-000933,60,female,OTHER,2025-11-26T18:07:00+09:00,direct,premium,tablet
USR-000934,49,female,SEOUL,2025-11-21T22:07:00+09:00,organic,basic,desktop
USR-000935,73,male,GYEONGGI,2026-02-08T18:29:00+09:00,referral,basic,tablet
USR-000936,58,male,SEOUL,2025-04-26T10:36:00+09:00,organic,premium,mobile
USR-000937,55,female,DAEGU,2025-01-09T09:20:00+09:00,social,basic,mobile
USR-000938,42,male,SEOUL,2024-11-09T05:07:00+09:00,organic,plus,mobile
USR-000939,73,male,SEOUL,2025-05-23T02:40:00+09:00,organic,plus,mobile
USR-000940,25,female,SEOUL,2026-02-04T02:27:00+09:00,direct,basic,mobile
USR-000941,32,female,SEOUL,2024-08-26T18:55:00+09:00,email,basic,mobile
USR-000942,51,female,DAEGU,2026-06-07T20:07:00+09:00,organic,basic,desktop
USR-000943,36,male,GYEONGGI,2025-10-22T10:43:00+09:00,paid_search,basic,mobile
USR-000944,47,male,GYEONGGI,2025-05-17T03:22:00+09:00,affiliate,basic,mobile
USR-000945,62,male,GYEONGGI,2025-08-22T00:29:00+09:00,organic,basic,mobile
USR-000946,29,female,SEOUL,2025-10-14T17:20:00+09:00,organic,basic,desktop
USR-000947,30,male,GWANGJU,2026-04-11T09:19:00+09:00,social,plus,mobile
USR-000948,23,male,SEOUL,2026-02-28T11:49:00+09:00,paid_search,vip,mobile
USR-000949,39,female,SEOUL,2025-04-29T06:54:00+09:00,social,basic,desktop
USR-000950,43,male,GYEONGGI,2025-01-27T03:10:00+09:00,email,basic,mobile
USR-000951,53,female,SEOUL,2024-11-08T23:04:00+09:00,email,premium,mobile
USR-000952,26,male,GYEONGGI,2025-12-12T18:56:00+09:00,organic,basic,desktop
USR-000953,21,male,INCHEON,2024-08-11T15:58:00+09:00,referral,basic,mobile
USR-000954,44,male,GYEONGGI,2025-11-22T00:19:00+09:00,direct,vip,mobile
USR-000955,40,male,DAEJEON,2024-08-24T23:24:00+09:00,direct,plus,mobile
USR-000956,26,unknown,DAEGU,2024-07-14T03:15:00+09:00,social,plus,desktop
USR-000957,44,female,SEOUL,2025-09-28T13:53:00+09:00,paid_search,premium,desktop
USR-000958,39,male,DAEJEON,2026-01-19T13:35:00+09:00,paid_search,basic,mobile
USR-000959,21,male,GYEONGGI,2026-03-23T18:09:00+09:00,email,plus,mobile
USR-000960,68,male,GYEONGGI,2025-12-03T20:51:00+09:00,paid_search,vip,desktop
USR-000961,34,female,GYEONGGI,2025-12-14T18:56:00+09:00,email,plus,mobile
USR-000962,56,female,SEOUL,2024-07-04T08:22:00+09:00,direct,plus,mobile
USR-000963,40,female,GYEONGGI,2025-02-20T22:45:00+09:00,direct,vip,desktop
USR-000964,70,male,INCHEON,2025-06-12T06:19:00+09:00,social,basic,mobile
USR-000965,25,female,GYEONGGI,2025-10-29T20:58:00+09:00,organic,premium,desktop
USR-000966,44,male,INCHEON,2025-11-19T15:04:00+09:00,affiliate,basic,mobile
USR-000967,61,female,SEOUL,2025-12-12T22:28:00+09:00,paid_search,premium,desktop
USR-000968,36,male,SEOUL,2025-02-12T04:17:00+09:00,paid_search,plus,desktop
USR-000969,23,female,SEOUL,2026-05-20T11:46:00+09:00,direct,basic,desktop
USR-000970,62,male,SEOUL,2026-03-03T02:40:00+09:00,referral,basic,mobile
USR-000971,34,male,SEOUL,2025-06-09T12:48:00+09:00,affiliate,plus,mobile
USR-000972,51,male,DAEGU,2024-07-26T13:09:00+09:00,social,basic,mobile
USR-000973,42,female,SEOUL,2025-12-06T22:51:00+09:00,direct,basic,desktop
USR-000974,41,male,GYEONGGI,2024-09-04T05:04:00+09:00,direct,vip,mobile
USR-000975,61,male,OTHER,2025-12-19T03:56:00+09:00,direct,basic,mobile
USR-000976,23,female,SEOUL,2026-05-01T14:15:00+09:00,direct,plus,desktop
USR-000977,49,female,GYEONGGI,2024-10-11T20:06:00+09:00,social,basic,mobile
USR-000978,46,female,INCHEON,2026-04-04T06:45:00+09:00,referral,plus,mobile
USR-000979,42,female,BUSAN,2025-02-21T05:12:00+09:00,social,plus,mobile
USR-000980,46,male,INCHEON,2026-05-04T08:46:00+09:00,email,basic,mobile
USR-000981,38,female,GYEONGGI,2026-06-19T08:57:00+09:00,paid_search,basic,mobile
USR-000982,74,male,GYEONGGI,2025-04-23T09:14:00+09:00,email,premium,mobile
USR-000983,52,female,INCHEON,2026-03-29T19:52:00+09:00,organic,basic,mobile
USR-000984,67,female,DAEGU,2025-10-30T14:54:00+09:00,social,plus,mobile
USR-000985,34,female,GYEONGGI,2026-05-20T18:52:00+09:00,paid_search,basic,mobile
USR-000986,61,male,BUSAN,2025-11-20T17:17:00+09:00,direct,plus,desktop
USR-000987,50,female,GWANGJU,2025-12-28T21:58:00+09:00,organic,basic,mobile
USR-000988,44,male,GWANGJU,2026-02-05T18:35:00+09:00,direct,basic,mobile
USR-000989,31,male,DAEGU,2025-02-25T02:04:00+09:00,paid_search,premium,mobile
USR-000990,43,female,DAEGU,2024-09-01T08:10:00+09:00,organic,premium,mobile
USR-000991,48,female,SEOUL,2025-11-27T02:13:00+09:00,direct,plus,mobile
USR-000992,25,male,INCHEON,2025-08-08T08:27:00+09:00,affiliate,basic,mobile
USR-000993,21,female,GYEONGGI,2025-08-19T23:08:00+09:00,direct,premium,mobile
USR-000994,42,male,INCHEON,2025-11-19T13:44:00+09:00,organic,basic,mobile
USR-000995,32,male,GYEONGGI,2026-04-18T22:25:00+09:00,paid_search,basic,mobile
USR-000996,18,male,SEOUL,2024-08-06T15:06:00+09:00,referral,basic,desktop
USR-000997,43,female,GYEONGGI,2025-05-26T04:25:00+09:00,paid_search,plus,mobile
USR-000998,24,male,GYEONGGI,2024-10-11T22:24:00+09:00,email,basic,mobile
USR-000999,26,male,GYEONGGI,2025-05-09T06:13:00+09:00,paid_search,basic,mobile
USR-001000,19,female,SEOUL,2025-09-03T05:34:00+09:00,organic,basic,mobile
USR-001001,31,male,DAEJEON,2024-09-02T01:47:00+09:00,paid_search,basic,mobile
USR-001002,27,female,GWANGJU,2026-01-27T08:56:00+09:00,organic,basic,mobile
USR-001003,61,female,OTHER,2025-10-10T12:58:00+09:00,social,basic,mobile
USR-001004,44,female,SEOUL,2026-05-14T02:32:00+09:00,organic,premium,mobile
USR-001005,41,female,SEOUL,2026-01-02T00:55:00+09:00,referral,basic,desktop
USR-001006,22,female,INCHEON,2025-11-07T20:54:00+09:00,referral,basic,mobile
USR-001007,35,male,SEOUL,2025-04-08T11:51:00+09:00,affiliate,basic,mobile
USR-001008,26,female,SEOUL,2025-02-07T09:13:00+09:00,organic,premium,mobile
USR-001009,20,male,GYEONGGI,2026-06-17T14:33:00+09:00,affiliate,premium,mobile
USR-001010,29,male,GYEONGGI,2025-10-10T08:58:00+09:00,organic,basic,desktop
USR-001011,70,male,GYEONGGI,2025-02-11T15:42:00+09:00,referral,basic,desktop
USR-001012,52,male,SEOUL,2024-11-19T00:50:00+09:00,referral,premium,mobile
USR-001013,33,female,BUSAN,2026-05-21T16:48:00+09:00,social,basic,desktop
USR-001014,22,female,GYEONGGI,2025-08-11T18:07:00+09:00,paid_search,basic,mobile
USR-001015,44,female,GYEONGGI,2025-07-06T05:11:00+09:00,paid_search,basic,desktop
USR-001016,32,male,SEOUL,2025-12-27T20:14:00+09:00,social,vip,mobile
USR-001017,38,male,SEOUL,2026-06-09T19:50:00+09:00,direct,plus,mobile
USR-001018,27,female,DAEGU,2026-05-30T05:33:00+09:00,affiliate,basic,desktop
USR-001019,34,female,SEOUL,2025-11-08T19:55:00+09:00,paid_search,basic,mobile
USR-001020,18,male,SEOUL,2025-06-15T19:51:00+09:00,paid_search,premium,mobile
USR-001021,53,female,SEOUL,2025-12-10T05:06:00+09:00,email,premium,mobile
USR-001022,32,female,GYEONGGI,2025-09-24T15:45:00+09:00,affiliate,plus,mobile
USR-001023,32,female,SEOUL,2025-06-23T04:02:00+09:00,social,basic,mobile
USR-001024,19,female,BUSAN,2025-12-22T02:37:00+09:00,organic,basic,mobile
USR-001025,30,male,OTHER,2024-07-31T21:19:00+09:00,referral,plus,mobile
USR-001026,26,male,GYEONGGI,2026-02-07T15:38:00+09:00,affiliate,basic,desktop
USR-001027,41,male,GYEONGGI,2025-08-16T01:07:00+09:00,organic,plus,mobile
USR-001028,29,female,INCHEON,2025-10-27T04:07:00+09:00,social,basic,mobile
USR-001029,32,male,OTHER,2025-04-20T01:42:00+09:00,organic,basic,mobile
USR-001030,36,male,DAEJEON,2026-01-12T12:41:00+09:00,paid_search,basic,desktop
USR-001031,25,female,OTHER,2025-03-13T20:49:00+09:00,organic,basic,mobile
USR-001032,35,female,GYEONGGI,2025-04-21T16:43:00+09:00,social,plus,mobile
USR-001033,56,female,SEOUL,2026-06-11T17:04:00+09:00,organic,basic,desktop
USR-001034,52,female,SEOUL,2024-08-09T02:44:00+09:00,social,basic,desktop
USR-001035,18,male,GYEONGGI,2025-12-16T02:22:00+09:00,direct,basic,mobile
USR-001036,26,male,BUSAN,2025-07-23T16:27:00+09:00,organic,plus,mobile
USR-001037,46,male,BUSAN,2025-07-28T16:58:00+09:00,paid_search,basic,mobile
USR-001038,34,male,GYEONGGI,2025-05-07T05:30:00+09:00,referral,basic,mobile
USR-001039,42,female,GYEONGGI,2025-03-12T15:17:00+09:00,paid_search,plus,desktop
USR-001040,33,male,SEOUL,2024-11-15T19:05:00+09:00,direct,basic,desktop
USR-001041,26,male,SEOUL,2025-04-09T04:19:00+09:00,direct,basic,mobile
USR-001042,30,male,DAEGU,2026-05-13T02:33:00+09:00,social,plus,mobile
USR-001043,73,female,DAEJEON,2024-07-04T00:22:00+09:00,referral,plus,mobile
USR-001044,62,female,GYEONGGI,2024-10-20T06:04:00+09:00,referral,basic,tablet
USR-001045,29,male,INCHEON,2024-10-19T16:32:00+09:00,organic,basic,desktop
USR-001046,50,male,GWANGJU,2026-06-01T13:13:00+09:00,organic,basic,mobile
USR-001047,47,female,SEOUL,2024-12-17T02:07:00+09:00,affiliate,vip,desktop
USR-001048,62,female,SEOUL,2026-01-01T08:42:00+09:00,organic,basic,mobile
USR-001049,35,male,BUSAN,2025-03-18T03:13:00+09:00,organic,plus,mobile
USR-001050,28,male,BUSAN,2025-08-25T06:04:00+09:00,social,plus,mobile
USR-001051,42,unknown,SEOUL,2025-12-12T05:51:00+09:00,organic,basic,desktop
USR-001052,24,female,SEOUL,2024-10-02T00:10:00+09:00,paid_search,basic,mobile
USR-001053,28,male,SEOUL,2025-10-07T00:09:00+09:00,paid_search,premium,desktop
USR-001054,38,male,DAEGU,2025-01-26T03:10:00+09:00,referral,basic,mobile
USR-001055,57,male,SEOUL,2026-04-09T21:32:00+09:00,referral,basic,mobile
USR-001056,23,female,SEOUL,2025-04-27T20:44:00+09:00,paid_search,plus,desktop
USR-001057,40,male,OTHER,2025-12-17T18:22:00+09:00,email,basic,mobile
USR-001058,23,female,BUSAN,2025-05-05T20:51:00+09:00,referral,basic,desktop
USR-001059,63,female,DAEGU,2024-12-18T21:50:00+09:00,paid_search,basic,desktop
USR-001060,23,female,BUSAN,2025-03-24T05:25:00+09:00,paid_search,premium,mobile
USR-001061,30,male,GYEONGGI,2024-12-29T04:20:00+09:00,organic,basic,desktop
USR-001062,39,male,SEOUL,2025-03-27T16:26:00+09:00,organic,premium,mobile
USR-001063,26,female,SEOUL,2025-05-08T03:28:00+09:00,affiliate,basic,mobile
USR-001064,54,male,GYEONGGI,2025-12-13T04:52:00+09:00,paid_search,basic,desktop
USR-001065,20,male,SEOUL,2025-11-16T13:23:00+09:00,organic,plus,mobile
USR-001066,64,female,GYEONGGI,2025-05-22T08:18:00+09:00,organic,basic,desktop
USR-001067,50,male,GYEONGGI,2025-11-19T20:26:00+09:00,paid_search,vip,desktop
USR-001068,21,female,SEOUL,2024-12-20T23:34:00+09:00,direct,basic,mobile
USR-001069,29,male,SEOUL,2024-07-13T01:57:00+09:00,organic,basic,mobile
USR-001070,33,female,SEOUL,2025-03-23T01:38:00+09:00,organic,basic,desktop
USR-001071,50,female,SEOUL,2025-04-12T01:35:00+09:00,referral,basic,mobile
USR-001072,20,female,GYEONGGI,2026-01-02T17:37:00+09:00,organic,basic,mobile
USR-001073,32,male,GYEONGGI,2024-11-15T15:19:00+09:00,referral,basic,mobile
USR-001074,32,female,BUSAN,2025-12-11T08:51:00+09:00,direct,plus,mobile
USR-001075,33,male,OTHER,2025-01-25T14:31:00+09:00,paid_search,basic,mobile
USR-001076,35,male,GYEONGGI,2024-07-24T18:14:00+09:00,organic,plus,mobile
USR-001077,24,male,SEOUL,2024-11-26T09:35:00+09:00,affiliate,premium,desktop
USR-001078,38,female,SEOUL,2025-09-02T13:58:00+09:00,paid_search,plus,mobile
USR-001079,31,male,SEOUL,2026-01-28T09:43:00+09:00,email,basic,mobile
USR-001080,39,female,SEOUL,2025-10-11T10:23:00+09:00,organic,basic,desktop
USR-001081,23,female,SEOUL,2025-09-27T03:39:00+09:00,referral,basic,desktop
USR-001082,45,male,DAEJEON,2025-06-13T03:28:00+09:00,organic,basic,mobile
USR-001083,53,female,BUSAN,2025-04-26T09:58:00+09:00,paid_search,premium,mobile
USR-001084,24,male,SEOUL,2025-03-23T14:39:00+09:00,social,plus,mobile
USR-001085,44,female,SEOUL,2025-02-19T12:47:00+09:00,direct,basic,mobile
USR-001086,34,female,SEOUL,2025-08-25T10:52:00+09:00,organic,basic,mobile
USR-001087,38,male,SEOUL,2024-12-15T22:35:00+09:00,social,basic,desktop
USR-001088,27,female,INCHEON,2025-07-26T15:36:00+09:00,paid_search,basic,mobile
USR-001089,32,male,GYEONGGI,2025-03-21T07:50:00+09:00,organic,plus,mobile
USR-001090,59,female,SEOUL,2024-12-04T00:16:00+09:00,referral,basic,desktop
USR-001091,22,male,BUSAN,2024-10-11T13:26:00+09:00,email,basic,mobile
USR-001092,21,male,GYEONGGI,2024-07-02T07:09:00+09:00,organic,vip,desktop
USR-001093,40,male,BUSAN,2025-03-20T08:27:00+09:00,organic,plus,tablet
USR-001094,53,male,SEOUL,2025-02-19T18:50:00+09:00,referral,plus,mobile
USR-001095,32,male,GYEONGGI,2025-04-05T00:29:00+09:00,affiliate,premium,desktop
USR-001096,39,male,OTHER,2024-11-04T13:24:00+09:00,social,premium,mobile
USR-001097,34,male,SEOUL,2024-08-13T02:10:00+09:00,organic,premium,desktop
USR-001098,19,male,INCHEON,2025-08-09T15:53:00+09:00,direct,basic,mobile
USR-001099,48,male,SEOUL,2025-11-02T06:06:00+09:00,social,basic,mobile
USR-001100,38,female,SEOUL,2025-10-12T10:00:00+09:00,organic,plus,mobile
USR-001101,44,female,SEOUL,2026-02-02T07:14:00+09:00,referral,basic,tablet
USR-001102,61,male,SEOUL,2025-12-21T23:26:00+09:00,organic,plus,desktop
USR-001103,35,male,SEOUL,2025-06-10T06:18:00+09:00,paid_search,plus,desktop
USR-001104,54,unknown,SEOUL,2026-06-24T06:58:00+09:00,paid_search,basic,mobile
USR-001105,19,female,GYEONGGI,2025-02-12T15:16:00+09:00,organic,premium,mobile
USR-001106,32,female,GYEONGGI,2025-06-13T03:44:00+09:00,social,premium,mobile
USR-001107,59,male,DAEGU,2025-09-08T23:14:00+09:00,direct,premium,desktop
USR-001108,31,female,DAEGU,2026-04-01T05:49:00+09:00,paid_search,basic,mobile
USR-001109,53,female,DAEGU,2025-07-16T15:23:00+09:00,organic,plus,mobile
USR-001110,20,male,SEOUL,2025-02-10T04:34:00+09:00,organic,premium,desktop
USR-001111,47,female,BUSAN,2026-01-10T07:18:00+09:00,affiliate,plus,tablet
USR-001112,51,male,DAEJEON,2026-03-25T02:38:00+09:00,organic,basic,desktop
USR-001113,42,female,SEOUL,2025-11-22T23:00:00+09:00,organic,basic,mobile
USR-001114,34,female,SEOUL,2025-07-16T22:45:00+09:00,email,basic,desktop
USR-001115,20,unknown,GYEONGGI,2025-06-29T08:22:00+09:00,email,basic,mobile
USR-001116,44,male,DAEJEON,2026-04-14T18:51:00+09:00,paid_search,basic,mobile
USR-001117,21,male,GYEONGGI,2025-08-06T09:21:00+09:00,direct,basic,mobile
USR-001118,49,male,GYEONGGI,2025-07-30T21:59:00+09:00,affiliate,basic,desktop
USR-001119,20,male,DAEJEON,2025-10-26T12:24:00+09:00,social,basic,mobile
USR-001120,31,male,INCHEON,2024-08-29T01:48:00+09:00,email,plus,desktop
USR-001121,34,female,BUSAN,2024-12-15T01:07:00+09:00,organic,basic,tablet
USR-001122,19,male,GYEONGGI,2025-08-13T10:22:00+09:00,direct,basic,mobile
USR-001123,53,male,GYEONGGI,2026-05-22T05:09:00+09:00,referral,premium,mobile
USR-001124,55,female,GYEONGGI,2026-02-11T03:17:00+09:00,organic,premium,mobile
USR-001125,33,male,GYEONGGI,2026-06-26T03:17:00+09:00,organic,basic,desktop
USR-001126,27,female,BUSAN,2025-07-19T17:57:00+09:00,organic,plus,mobile
USR-001127,32,male,GYEONGGI,2024-09-12T08:22:00+09:00,paid_search,basic,mobile
USR-001128,41,male,GYEONGGI,2025-03-11T07:44:00+09:00,paid_search,basic,mobile
USR-001129,54,female,SEOUL,2025-07-27T16:00:00+09:00,organic,basic,mobile
USR-001130,71,female,INCHEON,2026-05-30T08:02:00+09:00,referral,basic,desktop
USR-001131,53,female,GYEONGGI,2026-05-02T10:53:00+09:00,email,basic,mobile
USR-001132,42,male,GYEONGGI,2025-01-15T03:04:00+09:00,social,premium,mobile
USR-001133,30,male,SEOUL,2024-11-30T15:21:00+09:00,organic,basic,desktop
USR-001134,40,male,GYEONGGI,2025-05-30T03:52:00+09:00,paid_search,basic,mobile
USR-001135,45,male,DAEGU,2026-02-14T17:58:00+09:00,organic,plus,desktop
USR-001136,59,male,GYEONGGI,2024-12-13T12:39:00+09:00,referral,basic,mobile
USR-001137,44,female,SEOUL,2024-10-16T19:26:00+09:00,organic,basic,mobile
USR-001138,19,female,GYEONGGI,2025-02-02T02:31:00+09:00,paid_search,basic,tablet
USR-001139,44,male,INCHEON,2026-01-01T20:14:00+09:00,organic,basic,desktop
USR-001140,18,female,SEOUL,2024-12-30T14:08:00+09:00,paid_search,basic,mobile
USR-001141,51,male,SEOUL,2025-09-30T02:51:00+09:00,referral,basic,mobile
USR-001142,68,male,SEOUL,2026-03-27T06:55:00+09:00,direct,plus,mobile
USR-001143,25,male,SEOUL,2025-10-20T16:57:00+09:00,email,basic,mobile
USR-001144,41,female,GWANGJU,2025-09-24T23:47:00+09:00,affiliate,basic,mobile
USR-001145,22,female,INCHEON,2025-01-14T21:28:00+09:00,affiliate,basic,mobile
USR-001146,20,male,SEOUL,2025-06-24T06:16:00+09:00,social,plus,mobile
USR-001147,56,female,GYEONGGI,2026-06-28T20:05:00+09:00,direct,basic,mobile
USR-001148,25,male,BUSAN,2025-12-14T10:14:00+09:00,referral,basic,mobile
USR-001149,43,female,SEOUL,2026-05-16T15:42:00+09:00,direct,plus,desktop
USR-001150,39,male,GYEONGGI,2026-04-01T15:06:00+09:00,direct,basic,mobile
USR-001151,74,male,INCHEON,2026-05-09T23:58:00+09:00,organic,basic,desktop
USR-001152,23,male,DAEGU,2025-05-05T06:06:00+09:00,organic,plus,mobile
USR-001153,32,male,SEOUL,2026-01-13T03:24:00+09:00,direct,basic,desktop
USR-001154,41,male,SEOUL,2026-04-08T08:50:00+09:00,organic,basic,desktop
USR-001155,27,female,GYEONGGI,2025-08-26T17:17:00+09:00,referral,premium,desktop
USR-001156,43,male,OTHER,2024-12-16T00:44:00+09:00,organic,plus,mobile
USR-001157,28,female,BUSAN,2025-09-26T13:13:00+09:00,referral,basic,mobile
USR-001158,36,female,SEOUL,2025-03-12T08:27:00+09:00,affiliate,basic,mobile
USR-001159,28,male,SEOUL,2025-10-21T21:38:00+09:00,organic,basic,mobile
USR-001160,26,female,INCHEON,2025-11-29T14:27:00+09:00,paid_search,basic,desktop
USR-001161,18,female,GYEONGGI,2026-01-18T07:14:00+09:00,referral,basic,mobile
USR-001162,41,female,INCHEON,2024-12-13T15:35:00+09:00,referral,plus,tablet
USR-001163,35,female,SEOUL,2025-03-27T17:47:00+09:00,affiliate,plus,desktop
USR-001164,31,male,INCHEON,2024-12-23T14:06:00+09:00,paid_search,basic,mobile
USR-001165,48,female,GYEONGGI,2024-10-25T23:40:00+09:00,referral,plus,desktop
USR-001166,22,female,SEOUL,2024-08-18T10:57:00+09:00,social,basic,mobile
USR-001167,33,male,BUSAN,2024-09-19T04:22:00+09:00,referral,basic,mobile
USR-001168,36,male,SEOUL,2026-04-08T07:05:00+09:00,organic,basic,desktop
USR-001169,51,female,SEOUL,2025-05-23T21:00:00+09:00,email,premium,desktop
USR-001170,44,female,GYEONGGI,2025-03-08T14:08:00+09:00,organic,vip,mobile
USR-001171,46,female,GYEONGGI,2025-04-01T13:35:00+09:00,organic,basic,desktop
USR-001172,29,female,INCHEON,2025-07-19T03:17:00+09:00,organic,plus,mobile
USR-001173,31,male,GYEONGGI,2024-09-03T05:45:00+09:00,social,vip,mobile
USR-001174,25,male,GYEONGGI,2025-01-04T21:16:00+09:00,direct,basic,mobile
USR-001175,55,female,GYEONGGI,2025-06-09T20:21:00+09:00,paid_search,basic,desktop
USR-001176,65,male,GYEONGGI,2026-05-21T05:38:00+09:00,affiliate,basic,desktop
USR-001177,52,male,OTHER,2024-08-29T17:13:00+09:00,paid_search,basic,mobile
USR-001178,74,female,GYEONGGI,2025-01-21T01:28:00+09:00,referral,basic,mobile
USR-001179,39,male,SEOUL,2025-06-21T13:00:00+09:00,email,basic,mobile
USR-001180,49,unknown,SEOUL,2025-05-07T19:39:00+09:00,referral,vip,mobile
USR-001181,50,male,INCHEON,2025-10-29T08:54:00+09:00,paid_search,vip,mobile
USR-001182,22,female,DAEGU,2026-05-25T12:45:00+09:00,social,basic,mobile
USR-001183,53,female,SEOUL,2025-11-25T00:19:00+09:00,social,plus,mobile
USR-001184,40,female,GYEONGGI,2024-10-25T09:19:00+09:00,paid_search,vip,desktop
USR-001185,18,male,GYEONGGI,2025-12-09T01:28:00+09:00,paid_search,basic,mobile
USR-001186,18,male,SEOUL,2026-05-18T09:27:00+09:00,email,basic,mobile
USR-001187,61,female,GYEONGGI,2025-08-25T15:26:00+09:00,direct,plus,mobile
USR-001188,42,male,GYEONGGI,2026-06-15T05:44:00+09:00,organic,basic,tablet
USR-001189,52,male,SEOUL,2025-09-18T21:33:00+09:00,referral,basic,mobile
USR-001190,43,female,DAEGU,2026-05-16T20:31:00+09:00,referral,plus,mobile
USR-001191,26,female,SEOUL,2026-03-30T20:56:00+09:00,referral,basic,desktop
USR-001192,23,male,SEOUL,2025-03-11T04:08:00+09:00,direct,plus,mobile
USR-001193,37,male,SEOUL,2026-02-01T23:22:00+09:00,email,basic,mobile
USR-001194,28,male,SEOUL,2025-03-31T20:35:00+09:00,paid_search,plus,mobile
USR-001195,29,male,SEOUL,2025-05-02T13:09:00+09:00,paid_search,vip,mobile
USR-001196,32,male,GYEONGGI,2025-11-15T13:34:00+09:00,paid_search,basic,mobile
USR-001197,23,male,SEOUL,2025-07-10T11:24:00+09:00,direct,basic,desktop
USR-001198,38,female,BUSAN,2026-05-03T09:37:00+09:00,referral,basic,tablet
USR-001199,40,female,SEOUL,2024-11-27T21:00:00+09:00,organic,vip,desktop
USR-001200,33,female,OTHER,2024-10-28T10:03:00+09:00,organic,basic,mobile
USR-001201,46,female,BUSAN,2024-08-26T21:03:00+09:00,paid_search,plus,mobile
USR-001202,42,female,INCHEON,2026-04-07T13:33:00+09:00,paid_search,vip,mobile
USR-001203,51,female,GYEONGGI,2024-10-03T04:15:00+09:00,direct,basic,mobile
USR-001204,38,female,GYEONGGI,2024-10-25T01:58:00+09:00,organic,basic,mobile
USR-001205,30,male,DAEGU,2025-04-08T09:44:00+09:00,email,basic,desktop
USR-001206,57,female,GYEONGGI,2026-02-11T09:47:00+09:00,paid_search,basic,desktop
USR-001207,35,female,GYEONGGI,2026-04-26T15:58:00+09:00,paid_search,basic,mobile
USR-001208,60,female,GYEONGGI,2025-05-12T13:18:00+09:00,social,basic,mobile
USR-001209,41,male,SEOUL,2026-06-03T19:37:00+09:00,organic,plus,mobile
USR-001210,31,female,SEOUL,2025-08-05T09:10:00+09:00,direct,basic,desktop
USR-001211,18,male,DAEGU,2026-01-23T18:45:00+09:00,affiliate,basic,mobile
USR-001212,39,female,SEOUL,2025-08-22T02:12:00+09:00,referral,plus,mobile
USR-001213,54,female,INCHEON,2025-05-05T15:13:00+09:00,organic,premium,mobile
USR-001214,20,male,GYEONGGI,2026-06-11T16:20:00+09:00,direct,basic,mobile
USR-001215,51,male,INCHEON,2025-11-07T08:13:00+09:00,paid_search,basic,desktop
USR-001216,43,female,GYEONGGI,2025-04-09T11:07:00+09:00,organic,basic,mobile
USR-001217,24,female,SEOUL,2026-05-09T11:36:00+09:00,paid_search,premium,desktop
USR-001218,59,male,SEOUL,2026-05-18T15:02:00+09:00,paid_search,basic,tablet
USR-001219,36,male,GYEONGGI,2025-03-21T05:10:00+09:00,organic,basic,mobile
USR-001220,60,female,SEOUL,2025-04-05T03:04:00+09:00,paid_search,plus,mobile
USR-001221,38,male,SEOUL,2025-09-06T11:38:00+09:00,organic,plus,desktop
USR-001222,54,female,GYEONGGI,2024-11-06T04:23:00+09:00,referral,plus,desktop
USR-001223,47,male,GYEONGGI,2025-02-15T03:53:00+09:00,paid_search,premium,desktop
USR-001224,30,male,DAEGU,2025-04-03T16:42:00+09:00,direct,basic,mobile
USR-001225,44,female,GYEONGGI,2025-11-02T23:37:00+09:00,affiliate,plus,mobile
USR-001226,45,male,GYEONGGI,2024-08-07T18:35:00+09:00,organic,premium,mobile
USR-001227,49,male,SEOUL,2026-02-21T23:55:00+09:00,affiliate,basic,mobile
USR-001228,23,male,GYEONGGI,2025-03-23T08:32:00+09:00,organic,basic,mobile
USR-001229,44,female,SEOUL,2026-02-18T03:18:00+09:00,referral,basic,mobile
USR-001230,57,male,SEOUL,2025-01-22T14:01:00+09:00,direct,vip,mobile
USR-001231,48,female,DAEGU,2026-06-11T19:46:00+09:00,social,basic,mobile
USR-001232,45,male,SEOUL,2026-06-17T16:50:00+09:00,paid_search,basic,mobile
USR-001233,25,female,BUSAN,2024-07-05T01:46:00+09:00,referral,plus,mobile
USR-001234,43,male,INCHEON,2025-03-28T06:17:00+09:00,social,plus,mobile
USR-001235,40,male,DAEJEON,2024-12-28T16:26:00+09:00,email,plus,desktop
USR-001236,53,female,GYEONGGI,2026-03-30T14:59:00+09:00,email,basic,tablet
USR-001237,28,female,SEOUL,2025-09-24T12:01:00+09:00,social,plus,mobile
USR-001238,52,male,SEOUL,2025-07-09T19:10:00+09:00,organic,basic,mobile
USR-001239,40,male,GYEONGGI,2025-05-14T00:03:00+09:00,paid_search,premium,mobile
USR-001240,27,male,SEOUL,2025-05-29T10:29:00+09:00,organic,plus,mobile
USR-001241,29,male,GYEONGGI,2025-02-27T10:35:00+09:00,referral,basic,mobile
USR-001242,19,male,INCHEON,2025-12-21T18:36:00+09:00,organic,basic,mobile
USR-001243,36,female,DAEJEON,2026-04-01T10:15:00+09:00,paid_search,vip,mobile
USR-001244,39,male,SEOUL,2025-09-07T19:11:00+09:00,direct,basic,desktop
USR-001245,64,female,GYEONGGI,2024-09-03T23:56:00+09:00,social,plus,desktop
USR-001246,47,female,SEOUL,2025-07-16T18:18:00+09:00,referral,basic,desktop
USR-001247,44,female,GYEONGGI,2025-12-31T18:41:00+09:00,email,premium,desktop
USR-001248,46,male,SEOUL,2025-10-15T16:25:00+09:00,referral,plus,desktop
USR-001249,38,female,SEOUL,2025-11-11T16:15:00+09:00,referral,plus,mobile
USR-001250,31,male,SEOUL,2026-01-22T05:21:00+09:00,email,premium,mobile
USR-001251,41,male,GYEONGGI,2024-09-05T18:31:00+09:00,affiliate,vip,mobile
USR-001252,29,male,GYEONGGI,2026-02-11T01:34:00+09:00,organic,basic,mobile
USR-001253,55,male,GYEONGGI,2026-04-16T13:55:00+09:00,paid_search,basic,mobile
USR-001254,61,male,DAEGU,2024-08-07T08:12:00+09:00,social,premium,desktop
USR-001255,26,male,SEOUL,2026-01-15T20:18:00+09:00,referral,basic,desktop
USR-001256,67,male,BUSAN,2024-09-09T20:50:00+09:00,direct,premium,desktop
USR-001257,38,female,GYEONGGI,2026-01-17T12:58:00+09:00,organic,plus,mobile
USR-001258,26,male,GYEONGGI,2026-06-10T14:33:00+09:00,social,basic,mobile
USR-001259,28,male,DAEGU,2025-12-27T18:11:00+09:00,organic,plus,mobile
USR-001260,31,female,SEOUL,2025-09-13T11:27:00+09:00,direct,plus,desktop
USR-001261,39,male,SEOUL,2025-06-16T06:18:00+09:00,email,premium,desktop
USR-001262,28,female,OTHER,2025-09-12T09:17:00+09:00,referral,basic,mobile
USR-001263,26,female,SEOUL,2025-04-07T12:10:00+09:00,paid_search,basic,desktop
USR-001264,33,female,DAEGU,2025-08-05T10:16:00+09:00,paid_search,plus,mobile
USR-001265,27,female,SEOUL,2024-10-19T23:19:00+09:00,referral,basic,mobile
USR-001266,51,female,INCHEON,2024-10-28T05:19:00+09:00,organic,premium,desktop
USR-001267,23,female,OTHER,2026-04-16T21:33:00+09:00,paid_search,basic,mobile
USR-001268,24,male,GWANGJU,2024-07-10T07:12:00+09:00,affiliate,basic,mobile
USR-001269,45,male,BUSAN,2026-05-29T10:40:00+09:00,direct,basic,mobile
USR-001270,30,male,GYEONGGI,2026-05-23T23:12:00+09:00,direct,plus,mobile
USR-001271,18,female,GWANGJU,2026-01-09T10:19:00+09:00,organic,basic,mobile
USR-001272,33,female,OTHER,2025-06-09T09:00:00+09:00,email,basic,tablet
USR-001273,47,male,GYEONGGI,2026-04-11T09:41:00+09:00,organic,basic,mobile
USR-001274,33,male,GYEONGGI,2024-09-22T21:47:00+09:00,email,premium,tablet
USR-001275,61,female,BUSAN,2025-07-03T12:20:00+09:00,social,basic,mobile
USR-001276,21,male,SEOUL,2025-05-26T14:22:00+09:00,direct,basic,mobile
USR-001277,42,female,DAEGU,2025-11-12T17:16:00+09:00,organic,basic,mobile
USR-001278,56,male,GYEONGGI,2026-05-01T05:06:00+09:00,email,plus,mobile
USR-001279,28,male,GYEONGGI,2025-09-04T02:22:00+09:00,organic,plus,mobile
USR-001280,24,male,GYEONGGI,2026-01-20T04:23:00+09:00,paid_search,basic,mobile
USR-001281,64,female,SEOUL,2025-09-08T05:45:00+09:00,referral,basic,mobile
USR-001282,44,female,SEOUL,2025-08-09T19:46:00+09:00,paid_search,basic,mobile
USR-001283,39,male,SEOUL,2025-12-24T03:17:00+09:00,organic,basic,mobile
USR-001284,51,male,SEOUL,2025-01-09T22:09:00+09:00,paid_search,basic,mobile
USR-001285,33,female,BUSAN,2026-01-07T04:12:00+09:00,paid_search,plus,mobile
USR-001286,46,female,GWANGJU,2026-02-22T07:36:00+09:00,paid_search,plus,desktop
USR-001287,25,female,GWANGJU,2025-07-30T01:19:00+09:00,referral,plus,tablet
USR-001288,31,male,SEOUL,2025-02-19T09:36:00+09:00,referral,plus,mobile
USR-001289,34,female,DAEGU,2025-08-20T13:18:00+09:00,organic,vip,mobile
USR-001290,36,male,GYEONGGI,2025-11-24T00:45:00+09:00,email,basic,desktop
USR-001291,63,male,SEOUL,2025-04-17T00:34:00+09:00,paid_search,plus,tablet
USR-001292,20,female,SEOUL,2026-03-12T06:52:00+09:00,social,basic,mobile
USR-001293,25,male,SEOUL,2025-10-01T19:11:00+09:00,referral,plus,desktop
USR-001294,31,female,GYEONGGI,2025-02-28T18:24:00+09:00,paid_search,premium,desktop
USR-001295,51,female,SEOUL,2025-02-14T02:28:00+09:00,paid_search,plus,mobile
USR-001296,39,female,SEOUL,2026-02-09T22:18:00+09:00,organic,basic,mobile
USR-001297,40,female,GYEONGGI,2026-01-12T13:23:00+09:00,direct,basic,mobile
USR-001298,34,male,OTHER,2024-10-28T11:23:00+09:00,organic,basic,mobile
USR-001299,43,female,INCHEON,2025-01-15T12:40:00+09:00,social,plus,mobile
USR-001300,30,female,INCHEON,2024-11-13T05:50:00+09:00,social,premium,mobile
USR-001301,22,male,BUSAN,2025-09-24T15:07:00+09:00,paid_search,premium,mobile
USR-001302,25,male,SEOUL,2026-03-16T01:14:00+09:00,affiliate,premium,mobile
USR-001303,73,male,SEOUL,2025-04-07T18:44:00+09:00,paid_search,plus,mobile
USR-001304,39,male,SEOUL,2026-05-19T00:19:00+09:00,direct,basic,mobile
USR-001305,18,female,GYEONGGI,2024-08-28T13:36:00+09:00,referral,basic,tablet
USR-001306,36,female,DAEJEON,2024-09-07T10:09:00+09:00,affiliate,basic,mobile
USR-001307,39,unknown,SEOUL,2024-08-25T18:15:00+09:00,organic,basic,desktop
USR-001308,40,male,SEOUL,2025-10-09T16:19:00+09:00,paid_search,premium,desktop
USR-001309,36,female,GYEONGGI,2025-06-14T14:05:00+09:00,social,plus,mobile
USR-001310,28,male,SEOUL,2026-02-01T04:18:00+09:00,paid_search,basic,mobile
USR-001311,62,female,SEOUL,2026-03-03T18:59:00+09:00,social,plus,mobile
USR-001312,61,male,SEOUL,2026-06-26T21:53:00+09:00,paid_search,basic,mobile
USR-001313,27,female,GYEONGGI,2025-03-21T15:26:00+09:00,referral,plus,mobile
USR-001314,62,female,GYEONGGI,2024-07-26T12:18:00+09:00,referral,basic,desktop
USR-001315,37,female,SEOUL,2025-11-23T22:13:00+09:00,organic,basic,mobile
USR-001316,35,male,OTHER,2024-09-11T15:19:00+09:00,organic,basic,desktop
USR-001317,55,male,SEOUL,2025-06-23T08:54:00+09:00,paid_search,basic,tablet
USR-001318,29,female,SEOUL,2025-11-08T04:14:00+09:00,referral,basic,mobile
USR-001319,55,female,SEOUL,2025-02-24T14:58:00+09:00,paid_search,basic,desktop
USR-001320,37,female,SEOUL,2025-02-18T10:47:00+09:00,organic,premium,mobile
USR-001321,34,male,BUSAN,2025-03-09T04:35:00+09:00,email,basic,desktop
USR-001322,31,female,INCHEON,2026-02-17T12:06:00+09:00,paid_search,basic,mobile
USR-001323,51,female,GYEONGGI,2026-05-30T01:03:00+09:00,organic,basic,mobile
USR-001324,22,female,DAEJEON,2024-12-03T07:41:00+09:00,affiliate,basic,mobile
USR-001325,24,female,GYEONGGI,2025-01-05T04:06:00+09:00,direct,plus,desktop
USR-001326,34,female,GYEONGGI,2025-02-12T23:29:00+09:00,social,basic,mobile
USR-001327,28,male,SEOUL,2026-05-10T09:40:00+09:00,paid_search,basic,mobile
USR-001328,45,female,SEOUL,2025-08-31T06:45:00+09:00,paid_search,plus,mobile
USR-001329,37,female,DAEJEON,2024-11-30T06:18:00+09:00,paid_search,basic,desktop
USR-001330,26,female,SEOUL,2024-07-17T15:50:00+09:00,referral,basic,desktop
USR-001331,37,male,INCHEON,2025-11-28T01:53:00+09:00,social,premium,desktop
USR-001332,18,male,GYEONGGI,2025-12-11T07:33:00+09:00,paid_search,basic,mobile
USR-001333,26,male,SEOUL,2025-05-25T04:42:00+09:00,paid_search,basic,mobile
USR-001334,38,female,GYEONGGI,2026-03-04T00:32:00+09:00,affiliate,basic,mobile
USR-001335,37,male,SEOUL,2025-02-16T05:58:00+09:00,paid_search,plus,mobile
USR-001336,52,female,BUSAN,2026-02-04T18:57:00+09:00,direct,plus,desktop
USR-001337,28,female,DAEGU,2024-08-09T02:33:00+09:00,organic,basic,mobile
USR-001338,28,female,GYEONGGI,2026-06-20T06:24:00+09:00,organic,basic,mobile
USR-001339,51,male,SEOUL,2025-01-31T01:28:00+09:00,direct,basic,mobile
USR-001340,53,female,SEOUL,2024-11-16T05:03:00+09:00,paid_search,basic,desktop
USR-001341,33,female,SEOUL,2024-08-22T15:41:00+09:00,social,basic,desktop
USR-001342,35,male,BUSAN,2025-07-22T23:22:00+09:00,paid_search,plus,desktop
USR-001343,52,female,INCHEON,2024-12-15T16:08:00+09:00,direct,basic,mobile
USR-001344,34,female,OTHER,2024-08-13T10:13:00+09:00,referral,basic,desktop
USR-001345,71,female,SEOUL,2024-10-16T18:05:00+09:00,referral,basic,desktop
USR-001346,34,male,SEOUL,2024-07-31T05:35:00+09:00,referral,plus,tablet
USR-001347,31,female,GYEONGGI,2025-04-09T17:37:00+09:00,affiliate,basic,tablet
USR-001348,58,female,GYEONGGI,2026-03-08T08:28:00+09:00,organic,basic,desktop
USR-001349,34,male,OTHER,2025-11-06T01:57:00+09:00,social,basic,mobile
USR-001350,38,female,OTHER,2025-03-03T08:05:00+09:00,organic,plus,mobile
USR-001351,29,male,SEOUL,2025-07-19T00:36:00+09:00,social,plus,mobile
USR-001352,18,female,SEOUL,2024-10-24T03:37:00+09:00,direct,basic,mobile
USR-001353,25,male,GYEONGGI,2025-08-14T01:36:00+09:00,organic,basic,desktop
USR-001354,33,female,SEOUL,2025-06-23T02:34:00+09:00,social,plus,mobile
USR-001355,53,female,INCHEON,2026-04-09T03:40:00+09:00,social,basic,desktop
USR-001356,50,male,SEOUL,2024-09-30T04:55:00+09:00,referral,basic,mobile
USR-001357,23,male,SEOUL,2025-01-28T07:43:00+09:00,social,basic,desktop
USR-001358,21,female,GYEONGGI,2024-11-22T12:57:00+09:00,organic,basic,mobile
USR-001359,51,female,DAEJEON,2025-05-14T16:12:00+09:00,organic,plus,desktop
USR-001360,45,female,SEOUL,2026-03-21T14:04:00+09:00,paid_search,basic,desktop
USR-001361,30,male,DAEGU,2026-03-31T07:11:00+09:00,organic,basic,mobile
USR-001362,43,male,GYEONGGI,2024-07-14T00:44:00+09:00,organic,basic,desktop
USR-001363,33,male,SEOUL,2026-02-18T03:40:00+09:00,organic,premium,tablet
USR-001364,21,female,GYEONGGI,2026-06-05T08:41:00+09:00,organic,premium,mobile
USR-001365,25,male,GYEONGGI,2026-01-07T14:48:00+09:00,affiliate,basic,mobile
USR-001366,35,male,DAEGU,2026-05-22T06:27:00+09:00,social,basic,mobile
USR-001367,32,male,SEOUL,2025-06-09T20:25:00+09:00,social,premium,mobile
USR-001368,37,male,SEOUL,2025-03-16T10:49:00+09:00,paid_search,basic,mobile
USR-001369,30,male,GYEONGGI,2025-04-07T07:29:00+09:00,organic,premium,mobile
USR-001370,26,male,INCHEON,2025-06-09T09:57:00+09:00,social,basic,desktop
USR-001371,34,female,GYEONGGI,2025-06-07T08:08:00+09:00,affiliate,plus,mobile
USR-001372,34,female,DAEJEON,2026-01-30T19:48:00+09:00,organic,basic,mobile
USR-001373,48,male,SEOUL,2026-02-24T09:32:00+09:00,referral,basic,mobile
USR-001374,31,male,SEOUL,2025-04-23T13:40:00+09:00,direct,basic,mobile
USR-001375,34,male,SEOUL,2025-12-16T01:46:00+09:00,paid_search,basic,mobile
USR-001376,38,unknown,GYEONGGI,2025-05-30T18:14:00+09:00,social,basic,desktop
USR-001377,30,female,GYEONGGI,2025-08-14T04:22:00+09:00,referral,plus,mobile
USR-001378,38,male,GWANGJU,2025-10-04T08:35:00+09:00,direct,premium,mobile
USR-001379,34,female,OTHER,2026-05-10T20:41:00+09:00,social,basic,desktop
USR-001380,34,female,DAEGU,2024-07-28T00:44:00+09:00,direct,basic,desktop
USR-001381,20,female,BUSAN,2025-08-08T14:00:00+09:00,paid_search,plus,mobile
USR-001382,26,female,DAEJEON,2025-06-28T03:49:00+09:00,organic,plus,mobile
USR-001383,25,male,SEOUL,2026-05-29T11:15:00+09:00,organic,plus,desktop
USR-001384,29,male,GYEONGGI,2026-05-17T08:48:00+09:00,organic,basic,mobile
USR-001385,40,male,INCHEON,2024-07-12T08:17:00+09:00,paid_search,basic,mobile
USR-001386,28,male,INCHEON,2025-02-19T22:21:00+09:00,direct,basic,mobile
USR-001387,29,female,SEOUL,2024-07-30T12:33:00+09:00,referral,premium,mobile
USR-001388,54,female,BUSAN,2024-10-27T14:16:00+09:00,social,basic,mobile
USR-001389,42,male,DAEGU,2024-09-10T05:17:00+09:00,referral,basic,mobile
USR-001390,26,male,SEOUL,2024-09-11T17:51:00+09:00,referral,premium,desktop
USR-001391,46,female,SEOUL,2024-08-30T10:32:00+09:00,paid_search,basic,mobile
USR-001392,53,female,SEOUL,2024-10-16T02:32:00+09:00,organic,basic,mobile
USR-001393,57,male,SEOUL,2025-02-15T20:06:00+09:00,paid_search,basic,desktop
USR-001394,25,male,DAEJEON,2024-10-28T19:52:00+09:00,social,plus,mobile
USR-001395,20,female,SEOUL,2024-11-13T11:31:00+09:00,social,basic,mobile
USR-001396,41,male,SEOUL,2025-07-15T20:34:00+09:00,direct,basic,mobile
USR-001397,41,female,SEOUL,2025-01-09T16:05:00+09:00,email,basic,desktop
USR-001398,22,female,SEOUL,2025-01-30T13:16:00+09:00,organic,basic,desktop
USR-001399,47,female,GYEONGGI,2025-06-10T14:54:00+09:00,organic,basic,mobile
USR-001400,20,male,DAEJEON,2026-01-04T02:32:00+09:00,affiliate,basic,mobile
USR-001401,40,male,BUSAN,2026-05-08T02:16:00+09:00,organic,premium,mobile
USR-001402,39,male,SEOUL,2026-06-05T04:00:00+09:00,affiliate,plus,mobile
USR-001403,42,male,DAEGU,2026-01-22T16:21:00+09:00,paid_search,basic,mobile
USR-001404,47,male,BUSAN,2025-02-07T15:00:00+09:00,referral,basic,mobile
USR-001405,35,female,INCHEON,2026-06-03T14:34:00+09:00,affiliate,plus,desktop
USR-001406,42,male,SEOUL,2025-08-15T15:49:00+09:00,referral,premium,mobile
USR-001407,46,female,SEOUL,2024-07-01T05:12:00+09:00,paid_search,vip,mobile
USR-001408,38,female,GWANGJU,2025-10-17T22:07:00+09:00,paid_search,plus,mobile
USR-001409,48,male,INCHEON,2026-03-31T08:46:00+09:00,paid_search,plus,mobile
USR-001410,42,female,SEOUL,2026-02-21T20:22:00+09:00,referral,basic,mobile
USR-001411,24,male,INCHEON,2025-02-17T16:13:00+09:00,paid_search,basic,desktop
USR-001412,40,female,SEOUL,2025-05-22T08:36:00+09:00,organic,basic,mobile
USR-001413,38,male,SEOUL,2025-11-20T13:02:00+09:00,social,basic,mobile
USR-001414,29,male,SEOUL,2025-12-08T04:55:00+09:00,referral,basic,desktop
USR-001415,25,female,SEOUL,2025-04-19T08:12:00+09:00,direct,basic,mobile
USR-001416,33,male,GYEONGGI,2024-11-09T08:48:00+09:00,direct,basic,mobile
USR-001417,41,male,GWANGJU,2025-12-11T22:25:00+09:00,social,basic,mobile
USR-001418,35,female,OTHER,2025-01-16T09:09:00+09:00,referral,plus,mobile
USR-001419,19,female,SEOUL,2026-02-26T05:32:00+09:00,affiliate,basic,mobile
USR-001420,20,male,SEOUL,2025-08-28T03:00:00+09:00,direct,basic,mobile
USR-001421,55,female,SEOUL,2025-05-11T23:31:00+09:00,organic,basic,mobile
USR-001422,32,female,GYEONGGI,2026-03-25T23:07:00+09:00,organic,plus,mobile
USR-001423,23,female,SEOUL,2026-03-22T22:59:00+09:00,organic,basic,mobile
USR-001424,26,female,SEOUL,2025-10-08T15:44:00+09:00,referral,plus,mobile
USR-001425,32,male,GYEONGGI,2024-09-22T12:19:00+09:00,paid_search,plus,desktop
USR-001426,49,female,GYEONGGI,2025-04-30T21:36:00+09:00,social,basic,mobile
USR-001427,18,female,DAEJEON,2026-03-29T18:26:00+09:00,referral,basic,desktop
USR-001428,42,male,SEOUL,2025-08-07T02:00:00+09:00,organic,basic,mobile
USR-001429,53,male,SEOUL,2025-06-10T23:22:00+09:00,affiliate,basic,mobile
USR-001430,51,female,BUSAN,2025-08-21T00:02:00+09:00,social,basic,mobile
USR-001431,25,male,DAEJEON,2025-04-04T02:31:00+09:00,referral,plus,mobile
USR-001432,28,female,SEOUL,2026-06-20T02:55:00+09:00,email,basic,mobile
USR-001433,45,female,SEOUL,2025-06-08T18:16:00+09:00,paid_search,basic,mobile
USR-001434,38,male,DAEJEON,2024-12-14T04:06:00+09:00,direct,basic,mobile
USR-001435,23,male,DAEGU,2025-05-04T18:34:00+09:00,paid_search,basic,mobile
USR-001436,45,male,DAEJEON,2025-09-26T02:52:00+09:00,affiliate,plus,mobile
USR-001437,27,male,SEOUL,2026-04-05T13:30:00+09:00,organic,basic,desktop
USR-001438,23,male,BUSAN,2024-09-15T05:20:00+09:00,direct,plus,desktop
USR-001439,35,female,SEOUL,2024-11-15T10:47:00+09:00,direct,plus,mobile
USR-001440,38,female,GYEONGGI,2025-06-22T14:45:00+09:00,organic,basic,mobile
USR-001441,60,female,GWANGJU,2025-10-06T18:02:00+09:00,referral,basic,desktop
USR-001442,53,female,GYEONGGI,2025-08-26T21:30:00+09:00,paid_search,plus,mobile
USR-001443,31,female,SEOUL,2025-08-20T04:01:00+09:00,direct,plus,mobile
USR-001444,30,female,GYEONGGI,2024-10-18T14:19:00+09:00,social,plus,mobile
USR-001445,59,female,INCHEON,2026-02-20T22:23:00+09:00,affiliate,plus,mobile
USR-001446,50,female,SEOUL,2025-02-25T17:17:00+09:00,direct,plus,desktop
USR-001447,69,female,BUSAN,2025-07-28T18:15:00+09:00,paid_search,plus,desktop
USR-001448,29,male,INCHEON,2025-12-20T22:49:00+09:00,organic,premium,mobile
USR-001449,31,female,GWANGJU,2025-04-09T01:10:00+09:00,email,plus,desktop
USR-001450,39,male,GYEONGGI,2025-09-14T18:54:00+09:00,paid_search,basic,tablet
USR-001451,58,female,GYEONGGI,2025-01-23T19:58:00+09:00,direct,plus,desktop
USR-001452,42,male,INCHEON,2026-01-30T11:52:00+09:00,referral,plus,desktop
USR-001453,21,male,GWANGJU,2024-10-18T12:56:00+09:00,referral,basic,mobile
USR-001454,33,male,DAEGU,2025-02-21T07:48:00+09:00,organic,basic,mobile
USR-001455,53,female,SEOUL,2026-03-24T14:16:00+09:00,direct,basic,desktop
USR-001456,33,male,INCHEON,2025-06-29T01:21:00+09:00,referral,plus,mobile
USR-001457,55,male,SEOUL,2026-01-08T14:06:00+09:00,paid_search,basic,desktop
USR-001458,25,male,SEOUL,2024-10-14T12:41:00+09:00,direct,basic,desktop
USR-001459,22,male,INCHEON,2026-03-02T05:58:00+09:00,paid_search,basic,mobile
USR-001460,33,female,GYEONGGI,2025-07-26T06:50:00+09:00,social,plus,mobile
USR-001461,53,male,INCHEON,2024-11-15T23:43:00+09:00,referral,basic,desktop
USR-001462,44,female,INCHEON,2025-03-05T17:31:00+09:00,paid_search,plus,mobile
USR-001463,44,male,GWANGJU,2024-12-07T13:39:00+09:00,organic,basic,desktop
USR-001464,39,female,GYEONGGI,2025-08-10T17:40:00+09:00,paid_search,basic,desktop
USR-001465,30,female,GYEONGGI,2025-09-03T23:26:00+09:00,organic,basic,mobile
USR-001466,73,female,DAEGU,2026-01-23T21:19:00+09:00,referral,plus,mobile
USR-001467,27,male,GYEONGGI,2024-12-30T04:45:00+09:00,organic,basic,mobile
USR-001468,55,female,DAEGU,2026-05-01T04:52:00+09:00,referral,basic,desktop
USR-001469,37,unknown,INCHEON,2024-11-25T07:10:00+09:00,referral,basic,mobile
USR-001470,51,female,DAEJEON,2024-07-06T10:10:00+09:00,direct,basic,mobile
USR-001471,21,male,DAEJEON,2025-06-02T20:50:00+09:00,social,premium,mobile
USR-001472,66,female,SEOUL,2025-08-11T08:21:00+09:00,organic,premium,desktop
USR-001473,49,female,DAEGU,2026-05-24T00:44:00+09:00,paid_search,basic,mobile
USR-001474,44,male,SEOUL,2026-02-08T09:51:00+09:00,social,plus,mobile
USR-001475,31,female,INCHEON,2025-09-06T19:09:00+09:00,organic,basic,mobile
USR-001476,49,male,GYEONGGI,2025-02-09T13:31:00+09:00,social,premium,mobile
USR-001477,36,female,INCHEON,2026-02-07T15:27:00+09:00,paid_search,basic,mobile
USR-001478,51,female,OTHER,2025-01-09T09:15:00+09:00,referral,basic,mobile
USR-001479,72,male,GYEONGGI,2025-01-30T22:00:00+09:00,organic,basic,mobile
USR-001480,19,female,SEOUL,2026-02-10T20:15:00+09:00,paid_search,basic,mobile
USR-001481,42,male,BUSAN,2025-05-30T22:35:00+09:00,direct,basic,mobile
USR-001482,39,female,GYEONGGI,2026-04-08T22:20:00+09:00,referral,basic,mobile
USR-001483,58,female,DAEJEON,2025-05-22T07:58:00+09:00,referral,basic,tablet
USR-001484,42,female,SEOUL,2025-02-20T17:48:00+09:00,direct,plus,mobile
USR-001485,64,female,GYEONGGI,2025-07-08T13:52:00+09:00,paid_search,plus,mobile
USR-001486,21,male,DAEGU,2025-09-28T22:42:00+09:00,social,vip,mobile
USR-001487,25,female,SEOUL,2025-05-14T15:30:00+09:00,referral,basic,mobile
USR-001488,36,female,SEOUL,2026-04-30T18:48:00+09:00,organic,plus,mobile
USR-001489,34,male,SEOUL,2025-11-25T03:35:00+09:00,email,basic,desktop
USR-001490,39,male,GYEONGGI,2025-11-10T22:22:00+09:00,organic,basic,desktop
USR-001491,35,female,GWANGJU,2026-02-25T13:40:00+09:00,paid_search,basic,mobile
USR-001492,74,female,BUSAN,2026-06-02T10:55:00+09:00,organic,basic,desktop
USR-001493,25,female,DAEJEON,2025-11-05T21:01:00+09:00,referral,basic,desktop
USR-001494,24,male,DAEJEON,2024-12-25T03:15:00+09:00,organic,basic,mobile
USR-001495,74,female,SEOUL,2025-07-14T14:51:00+09:00,paid_search,vip,mobile
USR-001496,34,male,GYEONGGI,2026-06-08T14:13:00+09:00,referral,premium,mobile
USR-001497,55,male,DAEGU,2026-04-04T00:44:00+09:00,organic,basic,desktop
USR-001498,25,female,SEOUL,2025-08-06T13:40:00+09:00,organic,basic,desktop
USR-001499,21,male,SEOUL,2025-03-25T04:28:00+09:00,paid_search,premium,mobile
USR-001500,64,female,SEOUL,2025-11-02T23:52:00+09:00,affiliate,plus,desktop
USR-001501,43,male,SEOUL,2025-06-08T14:29:00+09:00,referral,premium,desktop
USR-001502,41,female,SEOUL,2024-08-15T05:48:00+09:00,referral,basic,mobile
USR-001503,31,female,BUSAN,2025-09-03T16:05:00+09:00,organic,basic,mobile
USR-001504,21,male,SEOUL,2024-11-13T08:24:00+09:00,referral,basic,mobile
USR-001505,26,female,BUSAN,2025-09-24T01:01:00+09:00,paid_search,basic,mobile
USR-001506,21,female,DAEGU,2025-07-17T22:24:00+09:00,organic,basic,mobile
USR-001507,47,male,SEOUL,2025-01-20T12:11:00+09:00,referral,basic,mobile
USR-001508,28,female,DAEGU,2025-04-27T00:27:00+09:00,social,basic,mobile
USR-001509,33,female,SEOUL,2025-03-23T05:19:00+09:00,social,plus,mobile
USR-001510,61,male,SEOUL,2025-05-28T22:46:00+09:00,paid_search,vip,desktop
USR-001511,40,unknown,GYEONGGI,2026-05-11T14:40:00+09:00,paid_search,plus,mobile
USR-001512,55,female,GYEONGGI,2025-09-04T12:34:00+09:00,organic,basic,desktop
USR-001513,25,male,SEOUL,2025-08-28T01:27:00+09:00,organic,premium,mobile
USR-001514,30,female,INCHEON,2025-06-03T16:46:00+09:00,referral,basic,mobile
USR-001515,41,female,OTHER,2026-05-14T17:32:00+09:00,paid_search,basic,desktop
USR-001516,46,male,GYEONGGI,2025-05-04T03:38:00+09:00,referral,plus,mobile
USR-001517,29,male,SEOUL,2025-08-22T21:44:00+09:00,social,basic,mobile
USR-001518,18,female,GYEONGGI,2025-02-27T18:39:00+09:00,affiliate,plus,mobile
USR-001519,49,male,SEOUL,2025-03-18T09:40:00+09:00,organic,plus,desktop
USR-001520,30,male,SEOUL,2025-09-11T10:16:00+09:00,organic,plus,mobile
USR-001521,32,female,GWANGJU,2026-03-14T05:05:00+09:00,organic,premium,mobile
USR-001522,35,female,SEOUL,2026-02-26T08:55:00+09:00,social,basic,mobile
USR-001523,46,female,SEOUL,2025-03-02T11:01:00+09:00,organic,basic,desktop
USR-001524,36,male,DAEJEON,2025-01-28T13:20:00+09:00,email,basic,mobile
USR-001525,68,male,GWANGJU,2025-08-06T16:08:00+09:00,email,basic,desktop
USR-001526,30,female,GYEONGGI,2024-12-19T06:04:00+09:00,referral,premium,mobile
USR-001527,30,female,SEOUL,2026-02-21T08:35:00+09:00,social,plus,mobile
USR-001528,40,female,DAEGU,2025-07-06T10:32:00+09:00,social,basic,mobile
USR-001529,25,female,SEOUL,2025-01-31T23:20:00+09:00,organic,basic,mobile
USR-001530,62,female,GYEONGGI,2025-09-30T14:11:00+09:00,referral,vip,desktop
USR-001531,25,male,GYEONGGI,2025-04-23T10:26:00+09:00,referral,plus,mobile
USR-001532,30,male,SEOUL,2026-01-19T02:23:00+09:00,paid_search,plus,mobile
USR-001533,50,female,GYEONGGI,2024-09-04T11:03:00+09:00,social,basic,desktop
USR-001534,51,female,GWANGJU,2025-05-20T15:19:00+09:00,organic,premium,desktop
USR-001535,44,male,DAEJEON,2025-07-05T20:32:00+09:00,organic,basic,mobile
USR-001536,40,female,GYEONGGI,2025-11-02T10:53:00+09:00,referral,plus,mobile
USR-001537,64,female,GYEONGGI,2025-01-02T23:07:00+09:00,direct,basic,desktop
USR-001538,64,female,SEOUL,2025-10-15T17:18:00+09:00,organic,premium,mobile
USR-001539,68,female,GYEONGGI,2026-01-14T07:43:00+09:00,referral,basic,desktop
USR-001540,21,female,GYEONGGI,2025-11-04T11:17:00+09:00,direct,basic,mobile
USR-001541,40,female,OTHER,2024-08-26T20:22:00+09:00,social,basic,mobile
USR-001542,35,male,SEOUL,2025-06-22T20:29:00+09:00,social,basic,mobile
USR-001543,36,male,SEOUL,2026-04-30T11:04:00+09:00,paid_search,basic,mobile
USR-001544,35,female,GYEONGGI,2026-06-18T13:17:00+09:00,affiliate,plus,mobile
USR-001545,43,male,SEOUL,2025-10-27T13:28:00+09:00,referral,basic,mobile
USR-001546,29,female,GYEONGGI,2025-05-29T11:05:00+09:00,direct,basic,desktop
USR-001547,20,male,DAEGU,2024-12-30T04:03:00+09:00,organic,basic,mobile
USR-001548,74,unknown,SEOUL,2024-12-14T11:40:00+09:00,paid_search,plus,desktop
USR-001549,39,female,SEOUL,2025-02-19T03:40:00+09:00,direct,basic,mobile
USR-001550,39,female,DAEGU,2025-05-19T12:06:00+09:00,affiliate,plus,mobile
USR-001551,19,male,GYEONGGI,2025-10-28T08:43:00+09:00,organic,basic,mobile
USR-001552,43,unknown,INCHEON,2026-02-25T02:38:00+09:00,direct,basic,mobile
USR-001553,46,female,SEOUL,2024-07-11T04:04:00+09:00,social,basic,mobile
USR-001554,59,male,SEOUL,2026-01-25T15:38:00+09:00,organic,plus,mobile
USR-001555,25,female,INCHEON,2024-11-20T05:11:00+09:00,direct,plus,mobile
USR-001556,26,male,BUSAN,2026-04-02T01:18:00+09:00,referral,basic,desktop
USR-001557,51,female,DAEJEON,2025-03-10T20:14:00+09:00,referral,basic,mobile
USR-001558,70,male,SEOUL,2024-09-25T14:07:00+09:00,social,premium,mobile
USR-001559,40,female,SEOUL,2026-05-07T13:56:00+09:00,referral,basic,mobile
USR-001560,69,female,SEOUL,2025-05-23T07:03:00+09:00,paid_search,vip,mobile
USR-001561,31,female,SEOUL,2025-08-25T03:23:00+09:00,organic,basic,mobile
USR-001562,27,female,BUSAN,2024-07-04T23:50:00+09:00,direct,plus,desktop
USR-001563,38,female,GYEONGGI,2024-07-20T20:33:00+09:00,social,plus,desktop
USR-001564,54,female,GYEONGGI,2024-10-29T13:47:00+09:00,organic,plus,desktop
USR-001565,24,female,GYEONGGI,2024-08-24T16:16:00+09:00,direct,basic,mobile
USR-001566,51,female,SEOUL,2026-06-05T01:35:00+09:00,affiliate,basic,desktop
USR-001567,48,female,INCHEON,2025-12-19T00:21:00+09:00,paid_search,plus,desktop
USR-001568,53,male,SEOUL,2025-05-19T10:56:00+09:00,social,basic,mobile
USR-001569,30,female,GYEONGGI,2026-02-06T02:54:00+09:00,paid_search,premium,desktop
USR-001570,33,male,INCHEON,2024-09-04T02:57:00+09:00,referral,basic,desktop
USR-001571,36,female,INCHEON,2024-11-29T11:15:00+09:00,organic,plus,mobile
USR-001572,46,female,GYEONGGI,2025-05-11T08:44:00+09:00,organic,basic,mobile
USR-001573,30,female,DAEGU,2026-06-05T21:46:00+09:00,direct,basic,mobile
USR-001574,20,female,BUSAN,2025-05-16T13:08:00+09:00,email,basic,mobile
USR-001575,36,male,GYEONGGI,2025-02-03T11:33:00+09:00,referral,basic,desktop
USR-001576,38,female,SEOUL,2025-07-15T01:40:00+09:00,organic,basic,tablet
USR-001577,32,male,SEOUL,2026-04-25T10:50:00+09:00,email,premium,mobile
USR-001578,22,male,SEOUL,2026-05-04T21:10:00+09:00,paid_search,basic,mobile
USR-001579,67,male,BUSAN,2026-06-08T11:47:00+09:00,referral,basic,mobile
USR-001580,55,male,GYEONGGI,2025-03-12T14:00:00+09:00,referral,basic,desktop
USR-001581,63,female,DAEJEON,2026-04-09T02:52:00+09:00,referral,plus,tablet
USR-001582,37,female,INCHEON,2026-05-12T00:37:00+09:00,referral,basic,desktop
USR-001583,40,female,GYEONGGI,2025-11-22T14:53:00+09:00,organic,vip,mobile
USR-001584,62,female,SEOUL,2025-10-05T19:09:00+09:00,affiliate,premium,desktop
USR-001585,47,male,SEOUL,2024-12-25T16:18:00+09:00,paid_search,basic,desktop
USR-001586,21,male,SEOUL,2025-01-26T05:22:00+09:00,social,premium,desktop
USR-001587,43,male,GYEONGGI,2024-10-24T11:42:00+09:00,organic,basic,desktop
USR-001588,33,female,BUSAN,2024-12-05T21:49:00+09:00,referral,basic,mobile
USR-001589,50,male,SEOUL,2024-09-25T02:44:00+09:00,affiliate,plus,mobile
USR-001590,23,female,GYEONGGI,2025-01-18T01:28:00+09:00,referral,basic,mobile
USR-001591,38,male,GYEONGGI,2025-05-16T16:27:00+09:00,organic,premium,mobile
USR-001592,28,male,INCHEON,2026-04-05T14:07:00+09:00,social,basic,mobile
USR-001593,34,male,GWANGJU,2024-08-08T10:21:00+09:00,paid_search,basic,mobile
USR-001594,48,female,GYEONGGI,2026-01-15T05:13:00+09:00,organic,basic,mobile
USR-001595,35,male,SEOUL,2026-04-01T11:06:00+09:00,paid_search,plus,desktop
USR-001596,41,male,SEOUL,2024-07-04T06:56:00+09:00,social,basic,mobile
USR-001597,29,male,SEOUL,2025-11-23T22:35:00+09:00,affiliate,plus,mobile
USR-001598,18,female,DAEJEON,2025-01-26T13:12:00+09:00,paid_search,basic,mobile
USR-001599,54,male,GYEONGGI,2025-02-03T03:56:00+09:00,organic,plus,mobile
USR-001600,44,male,OTHER,2026-01-29T12:16:00+09:00,referral,basic,desktop
USR-001601,38,female,DAEGU,2025-11-08T19:51:00+09:00,email,plus,mobile
USR-001602,28,female,DAEGU,2024-10-23T23:27:00+09:00,affiliate,plus,mobile
USR-001603,44,male,SEOUL,2025-04-01T22:40:00+09:00,social,basic,desktop
USR-001604,48,female,GWANGJU,2025-03-06T09:57:00+09:00,organic,basic,desktop
USR-001605,28,female,SEOUL,2025-06-18T22:08:00+09:00,social,premium,mobile
USR-001606,34,male,DAEJEON,2024-10-16T14:45:00+09:00,social,basic,mobile
USR-001607,50,female,GYEONGGI,2026-06-11T00:00:00+09:00,referral,basic,desktop
USR-001608,36,male,SEOUL,2024-08-30T19:47:00+09:00,organic,basic,tablet
USR-001609,21,female,GYEONGGI,2024-11-14T23:46:00+09:00,organic,basic,mobile
USR-001610,53,female,INCHEON,2025-07-02T06:49:00+09:00,social,basic,mobile
USR-001611,31,female,DAEGU,2024-06-30T06:03:00+09:00,affiliate,basic,mobile
USR-001612,27,female,SEOUL,2025-07-04T17:31:00+09:00,paid_search,premium,mobile
USR-001613,35,male,INCHEON,2024-12-16T16:27:00+09:00,email,basic,mobile
USR-001614,45,female,SEOUL,2025-02-16T18:31:00+09:00,social,premium,tablet
USR-001615,46,male,INCHEON,2025-01-14T22:35:00+09:00,paid_search,basic,mobile
USR-001616,26,female,SEOUL,2024-07-26T10:07:00+09:00,social,plus,desktop
USR-001617,38,male,GYEONGGI,2024-08-14T16:53:00+09:00,affiliate,premium,mobile
USR-001618,39,female,SEOUL,2025-10-29T05:21:00+09:00,direct,basic,mobile
USR-001619,43,female,SEOUL,2025-08-15T02:33:00+09:00,social,basic,desktop
USR-001620,43,male,BUSAN,2024-10-05T04:15:00+09:00,email,basic,mobile
USR-001621,26,male,OTHER,2026-01-08T16:28:00+09:00,email,plus,mobile
USR-001622,24,female,GWANGJU,2026-05-05T16:15:00+09:00,referral,premium,mobile
USR-001623,36,male,SEOUL,2024-08-09T12:13:00+09:00,organic,plus,desktop
USR-001624,27,female,DAEJEON,2025-09-09T14:46:00+09:00,email,basic,desktop
USR-001625,63,male,BUSAN,2024-12-03T14:40:00+09:00,direct,basic,desktop
USR-001626,24,male,DAEGU,2024-08-26T15:00:00+09:00,paid_search,plus,mobile
USR-001627,33,female,DAEGU,2024-12-16T00:24:00+09:00,social,basic,mobile
USR-001628,45,male,DAEGU,2025-01-14T03:25:00+09:00,paid_search,basic,mobile
USR-001629,39,male,SEOUL,2024-11-16T23:32:00+09:00,organic,plus,mobile
USR-001630,62,female,DAEJEON,2025-06-12T21:04:00+09:00,referral,plus,mobile
USR-001631,55,female,SEOUL,2024-09-01T13:27:00+09:00,social,plus,desktop
USR-001632,26,male,SEOUL,2026-05-08T17:07:00+09:00,paid_search,basic,mobile
USR-001633,32,male,BUSAN,2024-08-23T18:42:00+09:00,affiliate,basic,mobile
USR-001634,34,female,GYEONGGI,2026-02-07T10:17:00+09:00,paid_search,basic,desktop
USR-001635,26,unknown,GYEONGGI,2025-03-24T18:25:00+09:00,affiliate,plus,mobile
USR-001636,67,male,SEOUL,2025-12-30T23:57:00+09:00,paid_search,basic,desktop
USR-001637,35,male,SEOUL,2024-10-21T19:54:00+09:00,organic,basic,mobile
USR-001638,32,male,SEOUL,2026-04-13T08:59:00+09:00,organic,basic,mobile
USR-001639,19,female,GYEONGGI,2024-10-05T01:23:00+09:00,organic,basic,mobile
USR-001640,41,male,SEOUL,2025-10-22T00:28:00+09:00,paid_search,basic,tablet
USR-001641,35,male,GYEONGGI,2026-04-02T07:46:00+09:00,direct,basic,desktop
USR-001642,62,female,GYEONGGI,2025-02-20T02:01:00+09:00,referral,premium,mobile
USR-001643,20,female,DAEGU,2024-08-10T22:22:00+09:00,paid_search,plus,tablet
USR-001644,19,male,GYEONGGI,2025-04-29T14:38:00+09:00,paid_search,basic,mobile
USR-001645,28,male,GYEONGGI,2024-11-17T21:53:00+09:00,social,basic,mobile
USR-001646,34,female,GYEONGGI,2025-01-22T17:50:00+09:00,organic,basic,mobile
USR-001647,63,female,SEOUL,2026-06-09T20:21:00+09:00,direct,vip,tablet
USR-001648,43,male,GYEONGGI,2025-12-06T23:50:00+09:00,direct,basic,desktop
USR-001649,21,male,SEOUL,2025-03-21T13:11:00+09:00,social,vip,mobile
USR-001650,29,male,SEOUL,2025-11-26T05:36:00+09:00,direct,premium,mobile
USR-001651,32,female,SEOUL,2025-04-03T02:00:00+09:00,email,basic,mobile
USR-001652,36,male,GYEONGGI,2025-12-29T04:03:00+09:00,paid_search,premium,mobile
USR-001653,48,male,BUSAN,2025-07-01T16:24:00+09:00,organic,basic,desktop
USR-001654,27,male,SEOUL,2024-08-11T18:19:00+09:00,direct,plus,mobile
USR-001655,22,female,GYEONGGI,2024-11-08T15:13:00+09:00,paid_search,plus,mobile
USR-001656,23,male,SEOUL,2025-02-26T02:43:00+09:00,organic,basic,mobile
USR-001657,27,female,SEOUL,2025-01-16T04:07:00+09:00,paid_search,plus,desktop
USR-001658,55,male,INCHEON,2025-06-10T06:37:00+09:00,email,basic,desktop
USR-001659,29,male,GYEONGGI,2026-03-12T09:56:00+09:00,paid_search,basic,mobile
USR-001660,40,female,BUSAN,2025-10-07T10:48:00+09:00,referral,premium,desktop
USR-001661,41,female,OTHER,2024-10-23T21:44:00+09:00,organic,basic,desktop
USR-001662,61,male,DAEJEON,2026-01-12T00:12:00+09:00,social,basic,desktop
USR-001663,40,male,GYEONGGI,2025-08-07T03:51:00+09:00,affiliate,basic,mobile
USR-001664,26,male,GYEONGGI,2026-03-22T11:26:00+09:00,direct,plus,mobile
USR-001665,42,male,BUSAN,2025-06-22T09:19:00+09:00,direct,basic,desktop
USR-001666,37,female,SEOUL,2025-01-06T14:30:00+09:00,affiliate,vip,mobile
USR-001667,43,female,GWANGJU,2026-03-21T13:07:00+09:00,affiliate,plus,mobile
USR-001668,29,male,GYEONGGI,2026-05-26T03:10:00+09:00,paid_search,basic,mobile
USR-001669,33,male,GYEONGGI,2024-12-16T03:26:00+09:00,social,basic,mobile
USR-001670,29,female,DAEGU,2025-02-09T13:07:00+09:00,organic,basic,desktop
USR-001671,25,female,SEOUL,2025-06-05T18:21:00+09:00,social,basic,mobile
USR-001672,65,female,GYEONGGI,2025-08-06T09:34:00+09:00,social,premium,desktop
USR-001673,34,female,INCHEON,2025-12-21T16:06:00+09:00,direct,basic,mobile
USR-001674,49,male,GYEONGGI,2024-09-12T07:46:00+09:00,paid_search,basic,desktop
USR-001675,61,male,GYEONGGI,2026-02-05T10:53:00+09:00,affiliate,basic,mobile
USR-001676,33,female,GYEONGGI,2026-01-25T00:34:00+09:00,paid_search,basic,mobile
USR-001677,19,male,INCHEON,2026-01-07T23:08:00+09:00,referral,basic,mobile
USR-001678,58,male,INCHEON,2026-05-17T12:41:00+09:00,organic,basic,mobile
USR-001679,53,male,SEOUL,2025-01-07T13:12:00+09:00,organic,basic,mobile
USR-001680,30,male,SEOUL,2024-10-17T04:22:00+09:00,paid_search,premium,mobile
USR-001681,31,male,DAEGU,2025-01-20T00:48:00+09:00,organic,plus,mobile
USR-001682,34,female,SEOUL,2025-08-18T14:10:00+09:00,paid_search,basic,mobile
USR-001683,49,male,SEOUL,2024-12-04T21:41:00+09:00,organic,plus,mobile
USR-001684,30,female,GYEONGGI,2024-08-29T07:15:00+09:00,social,premium,mobile
USR-001685,68,female,DAEGU,2025-12-31T00:27:00+09:00,paid_search,basic,mobile
USR-001686,25,female,SEOUL,2026-05-17T08:53:00+09:00,direct,basic,mobile
USR-001687,62,male,SEOUL,2026-06-09T12:36:00+09:00,paid_search,basic,mobile
USR-001688,28,male,GYEONGGI,2025-02-03T22:43:00+09:00,paid_search,basic,mobile
USR-001689,28,male,GYEONGGI,2025-12-10T06:45:00+09:00,direct,vip,desktop
USR-001690,53,male,SEOUL,2026-02-03T17:59:00+09:00,affiliate,basic,desktop
USR-001691,35,female,GYEONGGI,2025-06-09T21:52:00+09:00,direct,basic,mobile
USR-001692,29,male,SEOUL,2024-10-12T00:56:00+09:00,direct,basic,mobile
USR-001693,30,female,SEOUL,2024-08-27T17:23:00+09:00,paid_search,plus,mobile
USR-001694,29,female,BUSAN,2025-10-18T22:27:00+09:00,affiliate,plus,desktop
USR-001695,51,male,SEOUL,2025-03-05T19:42:00+09:00,social,plus,mobile
USR-001696,19,female,SEOUL,2025-08-12T23:22:00+09:00,direct,basic,mobile
USR-001697,39,female,BUSAN,2026-04-27T20:34:00+09:00,direct,basic,tablet
USR-001698,49,male,GYEONGGI,2025-04-20T14:57:00+09:00,social,plus,desktop
USR-001699,52,female,GYEONGGI,2026-01-20T22:30:00+09:00,organic,basic,desktop
USR-001700,23,male,DAEJEON,2024-10-18T09:56:00+09:00,organic,basic,mobile
USR-001701,37,female,DAEGU,2025-09-22T11:17:00+09:00,direct,vip,desktop
USR-001702,48,female,GYEONGGI,2025-06-25T21:15:00+09:00,social,plus,mobile
USR-001703,58,male,INCHEON,2024-09-06T11:24:00+09:00,email,plus,desktop
USR-001704,70,male,SEOUL,2025-02-12T11:54:00+09:00,referral,premium,desktop
USR-001705,39,female,SEOUL,2025-10-06T09:09:00+09:00,paid_search,basic,desktop
USR-001706,41,male,GYEONGGI,2026-06-28T13:37:00+09:00,organic,plus,mobile
USR-001707,20,female,SEOUL,2026-04-04T08:15:00+09:00,organic,plus,desktop
USR-001708,48,male,SEOUL,2025-02-09T12:01:00+09:00,direct,plus,mobile
USR-001709,25,male,SEOUL,2026-03-23T01:23:00+09:00,organic,plus,desktop
USR-001710,41,male,SEOUL,2025-07-20T08:25:00+09:00,email,basic,mobile
USR-001711,24,female,INCHEON,2024-08-01T13:40:00+09:00,social,basic,mobile
USR-001712,43,female,SEOUL,2025-03-27T08:27:00+09:00,referral,premium,mobile
USR-001713,41,male,OTHER,2025-05-27T03:55:00+09:00,affiliate,plus,desktop
USR-001714,34,male,GYEONGGI,2025-05-21T09:25:00+09:00,organic,basic,mobile
USR-001715,25,male,SEOUL,2025-04-02T19:37:00+09:00,organic,plus,mobile
USR-001716,51,female,DAEGU,2026-04-24T23:09:00+09:00,social,basic,mobile
USR-001717,55,male,GYEONGGI,2024-07-12T15:22:00+09:00,social,basic,mobile
USR-001718,38,male,SEOUL,2025-05-05T01:08:00+09:00,affiliate,plus,mobile
USR-001719,30,male,OTHER,2024-09-18T16:18:00+09:00,social,plus,mobile
USR-001720,32,female,SEOUL,2026-02-10T00:54:00+09:00,direct,plus,desktop
USR-001721,36,male,GYEONGGI,2024-07-13T22:02:00+09:00,paid_search,basic,mobile
USR-001722,19,male,DAEGU,2026-06-28T23:49:00+09:00,social,basic,mobile
USR-001723,22,female,GYEONGGI,2024-08-26T05:14:00+09:00,paid_search,plus,mobile
USR-001724,43,unknown,SEOUL,2026-03-11T11:37:00+09:00,social,basic,mobile
USR-001725,55,female,DAEJEON,2026-01-07T08:41:00+09:00,paid_search,basic,mobile
USR-001726,40,female,SEOUL,2025-08-13T06:59:00+09:00,social,basic,mobile
USR-001727,25,female,GYEONGGI,2025-05-16T11:43:00+09:00,direct,plus,mobile
USR-001728,33,female,SEOUL,2025-02-05T16:04:00+09:00,affiliate,plus,mobile
USR-001729,52,female,GYEONGGI,2024-11-02T21:19:00+09:00,paid_search,plus,mobile
USR-001730,29,female,SEOUL,2026-05-06T01:35:00+09:00,direct,basic,tablet
USR-001731,50,male,GYEONGGI,2025-10-15T07:33:00+09:00,social,basic,mobile
USR-001732,25,female,OTHER,2024-12-04T03:10:00+09:00,referral,basic,mobile
USR-001733,21,male,GYEONGGI,2026-05-08T08:00:00+09:00,direct,plus,mobile
USR-001734,52,female,GYEONGGI,2024-11-15T18:19:00+09:00,paid_search,plus,desktop
USR-001735,23,male,SEOUL,2024-11-13T20:00:00+09:00,organic,vip,tablet
USR-001736,55,male,SEOUL,2024-11-23T14:31:00+09:00,affiliate,plus,desktop
USR-001737,37,female,GYEONGGI,2025-06-30T12:31:00+09:00,social,plus,mobile
USR-001738,32,male,GYEONGGI,2025-03-23T01:21:00+09:00,affiliate,basic,mobile
USR-001739,43,male,GYEONGGI,2025-06-13T09:22:00+09:00,organic,basic,mobile
USR-001740,25,female,SEOUL,2024-09-14T14:47:00+09:00,organic,plus,desktop
USR-001741,63,female,OTHER,2024-11-21T15:33:00+09:00,organic,plus,desktop
USR-001742,40,male,GYEONGGI,2026-04-08T17:35:00+09:00,organic,basic,mobile
USR-001743,38,male,BUSAN,2026-02-13T00:22:00+09:00,paid_search,premium,mobile
USR-001744,43,female,OTHER,2025-11-01T09:25:00+09:00,paid_search,premium,mobile
USR-001745,18,female,SEOUL,2024-09-06T09:06:00+09:00,organic,plus,mobile
USR-001746,50,female,DAEJEON,2026-01-21T10:23:00+09:00,email,premium,desktop
USR-001747,55,male,GYEONGGI,2024-12-12T10:09:00+09:00,organic,premium,mobile
USR-001748,33,male,SEOUL,2024-12-23T10:06:00+09:00,paid_search,basic,tablet
USR-001749,20,female,SEOUL,2026-05-30T07:11:00+09:00,affiliate,basic,mobile
USR-001750,25,female,BUSAN,2025-12-29T16:51:00+09:00,organic,basic,mobile
USR-001751,25,unknown,GYEONGGI,2025-07-20T13:52:00+09:00,social,basic,mobile
USR-001752,33,female,DAEJEON,2026-06-18T00:25:00+09:00,referral,plus,desktop
USR-001753,57,female,SEOUL,2026-05-17T10:06:00+09:00,referral,basic,desktop
USR-001754,30,female,SEOUL,2025-08-01T10:53:00+09:00,social,basic,desktop
USR-001755,20,female,GYEONGGI,2025-10-27T04:08:00+09:00,referral,basic,mobile
USR-001756,29,male,GYEONGGI,2025-07-01T06:49:00+09:00,paid_search,basic,mobile
USR-001757,29,male,SEOUL,2025-07-05T10:55:00+09:00,organic,plus,mobile
USR-001758,27,female,SEOUL,2025-07-16T06:34:00+09:00,direct,basic,mobile
USR-001759,34,female,GWANGJU,2024-10-16T03:40:00+09:00,direct,premium,mobile
USR-001760,37,female,SEOUL,2024-11-03T04:32:00+09:00,organic,vip,desktop
USR-001761,44,male,INCHEON,2025-09-26T15:05:00+09:00,email,basic,mobile
USR-001762,51,female,SEOUL,2024-11-05T05:42:00+09:00,affiliate,plus,mobile
USR-001763,31,male,SEOUL,2025-04-05T05:20:00+09:00,affiliate,basic,desktop
USR-001764,53,female,SEOUL,2026-04-17T12:10:00+09:00,organic,basic,desktop
USR-001765,26,male,GYEONGGI,2026-03-24T20:03:00+09:00,referral,basic,mobile
USR-001766,36,male,SEOUL,2024-08-29T05:25:00+09:00,email,premium,mobile
USR-001767,27,female,SEOUL,2025-07-26T04:57:00+09:00,direct,vip,mobile
USR-001768,29,male,GYEONGGI,2024-07-05T05:51:00+09:00,social,plus,mobile
USR-001769,44,male,GYEONGGI,2024-09-30T14:34:00+09:00,social,premium,desktop
USR-001770,20,male,SEOUL,2025-10-09T10:37:00+09:00,organic,premium,mobile
USR-001771,58,male,BUSAN,2025-10-28T17:27:00+09:00,social,basic,desktop
USR-001772,42,female,BUSAN,2025-03-28T14:04:00+09:00,organic,basic,tablet
USR-001773,23,female,DAEGU,2024-08-22T07:08:00+09:00,organic,plus,mobile
USR-001774,19,female,GYEONGGI,2025-11-04T02:28:00+09:00,social,basic,mobile
USR-001775,46,male,GWANGJU,2025-09-20T02:54:00+09:00,social,basic,mobile
USR-001776,35,female,GWANGJU,2025-04-14T15:46:00+09:00,paid_search,basic,mobile
USR-001777,44,female,SEOUL,2025-08-16T02:53:00+09:00,direct,plus,mobile
USR-001778,40,male,SEOUL,2024-08-29T07:05:00+09:00,referral,vip,mobile
USR-001779,39,male,SEOUL,2024-11-17T22:45:00+09:00,direct,premium,mobile
USR-001780,54,female,GWANGJU,2026-05-21T07:18:00+09:00,organic,plus,desktop
USR-001781,34,female,SEOUL,2024-12-09T16:37:00+09:00,paid_search,basic,mobile
USR-001782,53,male,GYEONGGI,2024-08-03T05:08:00+09:00,referral,premium,mobile
USR-001783,36,male,DAEJEON,2024-10-30T22:09:00+09:00,organic,basic,desktop
USR-001784,32,male,GWANGJU,2026-01-22T22:15:00+09:00,paid_search,basic,mobile
USR-001785,39,male,BUSAN,2025-06-28T15:02:00+09:00,referral,basic,desktop
USR-001786,27,female,GYEONGGI,2026-06-09T13:13:00+09:00,referral,basic,mobile
USR-001787,34,male,BUSAN,2024-12-28T19:28:00+09:00,paid_search,basic,mobile
USR-001788,35,male,GYEONGGI,2024-12-17T08:01:00+09:00,referral,premium,mobile
USR-001789,60,male,GYEONGGI,2024-12-02T05:33:00+09:00,email,basic,desktop
USR-001790,65,unknown,GYEONGGI,2024-10-02T14:16:00+09:00,social,basic,mobile
USR-001791,52,male,DAEJEON,2025-09-06T17:15:00+09:00,organic,basic,mobile
USR-001792,29,male,OTHER,2025-11-07T03:41:00+09:00,organic,basic,mobile
USR-001793,46,male,DAEGU,2024-10-12T22:38:00+09:00,organic,basic,desktop
USR-001794,33,female,SEOUL,2024-10-05T15:16:00+09:00,social,plus,mobile
USR-001795,31,female,SEOUL,2025-10-16T18:48:00+09:00,paid_search,basic,mobile
USR-001796,41,female,SEOUL,2024-11-11T01:34:00+09:00,referral,plus,mobile
USR-001797,25,female,SEOUL,2025-07-02T11:40:00+09:00,referral,premium,mobile
USR-001798,52,male,SEOUL,2026-05-17T12:01:00+09:00,affiliate,plus,mobile
USR-001799,19,male,SEOUL,2026-06-25T06:25:00+09:00,organic,basic,mobile
USR-001800,59,male,GYEONGGI,2026-06-17T20:51:00+09:00,referral,basic,desktop
USR-001801,54,male,BUSAN,2025-09-28T00:35:00+09:00,paid_search,plus,desktop
USR-001802,51,female,SEOUL,2024-12-11T17:20:00+09:00,direct,basic,mobile
USR-001803,56,unknown,SEOUL,2026-03-02T04:27:00+09:00,paid_search,premium,mobile
USR-001804,51,male,GYEONGGI,2025-09-14T11:04:00+09:00,paid_search,basic,mobile
USR-001805,33,female,BUSAN,2025-08-28T10:43:00+09:00,paid_search,premium,mobile
USR-001806,43,female,OTHER,2026-01-27T12:12:00+09:00,referral,basic,mobile
USR-001807,19,male,DAEGU,2025-01-14T20:49:00+09:00,organic,basic,mobile
USR-001808,38,male,OTHER,2025-07-24T05:19:00+09:00,referral,plus,desktop
USR-001809,23,female,BUSAN,2024-08-07T14:19:00+09:00,referral,basic,mobile
USR-001810,71,female,GYEONGGI,2024-08-17T02:30:00+09:00,referral,basic,desktop
USR-001811,23,female,BUSAN,2024-10-14T04:21:00+09:00,social,basic,mobile
USR-001812,21,female,OTHER,2025-11-19T13:29:00+09:00,organic,basic,mobile
USR-001813,53,female,INCHEON,2025-05-27T08:05:00+09:00,organic,plus,mobile
USR-001814,38,female,GYEONGGI,2026-03-21T05:36:00+09:00,paid_search,plus,desktop
USR-001815,42,female,SEOUL,2026-02-15T14:04:00+09:00,paid_search,basic,desktop
USR-001816,41,male,OTHER,2026-06-19T03:37:00+09:00,affiliate,plus,mobile
USR-001817,23,male,BUSAN,2025-11-13T18:04:00+09:00,referral,basic,mobile
USR-001818,51,male,SEOUL,2024-10-04T17:06:00+09:00,referral,basic,desktop
USR-001819,37,male,SEOUL,2026-05-19T09:15:00+09:00,direct,basic,desktop
USR-001820,52,male,SEOUL,2026-05-28T19:22:00+09:00,social,vip,desktop
USR-001821,50,female,OTHER,2024-11-12T07:57:00+09:00,direct,basic,tablet
USR-001822,36,female,SEOUL,2024-11-14T21:08:00+09:00,paid_search,basic,mobile
USR-001823,35,male,DAEGU,2026-05-16T04:30:00+09:00,affiliate,plus,desktop
USR-001824,24,male,DAEJEON,2025-04-23T13:00:00+09:00,paid_search,basic,mobile
USR-001825,38,female,GYEONGGI,2024-09-13T07:17:00+09:00,organic,basic,mobile
USR-001826,24,female,INCHEON,2025-07-07T10:13:00+09:00,paid_search,basic,desktop
USR-001827,72,female,SEOUL,2025-04-26T20:42:00+09:00,referral,plus,desktop
USR-001828,28,female,GYEONGGI,2025-01-24T09:12:00+09:00,organic,basic,mobile
USR-001829,27,female,SEOUL,2026-02-08T10:02:00+09:00,social,basic,mobile
USR-001830,24,female,SEOUL,2026-02-17T16:23:00+09:00,paid_search,plus,mobile
USR-001831,39,female,INCHEON,2025-08-04T07:58:00+09:00,direct,basic,desktop
USR-001832,41,female,GYEONGGI,2025-07-10T13:00:00+09:00,paid_search,basic,mobile
USR-001833,46,male,SEOUL,2026-03-13T18:46:00+09:00,organic,premium,desktop
USR-001834,61,male,DAEGU,2025-07-12T11:24:00+09:00,organic,basic,tablet
USR-001835,35,female,INCHEON,2025-01-09T07:12:00+09:00,affiliate,basic,mobile
USR-001836,20,male,GYEONGGI,2025-02-24T18:15:00+09:00,social,plus,mobile
USR-001837,74,female,GYEONGGI,2024-08-23T01:39:00+09:00,email,vip,tablet
USR-001838,25,female,SEOUL,2026-02-09T12:00:00+09:00,social,basic,mobile
USR-001839,64,male,SEOUL,2025-04-02T02:17:00+09:00,direct,premium,desktop
USR-001840,34,male,GYEONGGI,2026-02-08T00:54:00+09:00,referral,basic,mobile
USR-001841,36,female,GYEONGGI,2025-10-17T15:06:00+09:00,referral,premium,desktop
USR-001842,34,female,GYEONGGI,2025-12-23T14:18:00+09:00,organic,premium,desktop
USR-001843,28,female,GYEONGGI,2025-02-26T02:51:00+09:00,social,basic,mobile
USR-001844,20,male,GYEONGGI,2026-01-14T00:26:00+09:00,email,basic,mobile
USR-001845,44,female,GYEONGGI,2026-03-18T19:11:00+09:00,social,basic,mobile
USR-001846,38,female,BUSAN,2024-10-21T17:12:00+09:00,social,premium,desktop
USR-001847,51,female,INCHEON,2025-06-06T20:06:00+09:00,email,plus,mobile
USR-001848,65,male,GYEONGGI,2024-11-16T06:59:00+09:00,social,basic,tablet
USR-001849,44,male,DAEGU,2025-10-13T09:21:00+09:00,social,plus,desktop
USR-001850,48,male,SEOUL,2026-04-07T02:30:00+09:00,organic,basic,desktop
USR-001851,25,male,BUSAN,2025-02-15T07:10:00+09:00,organic,plus,mobile
USR-001852,27,female,BUSAN,2026-05-09T23:37:00+09:00,paid_search,basic,mobile
USR-001853,38,male,GYEONGGI,2025-02-08T05:39:00+09:00,paid_search,basic,desktop
USR-001854,35,male,SEOUL,2026-05-16T05:22:00+09:00,direct,basic,mobile
USR-001855,20,male,GYEONGGI,2025-09-03T14:20:00+09:00,social,basic,mobile
USR-001856,41,male,SEOUL,2024-09-19T06:22:00+09:00,social,basic,mobile
USR-001857,38,female,SEOUL,2025-03-23T07:35:00+09:00,affiliate,plus,desktop
USR-001858,33,female,DAEGU,2025-09-12T12:55:00+09:00,organic,basic,mobile
USR-001859,27,male,GYEONGGI,2026-06-14T02:22:00+09:00,organic,plus,desktop
USR-001860,65,male,GYEONGGI,2026-01-11T12:49:00+09:00,social,basic,mobile
USR-001861,25,female,SEOUL,2025-01-11T08:37:00+09:00,organic,plus,mobile
USR-001862,53,female,GYEONGGI,2025-12-01T06:17:00+09:00,organic,plus,mobile
USR-001863,24,female,INCHEON,2025-01-10T06:34:00+09:00,email,basic,mobile
USR-001864,46,female,GYEONGGI,2025-11-20T14:54:00+09:00,organic,plus,mobile
USR-001865,47,male,SEOUL,2026-06-20T14:13:00+09:00,organic,plus,mobile
USR-001866,71,male,SEOUL,2025-06-29T23:54:00+09:00,paid_search,plus,desktop
USR-001867,28,female,INCHEON,2025-12-27T14:48:00+09:00,affiliate,basic,mobile
USR-001868,28,female,SEOUL,2024-12-11T22:36:00+09:00,referral,premium,mobile
USR-001869,46,female,INCHEON,2026-02-21T14:34:00+09:00,social,basic,desktop
USR-001870,43,female,DAEJEON,2024-10-20T05:43:00+09:00,direct,basic,mobile
USR-001871,34,female,GYEONGGI,2026-06-24T11:39:00+09:00,social,basic,mobile
USR-001872,25,male,OTHER,2025-05-31T22:54:00+09:00,organic,basic,mobile
USR-001873,25,male,SEOUL,2025-10-05T14:29:00+09:00,affiliate,basic,mobile
USR-001874,63,male,SEOUL,2024-07-15T17:55:00+09:00,paid_search,plus,desktop
USR-001875,66,male,GYEONGGI,2025-04-23T22:32:00+09:00,email,basic,desktop
USR-001876,34,male,GYEONGGI,2026-04-20T20:14:00+09:00,organic,plus,mobile
USR-001877,22,female,SEOUL,2025-06-30T21:00:00+09:00,direct,basic,desktop
USR-001878,26,unknown,GYEONGGI,2025-04-21T23:21:00+09:00,social,plus,mobile
USR-001879,24,female,BUSAN,2024-07-20T15:16:00+09:00,organic,basic,desktop
USR-001880,63,female,GYEONGGI,2025-09-03T04:40:00+09:00,direct,basic,desktop
USR-001881,33,female,SEOUL,2025-02-21T15:23:00+09:00,organic,plus,mobile
USR-001882,23,male,BUSAN,2025-03-09T11:34:00+09:00,referral,plus,mobile
USR-001883,19,female,DAEGU,2026-01-18T17:10:00+09:00,social,plus,mobile
USR-001884,44,male,DAEGU,2026-01-01T02:48:00+09:00,organic,vip,mobile
USR-001885,58,female,GYEONGGI,2026-02-24T15:44:00+09:00,organic,plus,desktop
USR-001886,49,male,SEOUL,2026-01-24T11:26:00+09:00,organic,basic,mobile
USR-001887,52,female,GWANGJU,2024-10-17T12:26:00+09:00,referral,vip,mobile
USR-001888,48,female,BUSAN,2024-12-01T16:42:00+09:00,direct,basic,mobile
USR-001889,46,female,SEOUL,2025-09-04T21:11:00+09:00,organic,premium,mobile
USR-001890,22,male,INCHEON,2024-10-15T11:24:00+09:00,social,plus,tablet
USR-001891,18,female,GYEONGGI,2024-12-11T09:22:00+09:00,affiliate,premium,mobile
USR-001892,57,female,BUSAN,2024-10-08T01:22:00+09:00,email,basic,desktop
USR-001893,57,male,INCHEON,2024-07-27T17:35:00+09:00,organic,plus,desktop
USR-001894,23,female,DAEGU,2025-04-10T05:15:00+09:00,social,basic,mobile
USR-001895,33,male,SEOUL,2024-11-15T08:40:00+09:00,paid_search,basic,tablet
USR-001896,63,female,INCHEON,2024-11-12T13:35:00+09:00,referral,basic,desktop
USR-001897,31,male,SEOUL,2024-08-14T05:41:00+09:00,social,basic,mobile
USR-001898,32,male,INCHEON,2026-02-08T10:59:00+09:00,direct,basic,mobile
USR-001899,31,female,GYEONGGI,2025-08-24T03:05:00+09:00,direct,vip,mobile
USR-001900,36,female,GWANGJU,2024-06-30T13:02:00+09:00,paid_search,plus,mobile
USR-001901,23,male,GYEONGGI,2025-02-17T11:32:00+09:00,social,basic,mobile
USR-001902,18,female,SEOUL,2025-02-21T21:50:00+09:00,organic,plus,desktop
USR-001903,44,male,GYEONGGI,2025-02-25T19:15:00+09:00,social,plus,desktop
USR-001904,23,female,DAEJEON,2025-05-05T01:38:00+09:00,social,basic,mobile
USR-001905,46,female,BUSAN,2025-04-13T03:53:00+09:00,direct,basic,mobile
USR-001906,30,female,SEOUL,2025-05-11T16:47:00+09:00,paid_search,basic,desktop
USR-001907,31,male,INCHEON,2025-06-03T14:31:00+09:00,paid_search,basic,mobile
USR-001908,34,male,GYEONGGI,2024-07-03T05:44:00+09:00,organic,plus,mobile
USR-001909,74,male,BUSAN,2025-05-10T16:39:00+09:00,paid_search,basic,desktop
USR-001910,26,female,SEOUL,2026-02-05T16:04:00+09:00,email,basic,mobile
USR-001911,42,male,SEOUL,2024-10-15T11:50:00+09:00,direct,basic,desktop
USR-001912,44,female,GYEONGGI,2025-09-12T10:28:00+09:00,social,basic,mobile
USR-001913,44,female,GYEONGGI,2026-03-15T21:18:00+09:00,social,basic,desktop
USR-001914,29,female,SEOUL,2025-10-05T08:26:00+09:00,organic,basic,mobile
USR-001915,31,male,GYEONGGI,2025-10-17T01:14:00+09:00,organic,basic,mobile
USR-001916,23,female,SEOUL,2024-09-02T14:26:00+09:00,referral,basic,mobile
USR-001917,47,female,SEOUL,2025-10-21T00:39:00+09:00,email,plus,mobile
USR-001918,27,female,OTHER,2025-01-01T18:47:00+09:00,organic,premium,mobile
USR-001919,43,female,SEOUL,2025-01-31T06:41:00+09:00,referral,basic,mobile
USR-001920,30,female,BUSAN,2026-01-25T23:53:00+09:00,direct,basic,desktop
USR-001921,36,female,SEOUL,2024-12-13T10:02:00+09:00,paid_search,basic,tablet
USR-001922,31,female,SEOUL,2025-10-05T09:48:00+09:00,organic,vip,mobile
USR-001923,33,male,INCHEON,2026-01-09T19:48:00+09:00,affiliate,basic,desktop
USR-001924,37,male,GYEONGGI,2026-04-20T22:44:00+09:00,social,basic,mobile
USR-001925,38,female,SEOUL,2025-01-16T02:44:00+09:00,organic,basic,mobile
USR-001926,71,female,SEOUL,2024-07-13T21:14:00+09:00,direct,basic,mobile
USR-001927,32,male,DAEGU,2025-10-25T10:37:00+09:00,organic,plus,mobile
USR-001928,52,male,GYEONGGI,2024-09-27T16:14:00+09:00,affiliate,plus,desktop
USR-001929,40,male,GYEONGGI,2025-04-27T23:05:00+09:00,organic,plus,mobile
USR-001930,24,female,SEOUL,2024-11-07T15:40:00+09:00,direct,basic,mobile
USR-001931,69,male,SEOUL,2026-01-16T01:49:00+09:00,social,basic,mobile
USR-001932,28,male,INCHEON,2025-10-26T02:33:00+09:00,social,plus,mobile
USR-001933,29,male,GYEONGGI,2024-10-26T10:24:00+09:00,referral,basic,desktop
USR-001934,19,female,SEOUL,2025-04-05T10:14:00+09:00,direct,plus,mobile
USR-001935,51,female,GYEONGGI,2025-03-12T16:27:00+09:00,organic,basic,mobile
USR-001936,31,female,GYEONGGI,2025-02-19T03:12:00+09:00,organic,basic,mobile
USR-001937,55,female,SEOUL,2026-03-22T19:39:00+09:00,direct,basic,desktop
USR-001938,34,male,SEOUL,2025-08-29T19:13:00+09:00,affiliate,vip,mobile
USR-001939,30,female,GYEONGGI,2024-12-31T16:34:00+09:00,organic,plus,mobile
USR-001940,21,male,SEOUL,2026-05-10T11:11:00+09:00,email,basic,mobile
USR-001941,33,female,SEOUL,2026-03-15T00:58:00+09:00,referral,basic,mobile
USR-001942,21,male,GYEONGGI,2025-11-28T09:42:00+09:00,direct,premium,desktop
USR-001943,30,male,SEOUL,2025-11-15T04:07:00+09:00,social,basic,mobile
USR-001944,21,male,SEOUL,2024-12-17T21:58:00+09:00,organic,basic,mobile
USR-001945,55,female,SEOUL,2024-08-05T07:53:00+09:00,social,basic,desktop
USR-001946,72,female,BUSAN,2025-08-27T10:15:00+09:00,paid_search,basic,desktop
USR-001947,44,female,GWANGJU,2026-06-02T14:58:00+09:00,direct,basic,mobile
USR-001948,37,female,SEOUL,2026-02-24T23:19:00+09:00,organic,basic,desktop
USR-001949,27,male,GYEONGGI,2025-01-02T03:18:00+09:00,paid_search,basic,mobile
USR-001950,35,unknown,DAEJEON,2025-01-18T04:06:00+09:00,social,basic,mobile
USR-001951,40,female,SEOUL,2026-02-22T08:38:00+09:00,direct,basic,mobile
USR-001952,43,male,DAEGU,2024-12-08T02:04:00+09:00,organic,basic,mobile
USR-001953,32,female,SEOUL,2025-06-29T23:32:00+09:00,social,premium,desktop
USR-001954,28,female,GYEONGGI,2025-11-17T15:53:00+09:00,direct,basic,mobile
USR-001955,30,male,DAEJEON,2025-06-25T05:12:00+09:00,paid_search,basic,mobile
USR-001956,20,female,DAEJEON,2025-10-06T06:25:00+09:00,referral,plus,desktop
USR-001957,44,female,GWANGJU,2024-08-02T01:58:00+09:00,referral,basic,mobile
USR-001958,28,female,SEOUL,2025-06-24T07:43:00+09:00,organic,basic,mobile
USR-001959,42,female,SEOUL,2024-07-16T15:39:00+09:00,affiliate,basic,mobile
USR-001960,32,male,INCHEON,2024-12-30T03:46:00+09:00,email,basic,mobile
USR-001961,27,male,GWANGJU,2025-08-11T02:56:00+09:00,referral,plus,mobile
USR-001962,29,female,GYEONGGI,2025-05-17T08:16:00+09:00,direct,plus,desktop
USR-001963,36,male,INCHEON,2026-05-06T04:05:00+09:00,direct,basic,mobile
USR-001964,50,female,OTHER,2025-03-21T23:48:00+09:00,email,plus,mobile
USR-001965,30,female,SEOUL,2025-03-10T21:23:00+09:00,organic,basic,mobile
USR-001966,20,female,BUSAN,2025-10-19T22:58:00+09:00,email,basic,mobile
USR-001967,50,female,GYEONGGI,2025-03-01T21:35:00+09:00,direct,basic,mobile
USR-001968,35,female,GYEONGGI,2025-12-17T17:09:00+09:00,direct,basic,mobile
USR-001969,45,male,SEOUL,2024-09-07T22:04:00+09:00,social,premium,desktop
USR-001970,63,male,SEOUL,2025-02-12T16:05:00+09:00,social,basic,mobile
USR-001971,33,male,SEOUL,2025-02-25T21:27:00+09:00,organic,basic,desktop
USR-001972,25,male,BUSAN,2024-07-21T11:30:00+09:00,email,basic,mobile
USR-001973,21,male,SEOUL,2025-06-11T12:32:00+09:00,organic,plus,mobile
USR-001974,35,male,SEOUL,2024-10-01T19:08:00+09:00,organic,basic,mobile
USR-001975,39,female,DAEGU,2024-09-29T08:22:00+09:00,social,basic,mobile
USR-001976,45,male,OTHER,2024-07-26T12:31:00+09:00,social,basic,tablet
USR-001977,70,male,SEOUL,2025-12-12T16:01:00+09:00,email,plus,desktop
USR-001978,32,female,DAEGU,2025-11-17T13:51:00+09:00,email,plus,mobile
USR-001979,26,female,GYEONGGI,2025-08-19T12:46:00+09:00,social,basic,desktop
USR-001980,41,male,INCHEON,2026-05-07T16:21:00+09:00,direct,basic,mobile
USR-001981,18,female,SEOUL,2025-07-18T08:50:00+09:00,organic,basic,mobile
USR-001982,31,male,DAEJEON,2025-01-25T01:39:00+09:00,direct,premium,desktop
USR-001983,29,male,GYEONGGI,2024-07-03T03:10:00+09:00,organic,basic,mobile
USR-001984,21,male,GYEONGGI,2026-03-31T09:32:00+09:00,affiliate,plus,mobile
USR-001985,23,male,BUSAN,2025-05-07T12:43:00+09:00,organic,premium,desktop
USR-001986,63,female,SEOUL,2025-12-19T03:54:00+09:00,affiliate,basic,desktop
USR-001987,68,male,GYEONGGI,2025-12-12T14:28:00+09:00,organic,plus,desktop
USR-001988,43,male,BUSAN,2025-02-09T16:14:00+09:00,social,basic,mobile
USR-001989,43,male,SEOUL,2025-04-06T20:40:00+09:00,referral,basic,mobile
USR-001990,40,male,GYEONGGI,2026-01-21T13:32:00+09:00,paid_search,basic,mobile
USR-001991,18,male,SEOUL,2025-03-07T11:27:00+09:00,social,basic,desktop
USR-001992,27,unknown,BUSAN,2025-03-18T06:47:00+09:00,referral,basic,mobile
USR-001993,26,male,GYEONGGI,2026-03-25T00:04:00+09:00,social,plus,mobile
USR-001994,36,male,GYEONGGI,2025-08-07T17:23:00+09:00,affiliate,plus,tablet
USR-001995,66,male,GYEONGGI,2025-08-05T10:11:00+09:00,email,plus,mobile
USR-001996,31,female,SEOUL,2026-05-03T00:31:00+09:00,organic,basic,mobile
USR-001997,27,male,GYEONGGI,2025-04-22T05:23:00+09:00,organic,plus,mobile
USR-001998,36,unknown,SEOUL,2025-08-09T23:13:00+09:00,direct,basic,desktop
USR-001999,54,male,GYEONGGI,2026-06-20T08:26:00+09:00,email,basic,desktop
USR-002000,46,male,DAEGU,2026-04-04T07:31:00+09:00,social,basic,mobile
USR-002001,48,female,DAEGU,2026-05-03T20:10:00+09:00,organic,basic,mobile
USR-002002,27,male,GYEONGGI,2024-08-12T12:22:00+09:00,affiliate,plus,mobile
USR-002003,38,male,SEOUL,2024-11-09T21:08:00+09:00,affiliate,basic,tablet
USR-002004,34,male,GWANGJU,2025-05-14T12:45:00+09:00,paid_search,vip,mobile
USR-002005,34,male,GYEONGGI,2024-10-13T00:43:00+09:00,organic,plus,mobile
USR-002006,62,male,GYEONGGI,2025-08-14T22:51:00+09:00,email,plus,mobile
USR-002007,61,female,GYEONGGI,2025-05-19T04:56:00+09:00,direct,basic,desktop
USR-002008,55,female,SEOUL,2026-05-04T20:34:00+09:00,paid_search,basic,desktop
USR-002009,26,male,SEOUL,2025-01-26T08:35:00+09:00,organic,basic,mobile
USR-002010,38,female,SEOUL,2025-02-28T08:31:00+09:00,social,basic,mobile
USR-002011,33,male,SEOUL,2025-10-17T21:43:00+09:00,direct,plus,mobile
USR-002012,21,male,SEOUL,2025-11-22T05:44:00+09:00,organic,plus,mobile
USR-002013,31,male,GYEONGGI,2026-04-12T13:29:00+09:00,paid_search,basic,desktop
USR-002014,41,male,INCHEON,2026-02-26T14:51:00+09:00,organic,basic,mobile
USR-002015,51,male,GYEONGGI,2025-01-06T03:14:00+09:00,direct,basic,mobile
USR-002016,50,male,BUSAN,2024-07-16T02:28:00+09:00,paid_search,basic,mobile
USR-002017,20,male,GYEONGGI,2026-01-20T22:12:00+09:00,organic,basic,mobile
USR-002018,19,female,SEOUL,2024-09-26T06:40:00+09:00,email,plus,desktop
USR-002019,20,female,SEOUL,2024-10-28T04:42:00+09:00,referral,basic,mobile
USR-002020,24,male,GYEONGGI,2024-11-08T07:40:00+09:00,referral,basic,mobile
USR-002021,29,male,GYEONGGI,2026-06-04T01:45:00+09:00,paid_search,basic,mobile
USR-002022,56,female,GYEONGGI,2024-07-22T20:40:00+09:00,affiliate,basic,mobile
USR-002023,74,female,DAEJEON,2025-07-23T13:11:00+09:00,affiliate,basic,mobile
USR-002024,56,male,SEOUL,2025-07-29T01:07:00+09:00,affiliate,basic,desktop
USR-002025,33,male,SEOUL,2024-10-18T10:12:00+09:00,paid_search,basic,mobile
USR-002026,44,female,BUSAN,2026-03-13T03:12:00+09:00,paid_search,basic,mobile
USR-002027,50,male,SEOUL,2024-07-06T05:49:00+09:00,organic,basic,mobile
USR-002028,23,female,OTHER,2025-09-23T13:06:00+09:00,organic,vip,mobile
USR-002029,54,male,DAEJEON,2026-06-27T10:53:00+09:00,email,plus,desktop
USR-002030,20,unknown,SEOUL,2025-01-24T10:51:00+09:00,direct,basic,desktop
USR-002031,56,male,SEOUL,2024-07-23T23:03:00+09:00,email,plus,mobile
USR-002032,41,female,DAEGU,2025-01-29T05:08:00+09:00,organic,basic,tablet
USR-002033,58,female,INCHEON,2025-04-12T07:27:00+09:00,organic,plus,mobile
USR-002034,50,female,SEOUL,2024-11-30T02:11:00+09:00,social,plus,desktop
USR-002035,39,male,GYEONGGI,2025-05-25T18:02:00+09:00,social,basic,desktop
USR-002036,56,male,SEOUL,2026-01-16T16:43:00+09:00,email,basic,mobile
USR-002037,43,female,DAEJEON,2026-05-01T00:55:00+09:00,referral,basic,mobile
USR-002038,34,male,GWANGJU,2025-02-13T18:35:00+09:00,affiliate,basic,mobile
USR-002039,34,male,GYEONGGI,2025-01-01T01:56:00+09:00,social,plus,desktop
USR-002040,34,female,SEOUL,2024-11-26T14:55:00+09:00,referral,basic,mobile
USR-002041,47,female,DAEGU,2025-03-13T04:22:00+09:00,paid_search,plus,tablet
USR-002042,22,male,GYEONGGI,2024-09-13T21:39:00+09:00,referral,plus,desktop
USR-002043,35,male,GYEONGGI,2024-11-19T09:00:00+09:00,referral,vip,mobile
USR-002044,30,male,GWANGJU,2024-07-05T04:25:00+09:00,social,basic,mobile
USR-002045,29,male,INCHEON,2025-08-07T01:32:00+09:00,social,plus,mobile
USR-002046,50,female,GYEONGGI,2025-09-16T15:28:00+09:00,direct,vip,mobile
USR-002047,21,male,GYEONGGI,2025-11-23T00:41:00+09:00,organic,basic,desktop
USR-002048,50,female,GYEONGGI,2025-06-09T19:35:00+09:00,paid_search,plus,desktop
USR-002049,20,unknown,DAEGU,2025-05-08T15:12:00+09:00,email,basic,mobile
USR-002050,26,male,DAEJEON,2025-04-22T22:46:00+09:00,email,basic,mobile
USR-002051,29,female,OTHER,2025-05-09T11:37:00+09:00,referral,plus,mobile
USR-002052,25,male,SEOUL,2026-03-18T01:56:00+09:00,paid_search,plus,desktop
USR-002053,69,male,SEOUL,2025-12-06T07:17:00+09:00,affiliate,basic,mobile
USR-002054,50,male,DAEJEON,2025-01-18T18:34:00+09:00,social,plus,mobile
USR-002055,43,female,OTHER,2025-06-02T22:39:00+09:00,direct,premium,mobile
USR-002056,60,male,OTHER,2025-11-30T14:21:00+09:00,organic,basic,mobile
USR-002057,58,male,SEOUL,2024-09-27T07:22:00+09:00,affiliate,premium,mobile
USR-002058,18,female,GYEONGGI,2026-03-08T04:31:00+09:00,direct,basic,tablet
USR-002059,39,male,GYEONGGI,2025-01-23T05:46:00+09:00,organic,plus,mobile
USR-002060,46,female,SEOUL,2025-10-06T12:55:00+09:00,paid_search,basic,desktop
USR-002061,19,male,GWANGJU,2025-03-02T22:48:00+09:00,paid_search,vip,mobile
USR-002062,61,male,INCHEON,2025-12-08T10:48:00+09:00,social,basic,desktop
USR-002063,30,male,SEOUL,2024-09-20T12:53:00+09:00,paid_search,premium,mobile
USR-002064,29,male,INCHEON,2024-10-03T07:43:00+09:00,social,plus,mobile
USR-002065,34,male,SEOUL,2025-03-17T21:18:00+09:00,referral,premium,desktop
USR-002066,20,male,SEOUL,2026-01-25T23:22:00+09:00,email,basic,mobile
USR-002067,63,female,DAEJEON,2024-11-07T16:42:00+09:00,referral,plus,mobile
USR-002068,39,male,GYEONGGI,2026-02-26T17:37:00+09:00,direct,premium,mobile
USR-002069,43,male,SEOUL,2024-09-29T17:28:00+09:00,paid_search,plus,mobile
USR-002070,50,male,GYEONGGI,2026-02-28T21:23:00+09:00,organic,basic,mobile
USR-002071,31,male,GYEONGGI,2026-01-10T15:51:00+09:00,email,basic,mobile
USR-002072,41,male,DAEGU,2025-12-16T09:25:00+09:00,paid_search,plus,desktop
USR-002073,27,male,GYEONGGI,2025-04-02T05:34:00+09:00,referral,basic,mobile
USR-002074,54,male,GWANGJU,2025-01-02T15:51:00+09:00,referral,premium,mobile
USR-002075,44,male,SEOUL,2024-09-16T00:58:00+09:00,paid_search,basic,desktop
USR-002076,28,female,INCHEON,2025-03-24T18:12:00+09:00,organic,basic,mobile
USR-002077,28,female,BUSAN,2025-03-15T18:30:00+09:00,email,plus,mobile
USR-002078,35,male,DAEJEON,2025-03-04T16:09:00+09:00,paid_search,plus,desktop
USR-002079,26,female,INCHEON,2024-09-23T06:30:00+09:00,paid_search,plus,mobile
USR-002080,53,male,INCHEON,2025-12-24T01:32:00+09:00,paid_search,basic,mobile
USR-002081,26,male,OTHER,2025-03-25T15:22:00+09:00,organic,basic,mobile
USR-002082,18,male,GYEONGGI,2025-02-07T19:37:00+09:00,direct,premium,mobile
USR-002083,43,female,DAEJEON,2025-03-09T10:04:00+09:00,paid_search,basic,mobile
USR-002084,37,female,GYEONGGI,2024-12-19T12:58:00+09:00,organic,basic,mobile
USR-002085,20,male,SEOUL,2024-07-31T23:49:00+09:00,email,basic,desktop
USR-002086,35,female,DAEJEON,2025-01-05T17:43:00+09:00,paid_search,plus,mobile
USR-002087,25,male,OTHER,2024-11-05T23:02:00+09:00,paid_search,basic,mobile
USR-002088,44,female,SEOUL,2024-10-14T23:42:00+09:00,paid_search,plus,mobile
USR-002089,69,male,GYEONGGI,2025-10-05T23:30:00+09:00,referral,plus,tablet
USR-002090,30,male,OTHER,2025-07-17T21:59:00+09:00,email,basic,mobile
USR-002091,44,female,DAEJEON,2025-11-06T18:58:00+09:00,social,vip,mobile
USR-002092,40,male,SEOUL,2024-11-13T12:29:00+09:00,affiliate,basic,mobile
USR-002093,20,female,GYEONGGI,2025-12-25T17:29:00+09:00,email,basic,mobile
USR-002094,73,male,GYEONGGI,2025-05-15T09:28:00+09:00,email,basic,mobile
USR-002095,31,female,DAEGU,2026-04-19T07:13:00+09:00,organic,basic,desktop
USR-002096,30,female,BUSAN,2026-01-28T10:59:00+09:00,organic,basic,desktop
USR-002097,18,male,BUSAN,2025-04-15T12:58:00+09:00,social,premium,mobile
USR-002098,42,male,SEOUL,2024-10-28T10:44:00+09:00,paid_search,basic,mobile
USR-002099,35,male,SEOUL,2024-07-16T18:00:00+09:00,email,plus,desktop
USR-002100,58,male,DAEGU,2025-11-30T23:25:00+09:00,social,premium,mobile
USR-002101,22,female,GYEONGGI,2025-09-30T14:00:00+09:00,organic,premium,mobile
USR-002102,23,female,GYEONGGI,2026-06-05T08:22:00+09:00,affiliate,basic,mobile
USR-002103,21,male,GYEONGGI,2024-11-10T20:50:00+09:00,direct,basic,mobile
USR-002104,40,male,OTHER,2025-10-09T06:36:00+09:00,referral,premium,mobile
USR-002105,20,male,OTHER,2024-10-09T15:41:00+09:00,email,basic,mobile
USR-002106,46,female,OTHER,2025-11-25T10:30:00+09:00,social,basic,mobile
USR-002107,42,female,SEOUL,2025-09-08T11:25:00+09:00,organic,plus,desktop
USR-002108,42,female,BUSAN,2025-04-07T16:04:00+09:00,paid_search,basic,mobile
USR-002109,64,male,GYEONGGI,2026-02-02T13:03:00+09:00,paid_search,basic,desktop
USR-002110,50,female,SEOUL,2025-06-15T21:13:00+09:00,organic,basic,mobile
USR-002111,38,male,DAEJEON,2026-05-26T19:34:00+09:00,affiliate,plus,mobile
USR-002112,50,female,GWANGJU,2026-04-17T21:08:00+09:00,direct,basic,desktop
USR-002113,53,male,BUSAN,2026-01-31T08:04:00+09:00,organic,plus,tablet
USR-002114,36,male,DAEJEON,2025-08-08T11:04:00+09:00,social,plus,desktop
USR-002115,44,male,INCHEON,2026-04-17T14:01:00+09:00,paid_search,premium,desktop
USR-002116,40,male,SEOUL,2025-04-18T19:42:00+09:00,organic,vip,mobile
USR-002117,73,female,DAEGU,2026-04-03T10:23:00+09:00,organic,basic,mobile
USR-002118,64,male,SEOUL,2025-07-23T17:26:00+09:00,social,plus,desktop
USR-002119,62,female,GYEONGGI,2025-04-14T23:46:00+09:00,organic,basic,mobile
USR-002120,26,female,GYEONGGI,2025-12-18T17:13:00+09:00,email,premium,mobile
USR-002121,69,male,BUSAN,2024-10-12T16:55:00+09:00,organic,premium,mobile
USR-002122,46,male,GYEONGGI,2024-07-29T12:34:00+09:00,direct,basic,desktop
USR-002123,23,male,SEOUL,2026-06-25T16:44:00+09:00,social,basic,mobile
USR-002124,23,male,INCHEON,2026-05-19T10:26:00+09:00,social,basic,mobile
USR-002125,35,female,GYEONGGI,2025-03-20T06:00:00+09:00,social,plus,mobile
USR-002126,45,male,SEOUL,2024-09-19T07:58:00+09:00,affiliate,basic,desktop
USR-002127,31,male,DAEGU,2025-05-16T10:26:00+09:00,paid_search,basic,desktop
USR-002128,21,female,GWANGJU,2026-01-20T10:02:00+09:00,organic,basic,mobile
USR-002129,42,male,GYEONGGI,2024-07-22T14:54:00+09:00,paid_search,plus,desktop
USR-002130,25,male,SEOUL,2025-06-19T07:19:00+09:00,organic,basic,mobile
USR-002131,41,female,INCHEON,2026-03-08T14:58:00+09:00,organic,basic,mobile
USR-002132,64,female,INCHEON,2026-03-03T00:00:00+09:00,paid_search,basic,desktop
USR-002133,30,male,BUSAN,2025-09-18T11:46:00+09:00,direct,plus,mobile
USR-002134,61,male,GYEONGGI,2026-03-21T22:16:00+09:00,social,vip,desktop
USR-002135,24,female,DAEGU,2024-10-21T16:12:00+09:00,social,basic,desktop
USR-002136,25,female,BUSAN,2025-08-14T16:20:00+09:00,organic,basic,desktop
USR-002137,47,male,BUSAN,2025-01-22T03:47:00+09:00,affiliate,plus,mobile
USR-002138,34,female,DAEJEON,2025-03-27T09:53:00+09:00,affiliate,plus,mobile
USR-002139,19,male,GYEONGGI,2024-10-11T04:58:00+09:00,direct,plus,mobile
USR-002140,53,female,GYEONGGI,2026-01-13T11:22:00+09:00,referral,basic,mobile
USR-002141,35,male,SEOUL,2024-09-14T12:43:00+09:00,paid_search,basic,mobile
USR-002142,19,female,GYEONGGI,2025-08-25T02:57:00+09:00,paid_search,basic,mobile
USR-002143,40,female,SEOUL,2025-05-10T06:47:00+09:00,affiliate,basic,mobile
USR-002144,30,female,SEOUL,2024-09-28T10:08:00+09:00,referral,basic,mobile
USR-002145,44,female,GYEONGGI,2025-12-23T00:26:00+09:00,organic,basic,tablet
USR-002146,53,male,OTHER,2026-04-16T04:41:00+09:00,email,vip,mobile
USR-002147,59,female,SEOUL,2026-04-22T18:32:00+09:00,social,plus,desktop
USR-002148,36,male,SEOUL,2024-09-04T15:31:00+09:00,direct,plus,mobile
USR-002149,41,female,GYEONGGI,2025-12-15T19:44:00+09:00,direct,premium,mobile
USR-002150,40,female,DAEJEON,2026-02-24T02:53:00+09:00,paid_search,basic,desktop
USR-002151,45,male,BUSAN,2025-12-25T01:43:00+09:00,referral,basic,mobile
USR-002152,62,male,GYEONGGI,2025-08-16T21:14:00+09:00,organic,basic,desktop
USR-002153,55,male,DAEJEON,2025-05-18T06:36:00+09:00,direct,basic,desktop
USR-002154,65,male,SEOUL,2025-10-07T06:02:00+09:00,paid_search,premium,desktop
USR-002155,43,male,SEOUL,2024-08-12T02:17:00+09:00,organic,vip,tablet
USR-002156,71,female,GWANGJU,2025-08-26T20:41:00+09:00,organic,basic,mobile
USR-002157,31,male,SEOUL,2026-01-08T05:43:00+09:00,organic,basic,mobile
USR-002158,23,male,GYEONGGI,2024-10-20T10:14:00+09:00,affiliate,basic,mobile
USR-002159,31,male,SEOUL,2025-04-25T11:55:00+09:00,paid_search,plus,mobile
USR-002160,56,female,INCHEON,2025-12-14T11:21:00+09:00,organic,premium,mobile
USR-002161,47,female,GYEONGGI,2026-06-21T05:55:00+09:00,paid_search,plus,tablet
USR-002162,43,male,GYEONGGI,2025-09-08T12:41:00+09:00,paid_search,basic,mobile
USR-002163,33,male,SEOUL,2026-04-11T04:04:00+09:00,direct,basic,mobile
USR-002164,36,male,BUSAN,2026-04-13T08:23:00+09:00,social,basic,desktop
USR-002165,50,male,DAEJEON,2026-02-08T02:55:00+09:00,referral,plus,mobile
USR-002166,54,male,GYEONGGI,2025-08-09T21:19:00+09:00,organic,basic,mobile
USR-002167,58,female,SEOUL,2026-01-20T22:53:00+09:00,affiliate,basic,mobile
USR-002168,38,female,SEOUL,2024-12-13T01:48:00+09:00,social,basic,mobile
USR-002169,62,male,SEOUL,2025-07-09T09:46:00+09:00,organic,basic,mobile
USR-002170,34,male,GYEONGGI,2024-12-18T12:21:00+09:00,organic,basic,mobile
USR-002171,74,male,INCHEON,2025-12-23T14:49:00+09:00,social,basic,desktop
USR-002172,32,male,GWANGJU,2024-10-14T21:29:00+09:00,paid_search,plus,mobile
USR-002173,38,male,GYEONGGI,2024-12-25T03:57:00+09:00,social,plus,mobile
USR-002174,34,female,BUSAN,2024-09-22T20:25:00+09:00,affiliate,basic,desktop
USR-002175,50,male,DAEGU,2025-04-28T10:27:00+09:00,direct,basic,mobile
USR-002176,62,female,INCHEON,2024-08-11T00:59:00+09:00,paid_search,basic,mobile
USR-002177,29,male,SEOUL,2025-10-30T00:10:00+09:00,referral,vip,mobile
USR-002178,33,male,SEOUL,2026-03-06T23:34:00+09:00,direct,basic,mobile
USR-002179,25,female,BUSAN,2024-09-17T12:00:00+09:00,paid_search,basic,tablet
USR-002180,53,male,SEOUL,2026-02-18T15:10:00+09:00,organic,plus,mobile
USR-002181,42,female,SEOUL,2025-07-12T17:15:00+09:00,organic,basic,mobile
USR-002182,33,female,GYEONGGI,2025-03-13T16:33:00+09:00,paid_search,basic,desktop
USR-002183,50,male,GYEONGGI,2025-04-08T10:34:00+09:00,direct,basic,desktop
USR-002184,39,male,GYEONGGI,2026-04-30T09:15:00+09:00,organic,basic,mobile
USR-002185,43,male,GYEONGGI,2024-07-08T05:32:00+09:00,organic,basic,mobile
USR-002186,38,female,DAEGU,2025-10-11T20:41:00+09:00,organic,plus,desktop
USR-002187,33,male,BUSAN,2026-04-04T02:47:00+09:00,organic,basic,desktop
USR-002188,29,male,BUSAN,2024-12-31T09:04:00+09:00,referral,plus,mobile
USR-002189,25,female,GYEONGGI,2026-05-23T16:49:00+09:00,organic,basic,mobile
USR-002190,33,male,SEOUL,2025-03-26T15:41:00+09:00,referral,basic,mobile
USR-002191,27,female,SEOUL,2024-12-31T08:20:00+09:00,social,basic,mobile
USR-002192,45,female,SEOUL,2026-03-09T21:44:00+09:00,referral,premium,desktop
USR-002193,35,female,OTHER,2025-01-16T03:23:00+09:00,social,basic,mobile
USR-002194,47,male,SEOUL,2024-08-25T16:19:00+09:00,organic,basic,mobile
USR-002195,43,male,DAEJEON,2025-07-04T17:22:00+09:00,organic,plus,desktop
USR-002196,44,female,GYEONGGI,2024-12-12T18:59:00+09:00,affiliate,basic,desktop
USR-002197,43,male,GYEONGGI,2024-11-17T20:33:00+09:00,direct,plus,mobile
USR-002198,26,female,DAEGU,2024-09-19T14:25:00+09:00,organic,basic,mobile
USR-002199,47,female,GYEONGGI,2026-02-10T05:09:00+09:00,organic,basic,mobile
USR-002200,56,female,GYEONGGI,2025-11-22T00:14:00+09:00,organic,basic,mobile
USR-002201,26,male,SEOUL,2026-05-19T11:34:00+09:00,organic,basic,mobile
USR-002202,64,male,GYEONGGI,2026-01-27T13:50:00+09:00,affiliate,basic,mobile
USR-002203,46,male,BUSAN,2025-04-25T22:48:00+09:00,organic,basic,mobile
USR-002204,60,male,SEOUL,2025-10-01T13:19:00+09:00,direct,basic,desktop
USR-002205,26,female,GYEONGGI,2025-12-16T06:03:00+09:00,social,basic,mobile
USR-002206,41,female,GYEONGGI,2025-09-30T12:42:00+09:00,paid_search,basic,mobile
USR-002207,43,female,SEOUL,2026-05-09T11:52:00+09:00,organic,basic,desktop
USR-002208,34,male,GYEONGGI,2024-09-30T00:26:00+09:00,organic,plus,mobile
USR-002209,21,female,GYEONGGI,2025-01-26T17:55:00+09:00,paid_search,vip,mobile
USR-002210,22,female,GYEONGGI,2025-10-20T04:26:00+09:00,direct,basic,desktop
USR-002211,62,female,DAEJEON,2025-12-13T00:00:00+09:00,organic,plus,desktop
USR-002212,41,female,SEOUL,2025-06-28T16:52:00+09:00,paid_search,basic,tablet
USR-002213,26,female,BUSAN,2024-09-02T18:07:00+09:00,organic,vip,mobile
USR-002214,33,female,DAEGU,2025-07-13T13:15:00+09:00,organic,basic,desktop
USR-002215,63,female,SEOUL,2026-05-29T19:33:00+09:00,referral,basic,mobile
USR-002216,53,male,GYEONGGI,2025-06-12T23:34:00+09:00,email,basic,desktop
USR-002217,38,male,GYEONGGI,2025-09-20T05:03:00+09:00,referral,plus,desktop
USR-002218,48,male,SEOUL,2025-07-15T22:07:00+09:00,organic,basic,mobile
USR-002219,42,male,INCHEON,2025-04-13T13:58:00+09:00,paid_search,basic,desktop
USR-002220,55,female,GYEONGGI,2024-09-18T03:08:00+09:00,direct,vip,mobile
USR-002221,37,male,GYEONGGI,2026-06-24T22:35:00+09:00,paid_search,basic,mobile
USR-002222,64,male,DAEGU,2024-09-06T09:02:00+09:00,organic,basic,tablet
USR-002223,58,male,SEOUL,2026-06-06T00:12:00+09:00,organic,basic,desktop
USR-002224,28,male,DAEJEON,2024-07-21T19:59:00+09:00,paid_search,plus,desktop
USR-002225,34,male,SEOUL,2025-07-29T13:35:00+09:00,social,basic,mobile
USR-002226,24,male,DAEJEON,2025-05-01T19:19:00+09:00,organic,basic,mobile
USR-002227,36,unknown,GYEONGGI,2026-04-10T14:39:00+09:00,paid_search,plus,mobile
USR-002228,31,female,SEOUL,2025-09-03T22:13:00+09:00,direct,basic,mobile
USR-002229,49,male,GYEONGGI,2025-05-21T16:31:00+09:00,paid_search,basic,mobile
USR-002230,55,male,SEOUL,2025-05-14T20:43:00+09:00,referral,plus,mobile
USR-002231,33,male,SEOUL,2026-03-25T04:57:00+09:00,referral,basic,mobile
USR-002232,22,female,SEOUL,2025-10-30T17:51:00+09:00,direct,basic,mobile
USR-002233,74,male,SEOUL,2025-08-14T02:31:00+09:00,organic,plus,mobile
USR-002234,38,male,SEOUL,2026-06-08T08:00:00+09:00,email,basic,tablet
USR-002235,19,male,DAEJEON,2025-08-20T07:24:00+09:00,social,vip,tablet
USR-002236,31,female,SEOUL,2025-11-10T13:53:00+09:00,organic,premium,mobile
USR-002237,18,female,GYEONGGI,2025-08-13T12:46:00+09:00,direct,basic,mobile
USR-002238,24,female,OTHER,2024-09-22T21:56:00+09:00,organic,basic,mobile
USR-002239,39,male,OTHER,2026-06-05T09:35:00+09:00,referral,basic,mobile
USR-002240,18,female,GYEONGGI,2025-08-14T15:41:00+09:00,email,basic,mobile
USR-002241,25,female,SEOUL,2025-07-02T17:36:00+09:00,affiliate,plus,mobile
USR-002242,24,male,BUSAN,2025-11-08T01:18:00+09:00,referral,basic,desktop
USR-002243,25,female,GYEONGGI,2024-12-06T03:05:00+09:00,referral,basic,mobile
USR-002244,20,female,OTHER,2024-07-26T17:43:00+09:00,direct,premium,mobile
USR-002245,24,male,SEOUL,2025-11-18T16:52:00+09:00,direct,plus,mobile
USR-002246,23,female,DAEJEON,2024-07-22T08:11:00+09:00,social,premium,desktop
USR-002247,56,male,SEOUL,2024-08-01T16:10:00+09:00,paid_search,basic,mobile
USR-002248,54,female,DAEJEON,2025-04-28T15:57:00+09:00,organic,plus,mobile
USR-002249,29,male,INCHEON,2024-09-18T17:13:00+09:00,referral,basic,mobile
USR-002250,31,female,INCHEON,2024-11-23T02:52:00+09:00,email,premium,desktop
USR-002251,28,male,GYEONGGI,2026-04-19T22:13:00+09:00,paid_search,basic,mobile
USR-002252,36,female,SEOUL,2025-12-10T06:00:00+09:00,paid_search,basic,mobile
USR-002253,37,male,DAEJEON,2025-01-18T21:30:00+09:00,referral,basic,desktop
USR-002254,66,male,SEOUL,2026-06-10T01:11:00+09:00,paid_search,basic,mobile
USR-002255,40,female,GYEONGGI,2026-04-18T02:25:00+09:00,organic,plus,mobile
USR-002256,51,female,GYEONGGI,2024-10-04T15:46:00+09:00,organic,plus,desktop
USR-002257,46,female,SEOUL,2025-07-15T07:49:00+09:00,referral,basic,desktop
USR-002258,33,female,BUSAN,2026-04-28T05:39:00+09:00,direct,premium,mobile
USR-002259,45,female,DAEGU,2025-07-12T00:08:00+09:00,social,premium,desktop
USR-002260,54,male,SEOUL,2024-10-29T16:41:00+09:00,organic,premium,mobile
USR-002261,31,male,GYEONGGI,2025-06-16T09:12:00+09:00,organic,plus,mobile
USR-002262,33,female,BUSAN,2024-08-27T16:10:00+09:00,referral,basic,mobile
USR-002263,47,male,BUSAN,2025-09-18T20:42:00+09:00,direct,basic,mobile
USR-002264,19,female,SEOUL,2024-12-14T19:53:00+09:00,direct,premium,mobile
USR-002265,25,female,SEOUL,2025-06-06T17:51:00+09:00,paid_search,basic,mobile
USR-002266,40,unknown,DAEGU,2026-02-15T09:54:00+09:00,referral,basic,desktop
USR-002267,54,male,SEOUL,2025-04-04T15:02:00+09:00,organic,premium,desktop
USR-002268,42,male,GYEONGGI,2025-04-04T05:19:00+09:00,organic,plus,mobile
USR-002269,36,male,GWANGJU,2025-08-30T22:07:00+09:00,email,plus,desktop
USR-002270,61,female,GYEONGGI,2025-04-01T14:14:00+09:00,direct,basic,desktop
USR-002271,42,male,SEOUL,2025-05-13T01:32:00+09:00,paid_search,basic,mobile
USR-002272,44,male,SEOUL,2025-07-20T06:23:00+09:00,social,plus,desktop
USR-002273,25,female,GYEONGGI,2026-04-28T01:59:00+09:00,social,plus,mobile
USR-002274,49,male,SEOUL,2025-01-15T14:16:00+09:00,social,basic,mobile
USR-002275,64,male,BUSAN,2025-05-13T08:19:00+09:00,social,premium,desktop
USR-002276,38,male,GWANGJU,2026-05-08T18:45:00+09:00,paid_search,basic,mobile
USR-002277,47,male,GYEONGGI,2026-06-02T01:59:00+09:00,affiliate,basic,mobile
USR-002278,22,male,SEOUL,2025-06-21T01:24:00+09:00,social,plus,desktop
USR-002279,18,male,SEOUL,2024-08-23T17:54:00+09:00,paid_search,basic,mobile
USR-002280,57,female,DAEJEON,2025-11-25T13:41:00+09:00,referral,plus,desktop
USR-002281,57,female,SEOUL,2026-01-09T12:08:00+09:00,social,basic,desktop
USR-002282,42,male,GYEONGGI,2025-10-15T03:03:00+09:00,paid_search,basic,mobile
USR-002283,70,female,SEOUL,2025-10-07T09:16:00+09:00,paid_search,plus,mobile
USR-002284,20,female,SEOUL,2025-02-08T10:07:00+09:00,affiliate,basic,mobile
USR-002285,38,female,BUSAN,2025-03-05T19:22:00+09:00,social,plus,mobile
USR-002286,35,male,DAEJEON,2025-04-03T17:57:00+09:00,direct,plus,mobile
USR-002287,41,male,BUSAN,2024-07-31T09:48:00+09:00,referral,basic,mobile
USR-002288,30,female,GYEONGGI,2024-07-04T12:41:00+09:00,paid_search,basic,desktop
USR-002289,67,male,GYEONGGI,2025-02-07T18:47:00+09:00,affiliate,basic,mobile
USR-002290,19,female,GYEONGGI,2025-09-07T14:45:00+09:00,organic,basic,tablet
USR-002291,30,female,SEOUL,2025-02-04T04:21:00+09:00,email,basic,desktop
USR-002292,44,male,GYEONGGI,2025-05-12T00:01:00+09:00,paid_search,basic,desktop
USR-002293,50,female,GYEONGGI,2025-08-29T09:47:00+09:00,paid_search,basic,mobile
USR-002294,70,female,SEOUL,2026-03-16T09:19:00+09:00,email,basic,mobile
USR-002295,21,male,BUSAN,2024-08-13T01:46:00+09:00,affiliate,basic,mobile
USR-002296,53,female,SEOUL,2024-09-04T09:31:00+09:00,direct,vip,mobile
USR-002297,29,female,GYEONGGI,2025-08-02T21:53:00+09:00,social,plus,desktop
USR-002298,24,female,GYEONGGI,2025-12-27T22:06:00+09:00,paid_search,basic,mobile
USR-002299,42,male,GYEONGGI,2025-12-31T03:38:00+09:00,direct,basic,mobile
USR-002300,25,female,GYEONGGI,2025-04-07T19:16:00+09:00,affiliate,basic,mobile
USR-002301,53,male,SEOUL,2025-07-14T08:44:00+09:00,referral,plus,mobile
USR-002302,69,male,DAEGU,2026-06-22T20:53:00+09:00,paid_search,basic,desktop
USR-002303,45,male,SEOUL,2026-05-22T01:43:00+09:00,referral,basic,desktop
USR-002304,22,male,SEOUL,2026-06-27T06:45:00+09:00,social,basic,mobile
USR-002305,28,female,GYEONGGI,2025-02-15T12:46:00+09:00,organic,premium,mobile
USR-002306,25,female,SEOUL,2025-08-20T20:25:00+09:00,email,basic,desktop
USR-002307,26,female,DAEGU,2024-12-06T19:30:00+09:00,affiliate,basic,mobile
USR-002308,36,male,DAEJEON,2026-06-28T18:16:00+09:00,organic,basic,mobile
USR-002309,37,female,BUSAN,2024-11-18T01:18:00+09:00,direct,basic,desktop
USR-002310,18,female,GYEONGGI,2024-11-24T08:38:00+09:00,paid_search,plus,mobile
USR-002311,46,male,SEOUL,2026-04-12T19:41:00+09:00,affiliate,basic,mobile
USR-002312,46,female,GYEONGGI,2025-02-11T09:33:00+09:00,referral,basic,mobile
USR-002313,59,female,SEOUL,2025-03-06T22:00:00+09:00,affiliate,plus,tablet
USR-002314,34,female,SEOUL,2024-07-28T19:40:00+09:00,referral,basic,mobile
USR-002315,62,female,DAEGU,2025-03-31T03:42:00+09:00,paid_search,plus,mobile
USR-002316,71,male,INCHEON,2026-01-18T19:44:00+09:00,social,basic,desktop
USR-002317,31,male,SEOUL,2024-09-27T16:55:00+09:00,email,basic,desktop
USR-002318,35,female,SEOUL,2026-05-02T14:55:00+09:00,organic,basic,desktop
USR-002319,40,female,GYEONGGI,2026-05-10T10:04:00+09:00,email,basic,mobile
USR-002320,45,male,SEOUL,2025-01-12T11:52:00+09:00,social,basic,mobile
USR-002321,43,male,INCHEON,2025-02-12T03:12:00+09:00,social,premium,mobile
USR-002322,57,male,SEOUL,2025-05-23T23:52:00+09:00,direct,basic,mobile
USR-002323,67,female,INCHEON,2025-05-23T13:44:00+09:00,paid_search,premium,desktop
USR-002324,54,male,SEOUL,2025-07-15T05:39:00+09:00,affiliate,plus,mobile
USR-002325,32,female,DAEGU,2025-05-09T17:05:00+09:00,direct,premium,mobile
USR-002326,46,female,SEOUL,2024-11-08T21:58:00+09:00,paid_search,basic,mobile
USR-002327,73,male,SEOUL,2026-04-20T12:03:00+09:00,organic,premium,mobile
USR-002328,47,male,SEOUL,2025-10-16T07:41:00+09:00,referral,basic,mobile
USR-002329,31,female,GYEONGGI,2024-09-09T13:57:00+09:00,organic,basic,mobile
USR-002330,49,unknown,GYEONGGI,2026-02-28T22:02:00+09:00,paid_search,basic,mobile
USR-002331,61,female,OTHER,2025-09-20T14:38:00+09:00,referral,plus,mobile
USR-002332,43,female,SEOUL,2025-07-19T09:08:00+09:00,referral,basic,mobile
USR-002333,38,male,DAEGU,2025-08-18T10:51:00+09:00,referral,basic,desktop
USR-002334,51,male,SEOUL,2024-11-13T13:26:00+09:00,referral,basic,mobile
USR-002335,38,female,SEOUL,2025-01-24T07:12:00+09:00,referral,basic,mobile
USR-002336,65,female,INCHEON,2026-01-13T00:48:00+09:00,paid_search,basic,desktop
USR-002337,34,female,SEOUL,2024-07-26T11:23:00+09:00,email,vip,desktop
USR-002338,41,unknown,DAEJEON,2024-10-21T06:59:00+09:00,direct,basic,mobile
USR-002339,59,female,SEOUL,2026-01-05T04:44:00+09:00,direct,vip,desktop
USR-002340,31,male,SEOUL,2025-08-07T06:09:00+09:00,organic,basic,mobile
USR-002341,47,female,GYEONGGI,2024-08-30T14:53:00+09:00,email,premium,mobile
USR-002342,32,male,GYEONGGI,2025-12-20T09:08:00+09:00,organic,premium,desktop
USR-002343,38,female,GYEONGGI,2025-01-17T13:19:00+09:00,paid_search,plus,desktop
USR-002344,61,female,GYEONGGI,2026-03-01T15:25:00+09:00,paid_search,premium,desktop
USR-002345,19,female,OTHER,2025-09-20T04:42:00+09:00,paid_search,basic,mobile
USR-002346,18,male,DAEJEON,2024-09-27T01:59:00+09:00,social,basic,mobile
USR-002347,46,female,SEOUL,2025-09-05T04:51:00+09:00,organic,basic,desktop
USR-002348,26,male,DAEGU,2026-06-08T18:44:00+09:00,paid_search,plus,mobile
USR-002349,50,male,GWANGJU,2026-04-02T12:28:00+09:00,paid_search,basic,mobile
USR-002350,43,female,SEOUL,2024-08-23T02:14:00+09:00,organic,basic,desktop
USR-002351,26,male,SEOUL,2025-05-25T01:38:00+09:00,paid_search,basic,mobile
USR-002352,19,male,SEOUL,2025-12-30T09:51:00+09:00,organic,basic,mobile
USR-002353,36,male,SEOUL,2025-10-17T19:34:00+09:00,paid_search,plus,mobile
USR-002354,34,female,SEOUL,2025-09-19T17:09:00+09:00,referral,plus,desktop
USR-002355,36,female,SEOUL,2025-11-03T15:22:00+09:00,organic,plus,tablet
USR-002356,37,female,GYEONGGI,2024-08-28T18:13:00+09:00,organic,basic,mobile
USR-002357,45,male,SEOUL,2024-07-29T05:05:00+09:00,referral,plus,mobile
USR-002358,35,male,BUSAN,2026-03-13T12:12:00+09:00,organic,plus,mobile
USR-002359,32,female,GYEONGGI,2025-09-20T23:36:00+09:00,organic,plus,desktop
USR-002360,25,male,SEOUL,2025-02-24T08:47:00+09:00,email,basic,mobile
USR-002361,39,female,GYEONGGI,2025-08-20T08:34:00+09:00,organic,basic,mobile
USR-002362,30,male,GYEONGGI,2025-08-20T09:27:00+09:00,organic,premium,mobile
USR-002363,19,female,GWANGJU,2024-12-07T18:45:00+09:00,referral,plus,mobile
USR-002364,36,female,INCHEON,2026-04-04T00:53:00+09:00,direct,basic,mobile
USR-002365,38,female,DAEJEON,2025-11-27T10:21:00+09:00,organic,premium,desktop
USR-002366,64,female,GYEONGGI,2025-04-04T17:53:00+09:00,social,basic,mobile
USR-002367,41,male,DAEGU,2026-05-13T13:37:00+09:00,social,premium,desktop
USR-002368,37,male,GYEONGGI,2025-07-11T06:32:00+09:00,organic,basic,desktop
USR-002369,65,male,SEOUL,2025-01-25T01:25:00+09:00,paid_search,plus,mobile
USR-002370,23,male,SEOUL,2025-12-15T20:46:00+09:00,social,basic,mobile
USR-002371,24,male,DAEJEON,2024-09-14T03:18:00+09:00,organic,basic,mobile
USR-002372,54,female,GYEONGGI,2025-10-26T09:28:00+09:00,referral,basic,mobile
USR-002373,28,female,BUSAN,2026-01-21T05:04:00+09:00,social,basic,desktop
USR-002374,64,female,GYEONGGI,2025-03-01T20:42:00+09:00,organic,basic,desktop
USR-002375,18,female,GYEONGGI,2026-06-09T08:20:00+09:00,organic,basic,mobile
USR-002376,37,female,GYEONGGI,2026-05-19T18:35:00+09:00,direct,basic,tablet
USR-002377,42,female,GYEONGGI,2025-01-08T12:28:00+09:00,affiliate,basic,mobile
USR-002378,37,female,GYEONGGI,2026-04-03T16:32:00+09:00,organic,basic,mobile
USR-002379,50,male,GYEONGGI,2025-11-06T06:50:00+09:00,email,basic,mobile
USR-002380,28,male,DAEJEON,2025-03-26T19:03:00+09:00,paid_search,basic,mobile
USR-002381,25,female,SEOUL,2025-08-05T06:47:00+09:00,paid_search,basic,mobile
USR-002382,35,female,SEOUL,2025-09-15T19:03:00+09:00,direct,basic,desktop
USR-002383,64,male,DAEGU,2026-02-11T02:42:00+09:00,organic,basic,tablet
USR-002384,36,male,SEOUL,2024-10-18T10:53:00+09:00,social,premium,mobile
USR-002385,48,male,GYEONGGI,2025-11-29T02:47:00+09:00,organic,basic,desktop
USR-002386,49,female,BUSAN,2026-02-13T12:28:00+09:00,affiliate,basic,mobile
USR-002387,51,male,SEOUL,2025-07-11T22:05:00+09:00,paid_search,basic,mobile
USR-002388,27,female,BUSAN,2024-09-15T03:42:00+09:00,organic,plus,mobile
USR-002389,47,female,SEOUL,2025-03-25T13:46:00+09:00,organic,basic,mobile
USR-002390,52,male,DAEJEON,2024-09-10T02:52:00+09:00,organic,basic,desktop
USR-002391,49,male,OTHER,2024-11-11T23:01:00+09:00,paid_search,basic,desktop
USR-002392,33,male,DAEJEON,2025-11-02T20:38:00+09:00,referral,plus,tablet
USR-002393,20,female,BUSAN,2025-03-14T12:44:00+09:00,social,plus,mobile
USR-002394,21,female,GYEONGGI,2025-06-21T23:20:00+09:00,organic,premium,desktop
USR-002395,63,male,SEOUL,2024-11-26T04:54:00+09:00,social,plus,mobile
USR-002396,37,male,DAEGU,2024-11-22T21:19:00+09:00,organic,basic,mobile
USR-002397,64,female,GWANGJU,2024-07-27T10:41:00+09:00,referral,basic,mobile
USR-002398,44,female,BUSAN,2024-10-24T07:31:00+09:00,referral,basic,mobile
USR-002399,55,unknown,GYEONGGI,2026-04-14T09:35:00+09:00,paid_search,basic,mobile
USR-002400,23,female,SEOUL,2025-10-05T17:18:00+09:00,social,vip,tablet
USR-002401,51,male,INCHEON,2026-04-28T13:16:00+09:00,organic,basic,mobile
USR-002402,22,male,GYEONGGI,2025-05-17T13:51:00+09:00,social,basic,mobile
USR-002403,30,female,GYEONGGI,2024-11-24T09:35:00+09:00,organic,basic,mobile
USR-002404,33,male,SEOUL,2024-10-20T07:42:00+09:00,direct,basic,mobile
USR-002405,68,male,DAEGU,2026-04-25T06:55:00+09:00,social,plus,mobile
USR-002406,54,female,SEOUL,2024-10-16T13:38:00+09:00,organic,basic,desktop
USR-002407,42,unknown,GYEONGGI,2024-10-26T08:54:00+09:00,direct,plus,mobile
USR-002408,35,female,INCHEON,2025-01-13T11:24:00+09:00,affiliate,plus,mobile
USR-002409,45,male,INCHEON,2026-06-10T15:37:00+09:00,paid_search,plus,desktop
USR-002410,35,female,SEOUL,2024-09-21T18:59:00+09:00,paid_search,basic,mobile
USR-002411,49,male,SEOUL,2026-02-25T03:13:00+09:00,organic,plus,mobile
USR-002412,27,female,SEOUL,2024-07-19T20:48:00+09:00,affiliate,plus,mobile
USR-002413,51,male,DAEJEON,2025-04-13T17:27:00+09:00,affiliate,plus,desktop
USR-002414,20,female,INCHEON,2025-02-19T04:10:00+09:00,referral,basic,tablet
USR-002415,28,female,GYEONGGI,2026-06-11T00:47:00+09:00,referral,basic,mobile
USR-002416,44,male,GYEONGGI,2025-09-20T22:27:00+09:00,email,basic,mobile
USR-002417,34,male,SEOUL,2026-01-14T14:00:00+09:00,organic,basic,mobile
USR-002418,40,male,SEOUL,2025-06-06T00:15:00+09:00,referral,plus,desktop
USR-002419,30,female,GWANGJU,2025-01-23T17:06:00+09:00,organic,basic,mobile
USR-002420,56,female,GWANGJU,2025-07-10T10:58:00+09:00,referral,basic,desktop
USR-002421,46,male,INCHEON,2024-12-04T05:51:00+09:00,social,basic,desktop
USR-002422,44,male,DAEGU,2024-10-11T18:54:00+09:00,email,basic,mobile
USR-002423,24,male,SEOUL,2025-04-16T21:52:00+09:00,direct,premium,mobile
USR-002424,40,female,GYEONGGI,2026-05-18T19:12:00+09:00,paid_search,basic,mobile
USR-002425,30,male,SEOUL,2024-09-08T13:16:00+09:00,paid_search,basic,mobile
USR-002426,37,male,GYEONGGI,2025-04-21T11:44:00+09:00,direct,basic,mobile
USR-002427,41,female,GYEONGGI,2026-02-12T00:50:00+09:00,paid_search,premium,tablet
USR-002428,25,male,BUSAN,2026-05-04T01:11:00+09:00,email,basic,desktop
USR-002429,65,male,DAEGU,2025-09-29T15:26:00+09:00,referral,plus,desktop
USR-002430,40,female,GWANGJU,2024-11-14T17:07:00+09:00,social,plus,desktop
USR-002431,25,female,SEOUL,2025-03-20T06:29:00+09:00,direct,vip,mobile
USR-002432,39,female,GYEONGGI,2025-10-04T05:22:00+09:00,paid_search,basic,mobile
USR-002433,50,female,SEOUL,2024-08-10T22:42:00+09:00,direct,premium,desktop
USR-002434,34,male,BUSAN,2025-12-28T16:37:00+09:00,direct,premium,desktop
USR-002435,59,male,INCHEON,2025-05-07T03:21:00+09:00,organic,plus,mobile
USR-002436,50,female,INCHEON,2025-12-18T02:49:00+09:00,organic,basic,mobile
USR-002437,24,male,DAEJEON,2025-07-25T17:53:00+09:00,direct,basic,mobile
USR-002438,40,female,GYEONGGI,2025-02-24T06:49:00+09:00,social,basic,desktop
USR-002439,50,male,GYEONGGI,2025-12-23T16:32:00+09:00,social,basic,mobile
USR-002440,36,female,SEOUL,2025-01-01T00:33:00+09:00,paid_search,basic,mobile
USR-002441,51,female,GYEONGGI,2025-09-24T06:13:00+09:00,social,premium,desktop
USR-002442,51,male,SEOUL,2025-05-02T06:32:00+09:00,organic,basic,mobile
USR-002443,55,male,GYEONGGI,2025-05-09T17:01:00+09:00,paid_search,plus,mobile
USR-002444,61,female,OTHER,2024-11-30T21:16:00+09:00,direct,premium,mobile
USR-002445,51,female,SEOUL,2025-03-24T12:47:00+09:00,affiliate,basic,desktop
USR-002446,30,male,GYEONGGI,2025-04-20T05:58:00+09:00,affiliate,vip,mobile
USR-002447,26,female,INCHEON,2025-10-07T09:18:00+09:00,direct,plus,mobile
USR-002448,47,male,OTHER,2026-03-22T02:59:00+09:00,organic,basic,mobile
USR-002449,21,male,SEOUL,2025-01-26T11:42:00+09:00,referral,basic,tablet
USR-002450,40,male,SEOUL,2024-09-04T19:47:00+09:00,direct,basic,mobile
USR-002451,31,male,SEOUL,2025-11-14T04:30:00+09:00,paid_search,plus,mobile
USR-002452,64,male,SEOUL,2025-05-26T16:52:00+09:00,social,basic,mobile
USR-002453,46,male,GWANGJU,2024-09-13T21:16:00+09:00,referral,premium,mobile
USR-002454,31,female,SEOUL,2026-02-27T19:19:00+09:00,organic,basic,desktop
USR-002455,18,female,BUSAN,2025-10-09T18:13:00+09:00,referral,basic,mobile
USR-002456,54,male,GYEONGGI,2025-05-13T07:03:00+09:00,direct,premium,mobile
USR-002457,21,male,INCHEON,2024-12-07T15:39:00+09:00,paid_search,basic,mobile
USR-002458,36,female,SEOUL,2025-06-17T18:49:00+09:00,social,basic,mobile
USR-002459,26,male,GYEONGGI,2025-02-16T11:48:00+09:00,direct,basic,mobile
USR-002460,31,male,GYEONGGI,2024-12-18T00:25:00+09:00,direct,premium,mobile
USR-002461,48,female,GYEONGGI,2026-06-08T21:52:00+09:00,social,basic,desktop
USR-002462,30,male,SEOUL,2024-11-23T02:57:00+09:00,affiliate,basic,mobile
USR-002463,29,female,SEOUL,2026-01-24T11:04:00+09:00,email,premium,mobile
USR-002464,26,female,GYEONGGI,2025-10-27T01:06:00+09:00,direct,basic,mobile
USR-002465,40,male,SEOUL,2025-01-05T20:19:00+09:00,social,plus,desktop
USR-002466,37,male,GYEONGGI,2026-05-15T05:03:00+09:00,referral,basic,mobile
USR-002467,27,female,GYEONGGI,2024-12-09T07:21:00+09:00,affiliate,plus,mobile
USR-002468,58,male,SEOUL,2025-11-19T23:17:00+09:00,social,basic,desktop
USR-002469,48,female,GYEONGGI,2026-04-21T07:50:00+09:00,referral,basic,mobile
USR-002470,29,female,SEOUL,2025-10-26T23:57:00+09:00,social,basic,mobile
USR-002471,25,male,GYEONGGI,2024-08-25T06:40:00+09:00,paid_search,plus,desktop
USR-002472,48,female,SEOUL,2024-10-03T18:30:00+09:00,email,basic,mobile
USR-002473,18,male,GYEONGGI,2024-11-25T02:37:00+09:00,direct,premium,mobile
USR-002474,56,male,SEOUL,2024-07-25T21:22:00+09:00,social,basic,desktop
USR-002475,33,female,DAEGU,2025-11-02T02:30:00+09:00,referral,plus,mobile
USR-002476,52,female,GYEONGGI,2026-04-16T12:15:00+09:00,email,basic,desktop
USR-002477,27,male,GWANGJU,2025-11-30T08:42:00+09:00,referral,plus,mobile
USR-002478,25,male,GYEONGGI,2025-12-18T15:15:00+09:00,referral,vip,desktop
USR-002479,37,male,BUSAN,2025-08-27T09:58:00+09:00,organic,plus,mobile
USR-002480,18,female,INCHEON,2024-09-12T03:53:00+09:00,paid_search,plus,mobile
USR-002481,54,male,BUSAN,2026-06-01T23:59:00+09:00,paid_search,basic,desktop
USR-002482,47,female,SEOUL,2025-10-20T12:27:00+09:00,paid_search,plus,desktop
USR-002483,19,female,SEOUL,2026-01-11T06:58:00+09:00,referral,basic,mobile
USR-002484,21,unknown,GYEONGGI,2025-04-04T15:56:00+09:00,social,premium,mobile
USR-002485,46,female,BUSAN,2024-10-11T20:20:00+09:00,referral,basic,mobile
USR-002486,52,female,GYEONGGI,2026-05-21T09:40:00+09:00,direct,plus,mobile
USR-002487,25,male,SEOUL,2026-02-03T02:45:00+09:00,direct,basic,mobile
USR-002488,54,female,SEOUL,2025-05-24T14:00:00+09:00,referral,plus,mobile
USR-002489,62,male,SEOUL,2024-10-20T11:19:00+09:00,organic,basic,mobile
USR-002490,32,female,SEOUL,2026-05-21T07:46:00+09:00,referral,basic,mobile
USR-002491,31,male,GYEONGGI,2024-10-16T10:07:00+09:00,referral,basic,mobile
USR-002492,72,male,BUSAN,2024-07-26T20:54:00+09:00,affiliate,plus,desktop
USR-002493,41,female,GYEONGGI,2025-10-01T12:44:00+09:00,referral,basic,mobile
USR-002494,47,female,BUSAN,2026-01-28T17:04:00+09:00,organic,vip,tablet
USR-002495,69,female,GYEONGGI,2024-11-13T18:20:00+09:00,paid_search,premium,desktop
USR-002496,57,female,SEOUL,2025-03-06T14:59:00+09:00,organic,plus,desktop
USR-002497,28,male,SEOUL,2025-02-02T15:16:00+09:00,paid_search,basic,mobile
USR-002498,22,male,GYEONGGI,2025-05-30T21:54:00+09:00,social,basic,mobile
USR-002499,50,female,BUSAN,2025-02-16T14:38:00+09:00,paid_search,basic,mobile
USR-002500,30,male,SEOUL,2025-11-09T02:35:00+09:00,referral,basic,mobile
USR-002501,44,male,GYEONGGI,2026-06-07T20:46:00+09:00,affiliate,basic,mobile
USR-002502,35,male,SEOUL,2025-07-11T07:59:00+09:00,social,basic,tablet
USR-002503,19,male,GYEONGGI,2025-02-25T11:51:00+09:00,social,plus,mobile
USR-002504,28,unknown,OTHER,2024-09-23T17:55:00+09:00,social,basic,desktop
USR-002505,37,female,GYEONGGI,2025-10-15T05:07:00+09:00,email,plus,tablet
USR-002506,35,male,GYEONGGI,2025-04-22T11:49:00+09:00,social,plus,mobile
USR-002507,35,unknown,DAEJEON,2024-07-22T21:46:00+09:00,referral,basic,mobile
USR-002508,62,male,INCHEON,2025-06-22T07:07:00+09:00,referral,basic,mobile
USR-002509,56,male,GYEONGGI,2025-02-14T18:58:00+09:00,direct,basic,desktop
USR-002510,41,male,SEOUL,2024-09-02T00:06:00+09:00,organic,basic,mobile
USR-002511,58,female,BUSAN,2025-10-12T20:39:00+09:00,affiliate,plus,desktop
USR-002512,41,male,GYEONGGI,2025-08-16T16:49:00+09:00,email,plus,desktop
USR-002513,49,male,BUSAN,2025-02-18T03:24:00+09:00,email,basic,desktop
USR-002514,26,female,SEOUL,2025-04-01T11:46:00+09:00,referral,basic,desktop
USR-002515,28,male,SEOUL,2025-05-26T09:37:00+09:00,paid_search,basic,desktop
USR-002516,69,male,SEOUL,2024-12-30T05:18:00+09:00,social,basic,mobile
USR-002517,31,female,SEOUL,2026-02-13T14:30:00+09:00,direct,plus,mobile
USR-002518,41,female,SEOUL,2024-07-21T11:17:00+09:00,direct,basic,desktop
USR-002519,50,female,SEOUL,2025-12-18T11:15:00+09:00,paid_search,basic,mobile
USR-002520,22,female,SEOUL,2024-09-08T10:17:00+09:00,organic,basic,desktop
USR-002521,66,female,DAEGU,2024-07-16T01:12:00+09:00,direct,basic,desktop
USR-002522,46,female,GWANGJU,2024-11-11T03:57:00+09:00,organic,basic,desktop
USR-002523,26,female,BUSAN,2025-07-20T19:33:00+09:00,social,premium,mobile
USR-002524,67,female,INCHEON,2025-11-23T10:59:00+09:00,direct,basic,mobile
USR-002525,30,female,DAEJEON,2025-07-07T13:50:00+09:00,paid_search,plus,desktop
USR-002526,21,female,GYEONGGI,2026-03-10T06:31:00+09:00,referral,plus,mobile
USR-002527,28,female,SEOUL,2026-05-18T10:23:00+09:00,direct,basic,mobile
USR-002528,32,male,SEOUL,2024-07-20T16:07:00+09:00,social,vip,mobile
USR-002529,28,male,GYEONGGI,2025-10-23T09:20:00+09:00,affiliate,plus,mobile
USR-002530,27,male,SEOUL,2026-01-14T22:20:00+09:00,organic,basic,desktop
USR-002531,42,male,GYEONGGI,2026-03-22T01:59:00+09:00,organic,basic,desktop
USR-002532,44,female,GYEONGGI,2026-02-22T03:07:00+09:00,referral,premium,mobile
USR-002533,36,male,GYEONGGI,2025-04-24T06:38:00+09:00,affiliate,basic,mobile
USR-002534,41,female,GYEONGGI,2024-11-24T09:39:00+09:00,paid_search,basic,mobile
USR-002535,20,female,GYEONGGI,2025-06-16T07:00:00+09:00,organic,basic,tablet
USR-002536,43,male,GYEONGGI,2026-02-01T08:39:00+09:00,paid_search,basic,mobile
USR-002537,41,female,DAEGU,2026-02-20T19:40:00+09:00,direct,basic,desktop
USR-002538,33,male,SEOUL,2025-06-25T01:39:00+09:00,direct,basic,mobile
USR-002539,53,male,SEOUL,2026-04-11T03:19:00+09:00,organic,basic,desktop
USR-002540,23,male,GWANGJU,2026-06-06T12:39:00+09:00,social,basic,mobile
USR-002541,29,male,INCHEON,2025-03-27T05:38:00+09:00,referral,plus,mobile
USR-002542,39,male,SEOUL,2024-07-16T14:28:00+09:00,organic,basic,mobile
USR-002543,31,male,BUSAN,2024-10-27T06:31:00+09:00,direct,premium,mobile
USR-002544,26,female,SEOUL,2025-01-25T21:48:00+09:00,organic,basic,desktop
USR-002545,27,male,GYEONGGI,2025-12-08T11:15:00+09:00,direct,basic,mobile
USR-002546,26,female,DAEGU,2026-06-19T13:44:00+09:00,affiliate,basic,mobile
USR-002547,24,male,DAEJEON,2026-05-28T11:49:00+09:00,social,basic,mobile
USR-002548,29,male,SEOUL,2025-07-12T08:38:00+09:00,organic,plus,mobile
USR-002549,53,female,GWANGJU,2025-05-26T11:02:00+09:00,paid_search,plus,mobile
USR-002550,28,male,GYEONGGI,2026-04-27T10:52:00+09:00,social,basic,mobile
USR-002551,38,male,DAEJEON,2026-01-08T18:21:00+09:00,direct,basic,mobile
USR-002552,58,female,INCHEON,2026-05-24T03:15:00+09:00,paid_search,basic,mobile
USR-002553,35,female,SEOUL,2024-11-20T07:33:00+09:00,direct,basic,mobile
USR-002554,38,male,GYEONGGI,2025-04-16T03:15:00+09:00,social,basic,mobile
USR-002555,35,female,GYEONGGI,2025-09-17T17:30:00+09:00,referral,basic,mobile
USR-002556,51,male,GYEONGGI,2025-11-01T15:25:00+09:00,organic,basic,mobile
USR-002557,43,female,GWANGJU,2025-11-12T16:05:00+09:00,social,basic,mobile
USR-002558,39,male,SEOUL,2025-06-10T00:36:00+09:00,organic,basic,mobile
USR-002559,26,male,GYEONGGI,2026-04-29T09:02:00+09:00,organic,basic,desktop
USR-002560,19,female,DAEGU,2025-05-01T22:58:00+09:00,direct,basic,desktop
USR-002561,21,male,SEOUL,2025-07-17T04:46:00+09:00,direct,premium,mobile
USR-002562,18,female,SEOUL,2024-12-10T07:13:00+09:00,organic,basic,mobile
USR-002563,43,female,DAEGU,2025-02-05T09:47:00+09:00,email,basic,desktop
USR-002564,42,female,GWANGJU,2024-08-08T03:41:00+09:00,social,basic,desktop
USR-002565,44,female,SEOUL,2025-03-28T09:28:00+09:00,direct,basic,mobile
USR-002566,32,male,INCHEON,2026-05-11T12:39:00+09:00,social,basic,mobile
USR-002567,26,female,BUSAN,2024-09-12T09:27:00+09:00,paid_search,basic,mobile
USR-002568,34,male,SEOUL,2025-04-18T09:52:00+09:00,direct,basic,mobile
USR-002569,25,female,SEOUL,2025-03-16T14:03:00+09:00,email,plus,desktop
USR-002570,26,female,GWANGJU,2024-07-23T02:48:00+09:00,organic,basic,mobile
USR-002571,36,female,INCHEON,2026-04-02T02:59:00+09:00,social,basic,desktop
USR-002572,72,male,SEOUL,2026-01-23T09:05:00+09:00,paid_search,basic,mobile
USR-002573,24,male,GYEONGGI,2026-02-11T17:44:00+09:00,paid_search,basic,mobile
USR-002574,38,female,SEOUL,2026-05-10T20:46:00+09:00,organic,premium,desktop
USR-002575,30,male,SEOUL,2026-02-11T21:40:00+09:00,organic,basic,mobile
USR-002576,40,female,SEOUL,2025-09-01T14:45:00+09:00,referral,basic,desktop
USR-002577,24,male,GYEONGGI,2025-10-26T06:24:00+09:00,social,plus,mobile
USR-002578,33,male,GYEONGGI,2025-10-09T11:20:00+09:00,social,basic,mobile
USR-002579,61,male,DAEJEON,2026-04-08T15:36:00+09:00,organic,basic,mobile
USR-002580,40,male,SEOUL,2025-09-16T20:59:00+09:00,direct,basic,mobile
USR-002581,58,female,SEOUL,2025-12-20T07:29:00+09:00,organic,basic,desktop
USR-002582,40,male,SEOUL,2024-07-02T12:16:00+09:00,social,basic,desktop
USR-002583,39,female,GYEONGGI,2024-07-30T20:38:00+09:00,referral,basic,desktop
USR-002584,42,male,SEOUL,2026-01-27T03:18:00+09:00,paid_search,basic,desktop
USR-002585,25,unknown,GYEONGGI,2026-01-02T05:31:00+09:00,social,basic,desktop
USR-002586,27,male,GYEONGGI,2024-12-23T08:44:00+09:00,organic,plus,mobile
USR-002587,29,female,GWANGJU,2026-01-26T14:43:00+09:00,email,plus,mobile
USR-002588,48,male,DAEGU,2024-06-30T08:37:00+09:00,direct,basic,mobile
USR-002589,73,male,DAEJEON,2025-10-22T21:30:00+09:00,referral,basic,mobile
USR-002590,29,male,GYEONGGI,2025-01-28T11:49:00+09:00,organic,basic,mobile
USR-002591,34,unknown,DAEJEON,2026-06-05T03:40:00+09:00,affiliate,basic,mobile
USR-002592,21,male,SEOUL,2026-02-19T03:58:00+09:00,direct,plus,desktop
USR-002593,71,female,INCHEON,2025-12-18T02:43:00+09:00,organic,basic,mobile
USR-002594,39,male,SEOUL,2025-01-16T22:07:00+09:00,referral,basic,mobile
USR-002595,52,female,INCHEON,2026-02-23T03:06:00+09:00,paid_search,basic,mobile
USR-002596,35,female,SEOUL,2024-10-21T14:57:00+09:00,paid_search,basic,desktop
USR-002597,42,male,GYEONGGI,2025-11-20T12:21:00+09:00,paid_search,premium,mobile
USR-002598,31,male,SEOUL,2026-06-14T15:05:00+09:00,direct,basic,mobile
USR-002599,38,male,INCHEON,2024-12-02T18:52:00+09:00,direct,plus,desktop
USR-002600,30,female,SEOUL,2025-09-23T21:03:00+09:00,social,basic,desktop
USR-002601,26,male,SEOUL,2026-01-10T18:37:00+09:00,social,basic,mobile
USR-002602,22,male,BUSAN,2024-08-11T22:10:00+09:00,referral,basic,mobile
USR-002603,34,male,GYEONGGI,2025-02-13T12:10:00+09:00,referral,premium,mobile
USR-002604,30,male,SEOUL,2024-11-01T11:57:00+09:00,organic,plus,mobile
USR-002605,36,female,SEOUL,2024-12-21T01:22:00+09:00,organic,plus,desktop
USR-002606,18,male,SEOUL,2025-07-13T08:18:00+09:00,paid_search,basic,mobile
USR-002607,27,female,GYEONGGI,2025-02-21T17:46:00+09:00,social,premium,mobile
USR-002608,60,female,SEOUL,2025-04-05T07:57:00+09:00,organic,vip,mobile
USR-002609,34,female,GYEONGGI,2025-01-02T04:28:00+09:00,organic,plus,mobile
USR-002610,61,male,SEOUL,2026-02-07T03:41:00+09:00,social,premium,desktop
USR-002611,22,male,BUSAN,2025-08-17T15:34:00+09:00,affiliate,premium,mobile
USR-002612,31,male,SEOUL,2024-11-16T18:49:00+09:00,paid_search,basic,mobile
USR-002613,28,female,SEOUL,2025-04-08T14:52:00+09:00,direct,basic,desktop
USR-002614,50,female,SEOUL,2025-08-20T12:55:00+09:00,paid_search,plus,desktop
USR-002615,20,female,SEOUL,2025-11-18T13:48:00+09:00,social,basic,mobile
USR-002616,32,male,GYEONGGI,2025-06-17T22:17:00+09:00,paid_search,basic,mobile
USR-002617,36,female,SEOUL,2024-10-26T04:01:00+09:00,referral,basic,mobile
USR-002618,54,female,SEOUL,2025-10-26T06:47:00+09:00,email,plus,mobile
USR-002619,33,female,SEOUL,2026-03-13T13:12:00+09:00,social,basic,desktop
USR-002620,73,female,GYEONGGI,2025-02-17T23:37:00+09:00,direct,plus,mobile
USR-002621,34,male,BUSAN,2025-05-30T15:35:00+09:00,paid_search,plus,mobile
USR-002622,22,female,DAEJEON,2025-06-26T22:28:00+09:00,email,plus,mobile
USR-002623,40,male,SEOUL,2025-03-04T10:29:00+09:00,paid_search,plus,desktop
USR-002624,25,female,SEOUL,2026-01-18T16:04:00+09:00,organic,basic,desktop
USR-002625,53,male,SEOUL,2026-01-09T09:49:00+09:00,paid_search,basic,desktop
USR-002626,54,male,GYEONGGI,2025-08-08T13:26:00+09:00,direct,basic,mobile
USR-002627,40,female,GWANGJU,2025-05-02T05:31:00+09:00,referral,basic,mobile
USR-002628,57,male,SEOUL,2026-03-19T02:43:00+09:00,social,plus,mobile
USR-002629,41,female,SEOUL,2025-07-27T00:29:00+09:00,affiliate,basic,mobile
USR-002630,27,female,SEOUL,2025-03-29T05:09:00+09:00,referral,vip,mobile
USR-002631,18,male,SEOUL,2026-03-13T04:27:00+09:00,paid_search,plus,mobile
USR-002632,48,male,GYEONGGI,2026-06-03T13:18:00+09:00,organic,basic,mobile
USR-002633,38,female,DAEJEON,2024-06-30T04:43:00+09:00,social,basic,mobile
USR-002634,25,female,SEOUL,2026-02-22T00:14:00+09:00,paid_search,basic,mobile
USR-002635,25,male,GYEONGGI,2025-09-13T19:05:00+09:00,affiliate,basic,mobile
USR-002636,27,male,SEOUL,2025-12-29T15:57:00+09:00,organic,basic,tablet
USR-002637,29,female,DAEGU,2025-08-04T20:48:00+09:00,direct,basic,mobile
USR-002638,45,male,SEOUL,2024-11-21T05:06:00+09:00,referral,plus,mobile
USR-002639,41,female,SEOUL,2024-11-27T19:26:00+09:00,organic,plus,desktop
USR-002640,28,female,SEOUL,2024-10-22T20:23:00+09:00,affiliate,plus,tablet
USR-002641,48,female,GYEONGGI,2025-02-13T15:06:00+09:00,paid_search,basic,desktop
USR-002642,31,female,GYEONGGI,2024-08-09T15:56:00+09:00,affiliate,basic,mobile
USR-002643,38,female,SEOUL,2025-09-04T07:29:00+09:00,paid_search,plus,desktop
USR-002644,25,male,SEOUL,2024-11-05T19:11:00+09:00,direct,premium,mobile
USR-002645,31,female,BUSAN,2026-01-20T11:06:00+09:00,email,plus,mobile
USR-002646,21,female,GYEONGGI,2024-12-21T02:00:00+09:00,direct,basic,mobile
USR-002647,35,female,SEOUL,2024-09-04T06:48:00+09:00,organic,basic,mobile
USR-002648,40,female,BUSAN,2025-01-12T10:04:00+09:00,social,plus,mobile
USR-002649,59,male,SEOUL,2025-08-15T01:24:00+09:00,affiliate,basic,desktop
USR-002650,41,male,DAEGU,2025-12-22T01:03:00+09:00,organic,basic,mobile
USR-002651,46,female,SEOUL,2026-06-12T06:27:00+09:00,paid_search,basic,mobile
USR-002652,41,male,GYEONGGI,2026-05-29T02:08:00+09:00,organic,basic,tablet
USR-002653,33,male,SEOUL,2025-09-18T15:05:00+09:00,direct,basic,desktop
USR-002654,56,male,SEOUL,2025-11-25T22:12:00+09:00,social,basic,mobile
USR-002655,30,male,GWANGJU,2024-11-15T19:53:00+09:00,paid_search,basic,mobile
USR-002656,27,male,SEOUL,2026-01-26T11:21:00+09:00,social,basic,mobile
USR-002657,30,female,SEOUL,2025-02-26T10:59:00+09:00,paid_search,plus,desktop
USR-002658,63,male,DAEJEON,2026-03-01T06:20:00+09:00,social,basic,desktop
USR-002659,48,male,GYEONGGI,2024-09-25T01:36:00+09:00,social,plus,mobile
USR-002660,54,female,GYEONGGI,2024-12-09T22:44:00+09:00,referral,basic,mobile
USR-002661,60,female,SEOUL,2025-04-08T03:46:00+09:00,email,plus,desktop
USR-002662,67,female,GYEONGGI,2026-02-19T22:29:00+09:00,organic,plus,desktop
USR-002663,28,male,SEOUL,2025-08-06T13:36:00+09:00,organic,vip,mobile
USR-002664,39,male,SEOUL,2024-09-29T03:53:00+09:00,organic,basic,desktop
USR-002665,34,male,GYEONGGI,2025-06-15T20:28:00+09:00,paid_search,plus,mobile
USR-002666,29,male,SEOUL,2026-03-04T12:07:00+09:00,paid_search,basic,mobile
USR-002667,54,female,SEOUL,2026-05-15T01:14:00+09:00,direct,plus,mobile
USR-002668,38,female,SEOUL,2024-07-08T20:33:00+09:00,referral,premium,mobile
USR-002669,26,male,GYEONGGI,2025-03-19T06:12:00+09:00,social,premium,mobile
USR-002670,37,male,OTHER,2026-01-26T00:57:00+09:00,referral,basic,mobile
USR-002671,35,female,BUSAN,2024-10-15T12:59:00+09:00,referral,plus,mobile
USR-002672,18,female,BUSAN,2024-08-15T04:22:00+09:00,organic,premium,mobile
USR-002673,53,female,GYEONGGI,2024-10-19T14:16:00+09:00,organic,basic,mobile
USR-002674,36,male,SEOUL,2024-11-01T08:09:00+09:00,paid_search,basic,desktop
USR-002675,41,female,BUSAN,2025-04-22T17:54:00+09:00,referral,basic,desktop
USR-002676,28,female,SEOUL,2025-06-22T17:10:00+09:00,social,basic,mobile
USR-002677,33,female,DAEGU,2026-05-21T08:38:00+09:00,paid_search,basic,mobile
USR-002678,27,male,OTHER,2025-03-15T07:59:00+09:00,organic,basic,mobile
USR-002679,37,male,SEOUL,2026-06-21T09:21:00+09:00,organic,basic,mobile
USR-002680,34,unknown,GYEONGGI,2025-08-07T11:42:00+09:00,email,basic,mobile
USR-002681,39,male,BUSAN,2025-10-03T22:32:00+09:00,social,plus,mobile
USR-002682,20,female,GYEONGGI,2024-10-12T12:32:00+09:00,organic,plus,desktop
USR-002683,51,female,INCHEON,2025-03-29T10:00:00+09:00,social,basic,mobile
USR-002684,33,male,SEOUL,2025-06-28T23:24:00+09:00,paid_search,basic,mobile
USR-002685,39,male,SEOUL,2026-03-05T19:37:00+09:00,paid_search,basic,desktop
USR-002686,30,female,SEOUL,2024-10-29T15:29:00+09:00,social,plus,mobile
USR-002687,32,unknown,GYEONGGI,2025-05-31T07:01:00+09:00,paid_search,basic,mobile
USR-002688,34,male,GYEONGGI,2026-04-01T09:23:00+09:00,affiliate,basic,desktop
USR-002689,38,male,SEOUL,2024-11-28T23:29:00+09:00,organic,basic,mobile
USR-002690,33,female,GYEONGGI,2026-01-01T14:37:00+09:00,social,premium,mobile
USR-002691,44,male,SEOUL,2026-02-12T06:36:00+09:00,organic,basic,desktop
USR-002692,34,female,BUSAN,2024-09-06T05:54:00+09:00,referral,plus,mobile
USR-002693,29,male,GYEONGGI,2025-01-30T04:52:00+09:00,social,basic,desktop
USR-002694,38,female,SEOUL,2025-03-18T03:33:00+09:00,direct,basic,mobile
USR-002695,35,female,BUSAN,2026-01-18T21:52:00+09:00,social,basic,mobile
USR-002696,22,male,GYEONGGI,2025-06-19T09:38:00+09:00,social,basic,mobile
USR-002697,24,male,SEOUL,2025-06-10T14:49:00+09:00,organic,premium,mobile
USR-002698,56,male,OTHER,2026-05-04T20:37:00+09:00,social,basic,desktop
USR-002699,31,female,SEOUL,2026-05-20T01:14:00+09:00,organic,plus,desktop
USR-002700,25,male,OTHER,2024-07-14T21:39:00+09:00,paid_search,basic,mobile
USR-002701,23,female,GYEONGGI,2026-04-29T05:40:00+09:00,social,plus,desktop
USR-002702,40,male,BUSAN,2025-05-12T03:37:00+09:00,direct,basic,desktop
USR-002703,21,female,SEOUL,2025-05-14T00:08:00+09:00,paid_search,vip,mobile
USR-002704,37,female,GYEONGGI,2024-12-16T15:49:00+09:00,organic,plus,mobile
USR-002705,20,male,BUSAN,2026-01-29T02:30:00+09:00,direct,plus,mobile
USR-002706,25,male,INCHEON,2024-11-03T01:48:00+09:00,social,basic,mobile
USR-002707,24,female,SEOUL,2026-03-26T10:09:00+09:00,paid_search,basic,mobile
USR-002708,24,female,GYEONGGI,2025-11-09T18:07:00+09:00,organic,basic,tablet
USR-002709,19,male,BUSAN,2026-06-26T02:46:00+09:00,referral,basic,tablet
USR-002710,71,male,GYEONGGI,2025-11-10T10:54:00+09:00,organic,basic,desktop
USR-002711,45,male,GYEONGGI,2025-03-20T18:23:00+09:00,organic,basic,mobile
USR-002712,52,male,SEOUL,2026-01-27T06:09:00+09:00,paid_search,basic,mobile
USR-002713,28,female,DAEGU,2025-05-01T12:05:00+09:00,referral,basic,mobile
USR-002714,43,female,BUSAN,2025-03-01T07:05:00+09:00,paid_search,basic,mobile
USR-002715,59,female,BUSAN,2026-01-26T19:22:00+09:00,paid_search,basic,desktop
USR-002716,35,male,SEOUL,2025-08-29T06:13:00+09:00,organic,plus,mobile
USR-002717,26,female,DAEGU,2025-10-15T02:06:00+09:00,direct,plus,tablet
USR-002718,48,female,SEOUL,2026-02-14T05:37:00+09:00,organic,plus,mobile
USR-002719,34,female,SEOUL,2025-02-24T17:37:00+09:00,organic,basic,mobile
USR-002720,56,male,GYEONGGI,2025-05-30T08:40:00+09:00,paid_search,basic,desktop
USR-002721,37,male,GYEONGGI,2025-12-07T21:52:00+09:00,affiliate,basic,mobile
USR-002722,38,unknown,SEOUL,2025-03-01T21:03:00+09:00,organic,basic,mobile
USR-002723,21,female,INCHEON,2026-06-28T21:45:00+09:00,affiliate,basic,mobile
USR-002724,50,female,INCHEON,2025-08-24T23:03:00+09:00,organic,plus,mobile
USR-002725,21,male,DAEGU,2026-02-19T02:22:00+09:00,referral,plus,mobile
USR-002726,36,female,SEOUL,2025-09-24T23:04:00+09:00,direct,premium,desktop
USR-002727,30,male,GWANGJU,2025-01-11T01:19:00+09:00,paid_search,basic,mobile
USR-002728,46,female,SEOUL,2025-08-17T08:42:00+09:00,organic,basic,mobile
USR-002729,52,female,DAEGU,2026-05-15T12:32:00+09:00,organic,premium,mobile
USR-002730,24,male,SEOUL,2024-11-20T10:22:00+09:00,organic,basic,mobile
USR-002731,43,male,SEOUL,2026-06-11T22:48:00+09:00,social,basic,desktop
USR-002732,42,male,SEOUL,2025-08-22T13:25:00+09:00,referral,basic,mobile
USR-002733,54,female,GYEONGGI,2025-08-16T23:25:00+09:00,organic,plus,mobile
USR-002734,30,female,INCHEON,2026-05-24T21:03:00+09:00,paid_search,basic,mobile
USR-002735,40,male,SEOUL,2025-09-07T06:41:00+09:00,organic,basic,mobile
USR-002736,42,female,DAEJEON,2025-08-29T23:39:00+09:00,affiliate,premium,tablet
USR-002737,31,male,SEOUL,2025-05-13T21:12:00+09:00,organic,basic,desktop
USR-002738,41,male,GWANGJU,2024-12-29T16:24:00+09:00,email,vip,desktop
USR-002739,30,female,SEOUL,2026-06-19T21:16:00+09:00,organic,basic,mobile
USR-002740,22,male,GYEONGGI,2026-05-28T08:10:00+09:00,paid_search,basic,mobile
USR-002741,54,female,GYEONGGI,2025-12-29T01:08:00+09:00,social,plus,mobile
USR-002742,39,female,SEOUL,2025-09-23T14:22:00+09:00,email,plus,mobile
USR-002743,22,unknown,GWANGJU,2026-01-06T08:23:00+09:00,direct,plus,tablet
USR-002744,36,male,DAEJEON,2024-08-21T03:42:00+09:00,organic,basic,mobile
USR-002745,31,male,DAEGU,2026-04-10T02:11:00+09:00,direct,basic,desktop
USR-002746,28,male,SEOUL,2025-01-05T18:51:00+09:00,paid_search,premium,tablet
USR-002747,40,male,GYEONGGI,2024-10-29T22:12:00+09:00,affiliate,premium,mobile
USR-002748,65,female,GWANGJU,2025-04-24T11:23:00+09:00,organic,basic,mobile
USR-002749,25,unknown,GYEONGGI,2025-01-02T10:34:00+09:00,organic,basic,mobile
USR-002750,38,female,GYEONGGI,2025-08-28T21:27:00+09:00,paid_search,premium,mobile
USR-002751,30,female,BUSAN,2025-09-27T22:03:00+09:00,direct,premium,mobile
USR-002752,48,male,SEOUL,2025-06-23T08:39:00+09:00,direct,vip,mobile
USR-002753,41,male,BUSAN,2025-01-21T19:04:00+09:00,social,plus,mobile
USR-002754,41,male,SEOUL,2025-03-21T21:10:00+09:00,affiliate,plus,mobile
USR-002755,42,female,SEOUL,2026-05-21T12:21:00+09:00,affiliate,plus,mobile
USR-002756,22,female,GYEONGGI,2026-02-06T00:47:00+09:00,email,basic,mobile
USR-002757,35,male,GYEONGGI,2026-05-28T02:10:00+09:00,social,basic,mobile
USR-002758,37,female,SEOUL,2025-05-25T03:20:00+09:00,referral,plus,mobile
USR-002759,39,female,SEOUL,2025-12-28T09:07:00+09:00,organic,basic,tablet
USR-002760,62,male,GYEONGGI,2025-05-07T07:17:00+09:00,organic,basic,mobile
USR-002761,54,male,INCHEON,2024-11-11T05:58:00+09:00,social,basic,desktop
USR-002762,58,male,SEOUL,2025-09-03T03:26:00+09:00,referral,basic,mobile
USR-002763,34,male,SEOUL,2026-03-22T20:10:00+09:00,organic,basic,tablet
USR-002764,47,male,SEOUL,2026-02-11T08:18:00+09:00,social,plus,mobile
USR-002765,35,male,SEOUL,2025-02-24T18:23:00+09:00,referral,basic,mobile
USR-002766,37,female,BUSAN,2026-02-20T11:57:00+09:00,organic,basic,desktop
USR-002767,31,male,DAEJEON,2025-10-14T07:55:00+09:00,direct,premium,mobile
USR-002768,38,female,SEOUL,2024-09-05T16:54:00+09:00,social,premium,desktop
USR-002769,42,male,INCHEON,2024-09-05T17:25:00+09:00,organic,plus,mobile
USR-002770,53,female,BUSAN,2025-09-19T16:50:00+09:00,direct,basic,mobile
USR-002771,49,female,GWANGJU,2025-05-30T15:44:00+09:00,direct,premium,mobile
USR-002772,36,male,GWANGJU,2025-07-02T03:24:00+09:00,organic,basic,mobile
USR-002773,41,female,SEOUL,2025-05-20T09:35:00+09:00,referral,basic,mobile
USR-002774,63,female,INCHEON,2025-06-28T04:58:00+09:00,organic,basic,mobile
USR-002775,50,female,GYEONGGI,2025-02-14T12:35:00+09:00,email,basic,tablet
USR-002776,23,female,GYEONGGI,2025-07-27T06:54:00+09:00,social,basic,mobile
USR-002777,41,male,SEOUL,2026-01-02T13:47:00+09:00,paid_search,plus,desktop
USR-002778,25,female,DAEJEON,2024-12-07T13:34:00+09:00,organic,basic,mobile
USR-002779,54,male,GYEONGGI,2024-08-28T18:27:00+09:00,social,basic,mobile
USR-002780,42,female,DAEGU,2025-04-23T05:00:00+09:00,referral,plus,mobile
USR-002781,35,male,GYEONGGI,2026-01-21T04:32:00+09:00,referral,plus,mobile
USR-002782,25,female,SEOUL,2024-10-08T16:42:00+09:00,social,basic,mobile
USR-002783,40,female,DAEGU,2025-10-07T19:01:00+09:00,social,plus,mobile
USR-002784,72,female,BUSAN,2024-12-10T17:46:00+09:00,paid_search,basic,mobile
USR-002785,40,female,GYEONGGI,2025-08-26T14:12:00+09:00,organic,basic,mobile
USR-002786,30,male,BUSAN,2025-05-18T07:53:00+09:00,organic,basic,mobile
USR-002787,26,female,SEOUL,2025-09-04T22:40:00+09:00,organic,basic,mobile
USR-002788,26,male,GYEONGGI,2026-01-13T05:42:00+09:00,paid_search,basic,mobile
USR-002789,43,male,GYEONGGI,2026-03-19T11:39:00+09:00,direct,plus,desktop
USR-002790,31,male,SEOUL,2025-08-04T15:52:00+09:00,social,basic,mobile
USR-002791,26,male,INCHEON,2024-12-23T13:33:00+09:00,organic,premium,mobile
USR-002792,57,male,SEOUL,2026-06-08T04:31:00+09:00,paid_search,plus,mobile
USR-002793,53,female,DAEGU,2025-12-24T14:08:00+09:00,paid_search,plus,desktop
USR-002794,63,female,SEOUL,2025-06-20T00:00:00+09:00,organic,premium,desktop
USR-002795,45,female,DAEGU,2025-06-09T02:13:00+09:00,email,basic,desktop
USR-002796,37,female,GYEONGGI,2026-05-07T04:45:00+09:00,email,basic,mobile
USR-002797,18,female,SEOUL,2026-04-21T21:46:00+09:00,referral,basic,desktop
USR-002798,35,male,BUSAN,2026-02-07T02:38:00+09:00,organic,basic,mobile
USR-002799,60,male,SEOUL,2026-04-15T06:45:00+09:00,direct,basic,desktop
USR-002800,28,female,SEOUL,2026-06-14T14:43:00+09:00,social,premium,mobile
USR-002801,34,unknown,DAEJEON,2025-09-23T07:15:00+09:00,referral,plus,desktop
USR-002802,37,female,GYEONGGI,2026-06-18T20:56:00+09:00,social,basic,desktop
USR-002803,55,female,GWANGJU,2024-11-08T13:08:00+09:00,social,basic,mobile
USR-002804,54,female,GYEONGGI,2025-06-11T10:11:00+09:00,referral,plus,tablet
USR-002805,41,male,DAEGU,2025-01-02T23:45:00+09:00,organic,basic,desktop
USR-002806,26,male,DAEGU,2025-11-12T23:46:00+09:00,organic,plus,mobile
USR-002807,43,female,GYEONGGI,2026-04-13T04:16:00+09:00,referral,basic,desktop
USR-002808,32,female,GYEONGGI,2025-12-09T07:41:00+09:00,social,vip,mobile
USR-002809,42,male,SEOUL,2025-08-01T15:53:00+09:00,affiliate,plus,mobile
USR-002810,45,female,DAEJEON,2025-03-04T18:33:00+09:00,organic,basic,desktop
USR-002811,34,male,OTHER,2024-10-17T22:56:00+09:00,organic,basic,mobile
USR-002812,28,male,OTHER,2025-03-10T17:38:00+09:00,paid_search,basic,mobile
USR-002813,63,male,SEOUL,2024-10-12T14:08:00+09:00,referral,basic,mobile
USR-002814,39,female,SEOUL,2025-06-14T05:34:00+09:00,paid_search,basic,mobile
USR-002815,38,female,GYEONGGI,2026-03-26T02:23:00+09:00,referral,basic,mobile
USR-002816,30,male,INCHEON,2025-08-24T04:47:00+09:00,affiliate,vip,mobile
USR-002817,43,female,DAEJEON,2025-01-10T10:43:00+09:00,paid_search,premium,mobile
USR-002818,48,male,SEOUL,2024-11-12T07:10:00+09:00,referral,basic,mobile
USR-002819,62,male,DAEJEON,2026-01-20T15:41:00+09:00,social,basic,tablet
USR-002820,39,male,SEOUL,2025-11-07T16:37:00+09:00,paid_search,plus,mobile
USR-002821,37,male,SEOUL,2026-02-05T07:53:00+09:00,paid_search,plus,desktop
USR-002822,26,female,GWANGJU,2025-09-27T18:28:00+09:00,referral,basic,mobile
USR-002823,19,female,DAEGU,2026-01-23T22:40:00+09:00,organic,basic,mobile
USR-002824,51,male,BUSAN,2026-01-27T07:49:00+09:00,affiliate,plus,mobile
USR-002825,31,male,BUSAN,2025-01-12T16:22:00+09:00,organic,plus,mobile
USR-002826,36,female,GYEONGGI,2025-04-28T01:56:00+09:00,email,plus,mobile
USR-002827,39,female,SEOUL,2024-10-23T20:19:00+09:00,social,plus,mobile
USR-002828,65,female,GYEONGGI,2025-12-12T19:28:00+09:00,organic,basic,mobile
USR-002829,38,female,DAEJEON,2026-02-20T07:54:00+09:00,email,basic,mobile
USR-002830,28,male,GYEONGGI,2025-02-07T12:07:00+09:00,affiliate,plus,mobile
USR-002831,38,male,BUSAN,2026-03-20T21:25:00+09:00,direct,basic,mobile
USR-002832,36,female,DAEGU,2025-06-19T15:31:00+09:00,social,basic,desktop
USR-002833,42,female,SEOUL,2026-05-06T21:24:00+09:00,referral,basic,mobile
USR-002834,36,male,OTHER,2026-03-29T13:14:00+09:00,social,basic,mobile
USR-002835,37,male,OTHER,2024-08-22T21:43:00+09:00,affiliate,basic,mobile
USR-002836,31,female,DAEGU,2026-05-20T11:26:00+09:00,organic,plus,mobile
USR-002837,39,female,DAEJEON,2024-11-28T03:09:00+09:00,paid_search,plus,mobile
USR-002838,36,female,BUSAN,2025-11-18T16:58:00+09:00,email,premium,desktop
USR-002839,45,unknown,SEOUL,2026-04-29T00:19:00+09:00,social,basic,desktop
USR-002840,27,female,DAEJEON,2025-11-23T20:56:00+09:00,paid_search,basic,desktop
USR-002841,25,female,GYEONGGI,2024-07-06T03:24:00+09:00,social,basic,mobile
USR-002842,24,male,DAEGU,2025-02-11T18:20:00+09:00,social,basic,desktop
USR-002843,40,male,INCHEON,2025-03-05T16:23:00+09:00,paid_search,plus,mobile
USR-002844,28,female,GYEONGGI,2024-09-11T12:29:00+09:00,paid_search,plus,mobile
USR-002845,43,female,GYEONGGI,2024-10-03T22:18:00+09:00,referral,plus,desktop
USR-002846,35,male,GWANGJU,2025-10-24T09:43:00+09:00,organic,plus,mobile
USR-002847,54,female,GYEONGGI,2024-08-27T19:20:00+09:00,organic,basic,mobile
USR-002848,35,male,BUSAN,2025-06-15T15:45:00+09:00,direct,basic,mobile
USR-002849,24,male,BUSAN,2025-03-10T03:48:00+09:00,organic,plus,mobile
USR-002850,18,unknown,INCHEON,2025-11-14T21:58:00+09:00,direct,basic,desktop
USR-002851,34,female,DAEGU,2025-09-30T01:35:00+09:00,direct,basic,mobile
USR-002852,27,female,GYEONGGI,2026-04-17T04:51:00+09:00,affiliate,plus,desktop
USR-002853,58,female,DAEGU,2024-11-06T14:01:00+09:00,organic,plus,mobile
USR-002854,65,female,SEOUL,2026-01-28T03:09:00+09:00,social,basic,mobile
USR-002855,43,female,INCHEON,2026-05-25T13:34:00+09:00,email,basic,tablet
USR-002856,41,female,BUSAN,2024-08-14T14:13:00+09:00,affiliate,premium,mobile
USR-002857,25,male,BUSAN,2024-09-03T09:15:00+09:00,email,plus,mobile
USR-002858,50,male,INCHEON,2025-06-22T21:52:00+09:00,paid_search,basic,mobile
USR-002859,23,male,SEOUL,2025-06-27T17:11:00+09:00,paid_search,basic,mobile
USR-002860,66,female,GYEONGGI,2026-06-20T03:15:00+09:00,organic,basic,desktop
USR-002861,48,male,SEOUL,2024-08-28T19:18:00+09:00,paid_search,basic,desktop
USR-002862,42,female,GYEONGGI,2024-08-08T04:57:00+09:00,referral,basic,mobile
USR-002863,32,male,GYEONGGI,2025-02-26T03:31:00+09:00,organic,basic,mobile
USR-002864,73,male,SEOUL,2025-11-28T03:37:00+09:00,paid_search,plus,desktop
USR-002865,51,female,GYEONGGI,2024-10-31T19:02:00+09:00,referral,plus,mobile
USR-002866,33,male,GYEONGGI,2024-09-09T15:43:00+09:00,organic,basic,mobile
USR-002867,60,female,SEOUL,2024-07-15T05:56:00+09:00,paid_search,vip,mobile
USR-002868,48,female,SEOUL,2025-04-22T02:54:00+09:00,direct,premium,desktop
USR-002869,20,male,SEOUL,2025-04-08T07:55:00+09:00,referral,plus,mobile
USR-002870,31,female,GYEONGGI,2026-02-27T10:43:00+09:00,direct,plus,mobile
USR-002871,41,female,SEOUL,2025-07-21T06:09:00+09:00,organic,premium,mobile
USR-002872,39,male,DAEGU,2026-04-23T15:20:00+09:00,organic,vip,mobile
USR-002873,40,male,GYEONGGI,2025-12-31T03:34:00+09:00,email,basic,mobile
USR-002874,21,male,SEOUL,2025-04-22T14:40:00+09:00,organic,plus,mobile
USR-002875,53,female,SEOUL,2026-04-02T06:29:00+09:00,social,basic,mobile
USR-002876,70,female,BUSAN,2024-08-01T12:11:00+09:00,referral,plus,desktop
USR-002877,57,female,BUSAN,2024-11-16T18:32:00+09:00,paid_search,plus,mobile
USR-002878,21,male,SEOUL,2026-03-22T13:00:00+09:00,paid_search,plus,mobile
USR-002879,23,female,SEOUL,2025-12-09T21:45:00+09:00,email,basic,mobile
USR-002880,36,female,GYEONGGI,2025-10-17T01:17:00+09:00,social,basic,mobile
USR-002881,49,male,GYEONGGI,2026-02-27T13:43:00+09:00,paid_search,basic,mobile
USR-002882,39,female,SEOUL,2024-11-13T01:08:00+09:00,affiliate,basic,mobile
USR-002883,42,male,BUSAN,2025-05-02T20:45:00+09:00,social,plus,mobile
USR-002884,44,female,GYEONGGI,2024-11-25T15:57:00+09:00,organic,plus,mobile
USR-002885,61,female,GYEONGGI,2025-10-16T16:05:00+09:00,referral,basic,desktop
USR-002886,73,female,INCHEON,2026-03-20T11:02:00+09:00,social,basic,mobile
USR-002887,21,male,INCHEON,2024-08-30T04:40:00+09:00,social,plus,mobile
USR-002888,29,male,INCHEON,2026-03-20T04:01:00+09:00,organic,basic,tablet
USR-002889,44,female,SEOUL,2026-04-30T00:11:00+09:00,social,basic,desktop
USR-002890,38,male,GYEONGGI,2024-12-28T13:35:00+09:00,organic,basic,mobile
USR-002891,25,unknown,INCHEON,2025-08-14T13:05:00+09:00,organic,basic,mobile
USR-002892,41,female,SEOUL,2025-01-27T11:36:00+09:00,organic,premium,desktop
USR-002893,36,female,SEOUL,2024-08-12T15:02:00+09:00,organic,plus,mobile
USR-002894,25,male,OTHER,2026-02-19T21:16:00+09:00,email,plus,mobile
USR-002895,39,female,SEOUL,2025-02-02T16:03:00+09:00,social,basic,mobile
USR-002896,67,female,DAEGU,2025-07-03T14:11:00+09:00,affiliate,plus,desktop
USR-002897,49,male,DAEGU,2024-07-06T14:42:00+09:00,referral,premium,desktop
USR-002898,25,female,SEOUL,2025-06-02T08:26:00+09:00,referral,basic,mobile
USR-002899,70,female,SEOUL,2024-10-09T09:26:00+09:00,organic,basic,desktop
USR-002900,44,female,OTHER,2024-07-23T17:25:00+09:00,organic,basic,desktop
USR-002901,35,female,GYEONGGI,2025-10-22T01:11:00+09:00,email,plus,mobile
USR-002902,62,male,BUSAN,2025-10-16T06:57:00+09:00,organic,premium,tablet
USR-002903,39,female,SEOUL,2024-09-30T14:17:00+09:00,referral,basic,mobile
USR-002904,64,female,GYEONGGI,2025-06-21T22:33:00+09:00,email,basic,mobile
USR-002905,45,female,GWANGJU,2026-05-03T18:17:00+09:00,direct,basic,desktop
USR-002906,38,female,SEOUL,2024-09-15T08:04:00+09:00,organic,plus,desktop
USR-002907,31,male,GYEONGGI,2025-06-21T20:13:00+09:00,organic,vip,desktop
USR-002908,58,male,SEOUL,2025-09-05T04:54:00+09:00,organic,plus,mobile
USR-002909,29,female,SEOUL,2025-06-24T11:46:00+09:00,email,plus,mobile
USR-002910,66,male,SEOUL,2024-07-09T14:47:00+09:00,email,premium,desktop
USR-002911,39,female,SEOUL,2024-09-14T13:48:00+09:00,social,basic,desktop
USR-002912,25,female,DAEGU,2026-01-14T15:31:00+09:00,social,plus,desktop
USR-002913,25,male,SEOUL,2025-07-11T05:38:00+09:00,social,basic,mobile
USR-002914,42,male,GYEONGGI,2026-03-23T21:04:00+09:00,direct,premium,desktop
USR-002915,42,female,SEOUL,2026-02-12T02:24:00+09:00,paid_search,basic,mobile
USR-002916,25,female,GYEONGGI,2025-06-08T06:45:00+09:00,organic,basic,mobile
USR-002917,27,male,SEOUL,2025-12-27T17:38:00+09:00,social,basic,mobile
USR-002918,38,male,BUSAN,2024-07-14T16:11:00+09:00,affiliate,plus,mobile
USR-002919,35,female,SEOUL,2026-01-17T14:04:00+09:00,social,plus,mobile
USR-002920,64,male,SEOUL,2024-10-16T02:25:00+09:00,referral,basic,mobile
USR-002921,53,male,GYEONGGI,2025-03-08T16:22:00+09:00,email,premium,mobile
USR-002922,42,female,DAEGU,2025-02-10T23:00:00+09:00,organic,basic,desktop
USR-002923,32,male,SEOUL,2026-02-18T23:30:00+09:00,email,plus,desktop
USR-002924,34,female,GYEONGGI,2026-01-15T03:20:00+09:00,affiliate,premium,desktop
USR-002925,40,male,GYEONGGI,2026-01-22T10:10:00+09:00,organic,plus,tablet
USR-002926,41,female,DAEJEON,2025-01-08T23:18:00+09:00,paid_search,basic,desktop
USR-002927,40,male,GYEONGGI,2026-03-11T01:20:00+09:00,organic,plus,mobile
USR-002928,38,male,INCHEON,2025-12-02T21:52:00+09:00,paid_search,premium,mobile
USR-002929,74,female,GYEONGGI,2025-09-30T19:01:00+09:00,social,basic,tablet
USR-002930,55,female,SEOUL,2025-12-31T12:25:00+09:00,social,plus,mobile
USR-002931,28,male,INCHEON,2025-11-29T07:16:00+09:00,organic,plus,mobile
USR-002932,60,male,BUSAN,2025-09-27T13:01:00+09:00,organic,basic,mobile
USR-002933,36,female,SEOUL,2025-04-01T11:56:00+09:00,organic,plus,desktop
USR-002934,53,male,GYEONGGI,2025-10-30T19:32:00+09:00,referral,plus,tablet
USR-002935,39,male,INCHEON,2024-12-23T01:19:00+09:00,paid_search,plus,desktop
USR-002936,44,female,SEOUL,2025-07-18T19:30:00+09:00,organic,basic,mobile
USR-002937,33,male,INCHEON,2024-07-11T17:54:00+09:00,paid_search,basic,mobile
USR-002938,30,male,SEOUL,2026-01-14T14:51:00+09:00,organic,basic,mobile
USR-002939,30,female,SEOUL,2025-12-12T01:16:00+09:00,social,basic,mobile
USR-002940,26,female,GWANGJU,2025-09-08T05:47:00+09:00,social,plus,mobile
USR-002941,23,female,SEOUL,2026-02-08T16:56:00+09:00,paid_search,basic,mobile
USR-002942,24,female,DAEJEON,2024-11-27T20:50:00+09:00,organic,plus,tablet
USR-002943,37,male,SEOUL,2026-06-23T20:49:00+09:00,organic,basic,mobile
USR-002944,62,female,SEOUL,2025-09-24T11:37:00+09:00,social,premium,mobile
USR-002945,38,female,DAEGU,2025-05-13T20:54:00+09:00,direct,basic,desktop
USR-002946,38,male,SEOUL,2025-03-27T13:18:00+09:00,organic,plus,mobile
USR-002947,55,female,BUSAN,2024-10-03T07:29:00+09:00,affiliate,plus,desktop
USR-002948,50,male,SEOUL,2025-06-18T12:03:00+09:00,organic,basic,desktop
USR-002949,36,female,GYEONGGI,2025-12-04T17:17:00+09:00,direct,basic,mobile
USR-002950,24,male,SEOUL,2025-06-12T13:08:00+09:00,social,basic,mobile
USR-002951,18,female,DAEJEON,2024-10-27T00:41:00+09:00,paid_search,basic,desktop
USR-002952,18,female,SEOUL,2025-03-30T07:41:00+09:00,paid_search,basic,mobile
USR-002953,56,male,GYEONGGI,2026-02-12T04:28:00+09:00,direct,basic,desktop
USR-002954,54,female,SEOUL,2025-07-19T16:24:00+09:00,social,basic,mobile
USR-002955,26,female,BUSAN,2026-02-26T01:49:00+09:00,email,basic,mobile
USR-002956,59,male,GYEONGGI,2026-03-12T06:23:00+09:00,direct,basic,tablet
USR-002957,58,male,SEOUL,2024-12-28T15:07:00+09:00,social,premium,mobile
USR-002958,44,male,GYEONGGI,2025-02-10T13:55:00+09:00,organic,basic,mobile
USR-002959,53,female,GYEONGGI,2025-04-22T17:48:00+09:00,direct,basic,mobile
USR-002960,28,male,DAEGU,2024-08-24T04:40:00+09:00,paid_search,basic,desktop
USR-002961,27,female,GYEONGGI,2026-06-26T17:29:00+09:00,paid_search,premium,desktop
USR-002962,50,female,INCHEON,2025-08-13T19:12:00+09:00,organic,plus,mobile
USR-002963,40,female,GYEONGGI,2024-11-10T04:10:00+09:00,paid_search,plus,mobile
USR-002964,68,male,GYEONGGI,2026-01-02T23:14:00+09:00,paid_search,basic,mobile
USR-002965,42,female,BUSAN,2026-02-19T11:28:00+09:00,referral,basic,desktop
USR-002966,44,male,SEOUL,2024-08-16T09:40:00+09:00,paid_search,basic,desktop
USR-002967,20,female,SEOUL,2026-05-02T20:26:00+09:00,paid_search,premium,desktop
USR-002968,28,female,SEOUL,2026-05-08T19:29:00+09:00,referral,plus,mobile
USR-002969,24,female,SEOUL,2026-03-17T02:26:00+09:00,organic,plus,mobile
USR-002970,38,female,DAEGU,2026-04-25T17:00:00+09:00,paid_search,basic,desktop
USR-002971,25,male,GYEONGGI,2026-01-10T21:57:00+09:00,direct,basic,mobile
USR-002972,40,female,SEOUL,2025-09-05T03:20:00+09:00,organic,basic,desktop
USR-002973,22,female,GYEONGGI,2024-10-12T14:17:00+09:00,paid_search,premium,mobile
USR-002974,21,male,GYEONGGI,2024-10-28T13:19:00+09:00,affiliate,basic,desktop
USR-002975,36,male,BUSAN,2024-07-18T08:01:00+09:00,email,basic,tablet
USR-002976,40,female,BUSAN,2024-07-27T10:48:00+09:00,social,plus,desktop
USR-002977,60,male,SEOUL,2025-12-29T08:57:00+09:00,social,basic,desktop
USR-002978,40,female,GYEONGGI,2026-03-30T01:37:00+09:00,organic,basic,tablet
USR-002979,29,male,INCHEON,2025-05-03T06:56:00+09:00,social,premium,mobile
USR-002980,32,female,GYEONGGI,2025-03-17T14:14:00+09:00,referral,basic,desktop
USR-002981,26,female,GYEONGGI,2024-08-28T13:56:00+09:00,referral,plus,mobile
USR-002982,35,male,SEOUL,2025-10-18T21:35:00+09:00,affiliate,plus,desktop
USR-002983,19,female,GYEONGGI,2025-02-09T10:44:00+09:00,paid_search,premium,mobile
USR-002984,46,female,GYEONGGI,2026-02-01T01:54:00+09:00,organic,basic,mobile
USR-002985,43,female,DAEGU,2025-12-22T13:25:00+09:00,direct,basic,desktop
USR-002986,45,female,GYEONGGI,2025-06-06T07:26:00+09:00,organic,basic,mobile
USR-002987,28,female,SEOUL,2025-04-25T19:02:00+09:00,organic,basic,mobile
USR-002988,30,female,SEOUL,2026-01-01T20:19:00+09:00,affiliate,basic,mobile
USR-002989,42,male,GYEONGGI,2025-08-22T14:56:00+09:00,referral,vip,mobile
USR-002990,44,male,GYEONGGI,2025-03-05T14:34:00+09:00,referral,basic,mobile
USR-002991,69,female,GYEONGGI,2025-08-04T00:08:00+09:00,direct,plus,mobile
USR-002992,22,male,SEOUL,2024-12-18T21:58:00+09:00,referral,vip,mobile
USR-002993,35,female,SEOUL,2025-12-13T16:48:00+09:00,paid_search,basic,desktop
USR-002994,22,female,GYEONGGI,2026-02-15T17:09:00+09:00,direct,premium,mobile
USR-002995,40,male,INCHEON,2024-10-02T15:54:00+09:00,organic,plus,mobile
USR-002996,23,male,BUSAN,2024-07-15T13:36:00+09:00,direct,basic,mobile
USR-002997,73,female,DAEJEON,2025-04-17T03:39:00+09:00,organic,basic,desktop
USR-002998,50,female,GWANGJU,2026-02-28T02:35:00+09:00,organic,basic,desktop
USR-002999,24,female,SEOUL,2025-09-17T22:44:00+09:00,direct,plus,mobile
USR-003000,32,male,GYEONGGI,2026-04-29T11:23:00+09:00,paid_search,basic,mobile
