row_id,user_id,order_id,user_email,price_usd,country,created_at,phone_number,rating,meta_json,review_text,quality_issue
1,USR-00001,ORD-00001,customer1@example.com,49.51,KOR,2026-07-02T10:01:00.000Z,010-1001-2007,2,"{""user"":{""contact"":{""email"":""customer1@example.com""}},""source"":""mock-csv"",""campaign"":""organic""}",clean packaging / sample row 1,ok
2,USR-00002,ORD-00002,customer2@asklake.io,86.52,JPN,2026-07-03T11:02:00.000Z,010-1002-2014,3,"{""user"":{""contact"":{""email"":""customer2@asklake.io""}},""source"":""mock-csv"",""campaign"":""summer""}",needs follow up / sample row 2,ok
3,USR-00003,ORD-00003,customer3@shop.test,123.53,USA,2026-07-04T12:03:00.000Z,010-1003-2021,4,"{""user"":{""contact"":{""email"":""customer3@shop.test""}},""source"":""mock-csv"",""campaign"":""organic""}",great value / sample row 3,ok
4,USR-00004,ORD-00004,customer4@acme.com,160.54,KOR,2026-07-01T13:04:00.000Z,010-1004-2028,5,"{""user"":{""contact"":{""email"":""customer4@acme.com""}},""source"":""mock-csv"",""campaign"":""summer""}",refund requested / sample row 4,ok
5,USR-00005,ORD-00005,customer5@example.com,197.55,JPN,2026-07-02T14:05:00.000Z,010-1005-2035,1,"{""user"":{""contact"":{""email"":""customer5@example.com""}},""source"":""mock-csv"",""campaign"":""organic""}",repeat buyer / sample row 5,ok
6,USR-00006,ORD-00006,customer6@asklake.io,234.56,USA,2026-07-03T15:06:00.000Z,010-1006-2042,2,"{""user"":{""contact"":{""email"":""customer6@asklake.io""}},""source"":""mock-csv"",""campaign"":""summer""}",premium item / sample row 6,ok
7,USR-00007,ORD-00007,customer7@shop.test,271.57,KOR,2026-07-04T16:07:00.000Z,010-1007-2049,3,"{""user"":{""contact"":{""email"":""customer7@shop.test""}},""source"":""mock-csv"",""campaign"":""organic""}",support contacted / sample row 7,ok
8,USR-00008,ORD-00008,customer8@acme.com,308.58,JPN,2026-07-01T17:08:00.000Z,010-1008-2056,4,"{""user"":{""contact"":{""email"":""customer8@acme.com""}},""source"":""mock-csv"",""campaign"":""summer""}",fast delivery / sample row 8,ok
9,USR-00009,ORD-00009,customer9@example.com,345.59,USA,2026-07-02T18:09:00.000Z,010-1009-2063,5,"{""user"":{""contact"":{""email"":""customer9@example.com""}},""source"":""mock-csv"",""campaign"":""organic""}",clean packaging / sample row 9,ok
10,USR-00010,ORD-00010,customer10@asklake.io,382.60,KOR,2026-07-03T19:10:00.000Z,010-1010-2070,1,"{""user"":{""contact"":{""email"":""customer10@asklake.io""}},""source"":""mock-csv"",""campaign"":""summer""}",needs follow up / sample row 10,ok
11,USR-00011,ORD-00011,customer11@shop.test,419.61,JPN,2026-07-04T20:11:00.000Z,010-1011-2077,2,"{""user"":{""contact"":{""email"":""customer11@shop.test""}},""source"":""mock-csv"",""campaign"":""organic""}",great value / sample row 11,ok
12,USR-00012,ORD-00012,customer12@acme.com,456.62,USA,2026-07-01T09:12:00.000Z,010-1012-2084,3,"{""user"":{""contact"":{""email"":""customer12@acme.com""}},""source"":""mock-csv"",""campaign"":""summer""}",refund requested / sample row 12,ok
13,USR-00013,ORD-00013,customer13@example.com,493.63,KOR,2026-07-02T10:13:00.000Z,010-1013-2091,4,"{""user"":{""contact"":{""email"":""customer13@example.com""}},""source"":""mock-csv"",""campaign"":""organic""}",repeat buyer / sample row 13,ok
14,USR-00014,ORD-00014,customer14@asklake.io,530.64,JPN,2026-07-03T11:14:00.000Z,010-1014-2098,5,"{""user"":{""contact"":{""email"":""customer14@asklake.io""}},""source"":""mock-csv"",""campaign"":""summer""}",premium item / sample row 14,ok
15,USR-00015,ORD-00015,customer15@shop.test,567.65,USA,2026-07-04T12:15:00.000Z,010-1015-2105,1,"{""user"":{""contact"":{""email"":""customer15@shop.test""}},""source"":""mock-csv"",""campaign"":""organic""}",support contacted / sample row 15,ok
16,USR-00016,ORD-00016,customer16@acme.com,604.66,KOR,2026-07-01T13:16:00.000Z,010-1016-2112,2,"{""user"":{""contact"":{""email"":""customer16@acme.com""}},""source"":""mock-csv"",""campaign"":""summer""}",fast delivery / sample row 16,ok
17,USR-00017,ORD-00017,customer17@example.com,641.67,JPN,2026-07-02T14:17:00.000Z,010-1017-2119,3,"{""user"":{""contact"":{""email"":""customer17@example.com""}},""source"":""mock-csv"",""campaign"":""organic""}",clean packaging / sample row 17,ok
18,USR-00018,ORD-00018,customer18@asklake.io,678.68,USA,2026-07-03T15:18:00.000Z,010-1018-2126,4,"{""user"":{""contact"":{""email"":""customer18@asklake.io""}},""source"":""mock-csv"",""campaign"":""summer""}",needs follow up / sample row 18,ok
19,USR-00019,ORD-00019,customer19@shop.test,715.69,KOR,2026-07-04T16:19:00.000Z,010-1019-2133,5,"{""user"":{""contact"":{""email"":""customer19@shop.test""}},""source"":""mock-csv"",""campaign"":""organic""}",great value / sample row 19,ok
20,USR-00020,ORD-00020,customer20@acme.com,752.70,JPN,2026-07-01T17:20:00.000Z,010-1020-2140,1,"{""user"":{""contact"":{""email"":""customer20@acme.com""}},""source"":""mock-csv"",""campaign"":""summer""}",refund requested / sample row 20,ok
21,USR-00021,ORD-00021,customer21@example.com,789.71,USA,2026-07-02T18:21:00.000Z,010-1021-2147,2,"{""user"":{""contact"":{""email"":""customer21@example.com""}},""source"":""mock-csv"",""campaign"":""organic""}",repeat buyer / sample row 21,ok
22,USR-00022,ORD-00022,customer22@asklake.io,826.72,KOR,2026-07-03T19:22:00.000Z,010-1022-2154,3,"{""user"":{""contact"":{""email"":""customer22@asklake.io""}},""source"":""mock-csv"",""campaign"":""summer""}",premium item / sample row 22,ok
23,USR-00023,ORD-00023,customer23@shop.test,863.73,JPN,2026-07-04T20:23:00.000Z,010-1023-2161,4,"{""user"":{""contact"":{""email"":""customer23@shop.test""}},""source"":""mock-csv"",""campaign"":""organic""}",support contacted / sample row 23,ok
24,USR-00024,ORD-00024,customer24@acme.com,900.74,USA,2026-07-01T09:24:00.000Z,010-1024-2168,5,"{""user"":{""contact"":{""email"":""customer24@acme.com""}},""source"":""mock-csv"",""campaign"":""summer""}",fast delivery / sample row 24,ok
25,USR-00025,ORD-00025,customer25@example.com,37.75,KOR,2026-07-02T10:25:00.000Z,010-1025-2175,1,"{""user"":{""contact"":{""email"":""customer25@example.com""}},""source"":""mock-csv"",""campaign"":""organic""}",clean packaging / sample row 25,ok
26,USR-00026,ORD-00026,customer26@asklake.io,74.76,JPN,2026-07-03T11:26:00.000Z,010-1026-2182,2,"{""user"":{""contact"":{""email"":""customer26@asklake.io""}},""source"":""mock-csv"",""campaign"":""summer""}",needs follow up / sample row 26,ok
27,USR-00027,ORD-00027,customer27@shop.test,111.77,USA,2026-07-04T12:27:00.000Z,010-1027-2189,3,"{""user"":{""contact"":{""email"":""customer27@shop.test""}},""source"":""mock-csv"",""campaign"":""organic""}",great value / sample row 27,ok
28,USR-00028,ORD-00028,customer28@acme.com,148.78,KOR,2026-07-01T13:28:00.000Z,010-1028-2196,4,"{""user"":{""contact"":{""email"":""customer28@acme.com""}},""source"":""mock-csv"",""campaign"":""summer""}",refund requested / sample row 28,ok
29,USR-00029,ORD-00029,customer29@example.com,185.79,JPN,2026-07-02T14:29:00.000Z,010-1029-2203,5,"{""user"":{""contact"":{""email"":""customer29@example.com""}},""source"":""mock-csv"",""campaign"":""organic""}",repeat buyer / sample row 29,ok
30,USR-00030,ORD-00030,customer30@asklake.io,222.80,USA,2026-07-03T15:30:00.000Z,010-1030-2210,1,"{""user"":{""contact"":{""email"":""customer30@asklake.io""}},""source"":""mock-csv"",""campaign"":""summer""}",premium item / sample row 30,ok
31,USR-00031,ORD-00031,customer31@shop.test,259.81,KOR,2026-07-04T16:31:00.000Z,010-1031-2217,2,"{""user"":{""contact"":{""email"":""customer31@shop.test""}},""source"":""mock-csv"",""campaign"":""organic""}",support contacted / sample row 31,ok
32,USR-00032,ORD-00032,customer32@acme.com,296.82,JPN,2026-07-01T17:32:00.000Z,010-1032-2224,3,"{""user"":{""contact"":{""email"":""customer32@acme.com""}},""source"":""mock-csv"",""campaign"":""summer""}",fast delivery / sample row 32,ok
33,USR-00033,ORD-00033,customer33@example.com,333.83,USA,2026-07-02T18:33:00.000Z,010-1033-2231,4,"{""user"":{""contact"":{""email"":""customer33@example.com""}},""source"":""mock-csv"",""campaign"":""organic""}",clean packaging / sample row 33,ok
34,USR-00034,ORD-00034,customer34@asklake.io,370.84,KOR,2026-07-03T19:34:00.000Z,010-1034-2238,5,"{""user"":{""contact"":{""email"":""customer34@asklake.io""}},""source"":""mock-csv"",""campaign"":""summer""}",needs follow up / sample row 34,ok
35,USR-00035,ORD-00035,customer35@shop.test,407.85,JPN,2026-07-04T20:35:00.000Z,010-1035-2245,1,"{""user"":{""contact"":{""email"":""customer35@shop.test""}},""source"":""mock-csv"",""campaign"":""organic""}",great value / sample row 35,ok
36,USR-00036,ORD-00036,customer36@acme.com,444.86,USA,2026-07-01T09:36:00.000Z,010-1036-2252,2,"{""user"":{""contact"":{""email"":""customer36@acme.com""}},""source"":""mock-csv"",""campaign"":""summer""}",refund requested / sample row 36,ok
37,USR-00037,ORD-00037,customer37@example.com,481.87,KOR,2026-07-02T10:37:00.000Z,010-1037-2259,3,"{""user"":{""contact"":{""email"":""customer37@example.com""}},""source"":""mock-csv"",""campaign"":""organic""}",repeat buyer / sample row 37,ok
38,USR-00038,ORD-00038,customer38@asklake.io,518.88,JPN,2026-07-03T11:38:00.000Z,010-1038-2266,4,"{""user"":{""contact"":{""email"":""customer38@asklake.io""}},""source"":""mock-csv"",""campaign"":""summer""}",premium item / sample row 38,ok
39,USR-00039,ORD-00039,customer39@shop.test,555.89,USA,2026-07-04T12:39:00.000Z,010-1039-2273,5,"{""user"":{""contact"":{""email"":""customer39@shop.test""}},""source"":""mock-csv"",""campaign"":""organic""}",support contacted / sample row 39,ok
40,USR-00040,ORD-00040,customer40@acme.com,592.90,KOR,2026-07-01T13:40:00.000Z,010-1040-2280,1,"{""user"":{""contact"":{""email"":""customer40@acme.com""}},""source"":""mock-csv"",""campaign"":""summer""}",fast delivery / sample row 40,ok
41,USR-00041,ORD-00041,customer41@example.com,629.91,JPN,2026-07-02T14:41:00.000Z,010-1041-2287,2,"{""user"":{""contact"":{""email"":""customer41@example.com""}},""source"":""mock-csv"",""campaign"":""organic""}",clean packaging / sample row 41,ok
42,USR-00042,ORD-00042,customer42@asklake.io,666.92,USA,2026-07-03T15:42:00.000Z,010-1042-2294,3,"{""user"":{""contact"":{""email"":""customer42@asklake.io""}},""source"":""mock-csv"",""campaign"":""summer""}",needs follow up / sample row 42,ok
43,USR-00043,ORD-00043,customer43@shop.test,703.93,KOR,2026-07-04T16:43:00.000Z,010-1043-2301,4,"{""user"":{""contact"":{""email"":""customer43@shop.test""}},""source"":""mock-csv"",""campaign"":""organic""}",great value / sample row 43,ok
44,USR-00044,ORD-00044,customer44@acme.com,740.94,JPN,2026-07-01T17:44:00.000Z,010-1044-2308,5,"{""user"":{""contact"":{""email"":""customer44@acme.com""}},""source"":""mock-csv"",""campaign"":""summer""}",refund requested / sample row 44,ok
45,USR-00045,ORD-00045,customer45@example.com,777.95,USA,2026-07-02T18:45:00.000Z,010-1045-2315,1,"{""user"":{""contact"":{""email"":""customer45@example.com""}},""source"":""mock-csv"",""campaign"":""organic""}",repeat buyer / sample row 45,ok
46,USR-00046,ORD-00046,customer46@asklake.io,814.96,KOR,2026-07-03T19:46:00.000Z,010-1046-2322,2,"{""user"":{""contact"":{""email"":""customer46@asklake.io""}},""source"":""mock-csv"",""campaign"":""summer""}",premium item / sample row 46,ok
47,USR-00047,ORD-00047,customer47@shop.test,851.97,JPN,2026-07-04T20:47:00.000Z,010-1047-2329,3,"{""user"":{""contact"":{""email"":""customer47@shop.test""}},""source"":""mock-csv"",""campaign"":""organic""}",support contacted / sample row 47,ok
48,USR-00048,ORD-00048,customer48@acme.com,888.98,USA,2026-07-01T09:48:00.000Z,010-1048-2336,4,"{""user"":{""contact"":{""email"":""customer48@acme.com""}},""source"":""mock-csv"",""campaign"":""summer""}",fast delivery / sample row 48,ok
49,USR-00049,ORD-00049,customer49@example.com,25.99,KOR,2026-07-02T10:49:00.000Z,010-1049-2343,5,"{""user"":{""contact"":{""email"":""customer49@example.com""}},""source"":""mock-csv"",""campaign"":""organic""}",clean packaging / sample row 49,ok
50,USR-00050,ORD-00050,customer50@asklake.io,63.00,JPN,2026-07-03T11:50:00.000Z,010-1050-2350,1,"{""user"":{""contact"":{""email"":""customer50@asklake.io""}},""source"":""mock-csv"",""campaign"":""summer""}",needs follow up / sample row 50,ok
51,USR-00051,ORD-00051,customer51@shop.test,100.01,USA,2026-07-04T12:51:00.000Z,010-1051-2357,2,"{""user"":{""contact"":{""email"":""customer51@shop.test""}},""source"":""mock-csv"",""campaign"":""organic""}",great value / sample row 51,ok
52,USR-00052,ORD-00052,customer52@acme.com,137.02,KOR,2026-07-01T13:52:00.000Z,010-1052-2364,3,"{""user"":{""contact"":{""email"":""customer52@acme.com""}},""source"":""mock-csv"",""campaign"":""summer""}",refund requested / sample row 52,ok
53,USR-00053,ORD-00053,customer53@example.com,174.03,JPN,2026-07-02T14:53:00.000Z,010-1053-2371,4,"{""user"":{""contact"":{""email"":""customer53@example.com""}},""source"":""mock-csv"",""campaign"":""organic""}",repeat buyer / sample row 53,ok
54,USR-00054,ORD-00054,customer54@asklake.io,211.04,USA,2026-07-03T15:54:00.000Z,010-1054-2378,5,"{""user"":{""contact"":{""email"":""customer54@asklake.io""}},""source"":""mock-csv"",""campaign"":""summer""}",premium item / sample row 54,ok
55,USR-00055,ORD-00055,customer55@shop.test,248.05,KOR,2026-07-04T16:55:00.000Z,010-1055-2385,1,"{""user"":{""contact"":{""email"":""customer55@shop.test""}},""source"":""mock-csv"",""campaign"":""organic""}",support contacted / sample row 55,ok
56,USR-00056,ORD-00056,customer56@acme.com,285.06,JPN,2026-07-01T17:56:00.000Z,010-1056-2392,2,"{""user"":{""contact"":{""email"":""customer56@acme.com""}},""source"":""mock-csv"",""campaign"":""summer""}",fast delivery / sample row 56,ok
57,USR-00057,ORD-00057,customer57@example.com,322.07,USA,2026-07-02T18:57:00.000Z,010-1057-2399,3,"{""user"":{""contact"":{""email"":""customer57@example.com""}},""source"":""mock-csv"",""campaign"":""organic""}",clean packaging / sample row 57,ok
58,USR-00058,ORD-00058,customer58@asklake.io,359.08,KOR,2026-07-03T19:58:00.000Z,010-1058-2406,4,"{""user"":{""contact"":{""email"":""customer58@asklake.io""}},""source"":""mock-csv"",""campaign"":""summer""}",needs follow up / sample row 58,ok
59,USR-00059,ORD-00059,customer59@shop.test,396.09,JPN,2026-07-04T20:59:00.000Z,010-1059-2413,5,"{""user"":{""contact"":{""email"":""customer59@shop.test""}},""source"":""mock-csv"",""campaign"":""organic""}",great value / sample row 59,ok
60,USR-00060,ORD-00060,customer60@acme.com,433.10,USA,2026-07-01T09:00:00.000Z,010-1060-2420,1,"{""user"":{""contact"":{""email"":""customer60@acme.com""}},""source"":""mock-csv"",""campaign"":""summer""}",refund requested / sample row 60,ok
61,USR-00061,ORD-00061,customer61@example.com,470.11,KOR,2026-07-02T10:01:00.000Z,010-1061-2427,2,"{""user"":{""contact"":{""email"":""customer61@example.com""}},""source"":""mock-csv"",""campaign"":""organic""}",repeat buyer / sample row 61,ok
62,USR-00062,ORD-00062,customer62@asklake.io,507.12,JPN,2026-07-03T11:02:00.000Z,010-1062-2434,3,"{""user"":{""contact"":{""email"":""customer62@asklake.io""}},""source"":""mock-csv"",""campaign"":""summer""}",premium item / sample row 62,ok
63,USR-00063,ORD-00063,customer63@shop.test,544.13,USA,2026-07-04T12:03:00.000Z,010-1063-2441,4,"{""user"":{""contact"":{""email"":""customer63@shop.test""}},""source"":""mock-csv"",""campaign"":""organic""}",support contacted / sample row 63,ok
64,USR-00064,ORD-00064,customer64@acme.com,581.14,KOR,2026-07-01T13:04:00.000Z,010-1064-2448,5,"{""user"":{""contact"":{""email"":""customer64@acme.com""}},""source"":""mock-csv"",""campaign"":""summer""}",fast delivery / sample row 64,ok
65,USR-00065,ORD-00065,customer65@example.com,618.15,JPN,2026-07-02T14:05:00.000Z,010-1065-2455,1,"{""user"":{""contact"":{""email"":""customer65@example.com""}},""source"":""mock-csv"",""campaign"":""organic""}",clean packaging / sample row 65,ok
66,USR-00066,ORD-00066,customer66@asklake.io,655.16,USA,2026-07-03T15:06:00.000Z,010-1066-2462,2,"{""user"":{""contact"":{""email"":""customer66@asklake.io""}},""source"":""mock-csv"",""campaign"":""summer""}",needs follow up / sample row 66,ok
67,USR-00067,ORD-00067,customer67@shop.test,692.17,KOR,2026-07-04T16:07:00.000Z,010-1067-2469,3,"{""user"":{""contact"":{""email"":""customer67@shop.test""}},""source"":""mock-csv"",""campaign"":""organic""}",great value / sample row 67,ok
68,USR-00068,ORD-00068,customer68@acme.com,729.18,JPN,2026-07-01T17:08:00.000Z,010-1068-2476,4,"{""user"":{""contact"":{""email"":""customer68@acme.com""}},""source"":""mock-csv"",""campaign"":""summer""}",refund requested / sample row 68,ok
69,USR-00069,ORD-00069,customer69@example.com,766.19,USA,2026-07-02T18:09:00.000Z,010-1069-2483,5,"{""user"":{""contact"":{""email"":""customer69@example.com""}},""source"":""mock-csv"",""campaign"":""organic""}",repeat buyer / sample row 69,ok
70,USR-00070,ORD-00070,customer70@asklake.io,803.20,KOR,2026-07-03T19:10:00.000Z,010-1070-2490,1,"{""user"":{""contact"":{""email"":""customer70@asklake.io""}},""source"":""mock-csv"",""campaign"":""summer""}",premium item / sample row 70,ok
71,USR-00071,ORD-00071,customer71@shop.test,840.21,JPN,2026-07-04T20:11:00.000Z,010-1071-2497,2,"{""user"":{""contact"":{""email"":""customer71@shop.test""}},""source"":""mock-csv"",""campaign"":""organic""}",support contacted / sample row 71,ok
72,USR-00072,ORD-00072,customer72@acme.com,877.22,USA,2026-07-01T09:12:00.000Z,010-1072-2504,3,"{""user"":{""contact"":{""email"":""customer72@acme.com""}},""source"":""mock-csv"",""campaign"":""summer""}",fast delivery / sample row 72,ok
73,USR-00073,ORD-00073,customer73@example.com,14.23,KOR,2026-07-02T10:13:00.000Z,010-1073-2511,4,"{""user"":{""contact"":{""email"":""customer73@example.com""}},""source"":""mock-csv"",""campaign"":""organic""}",clean packaging / sample row 73,ok
74,USR-00074,ORD-00074,customer74@asklake.io,51.24,JPN,2026-07-03T11:14:00.000Z,010-1074-2518,5,"{""user"":{""contact"":{""email"":""customer74@asklake.io""}},""source"":""mock-csv"",""campaign"":""summer""}",needs follow up / sample row 74,ok
75,USR-00075,ORD-00075,customer75@shop.test,88.25,USA,2026-07-04T12:15:00.000Z,010-1075-2525,1,"{""user"":{""contact"":{""email"":""customer75@shop.test""}},""source"":""mock-csv"",""campaign"":""organic""}",great value / sample row 75,ok
76,USR-00076,ORD-00076,customer76@acme.com,125.26,KOR,2026-07-01T13:16:00.000Z,010-1076-2532,2,"{""user"":{""contact"":{""email"":""customer76@acme.com""}},""source"":""mock-csv"",""campaign"":""summer""}",refund requested / sample row 76,ok
77,USR-00077,ORD-00077,customer77@example.com,162.27,JPN,2026-07-02T14:17:00.000Z,010-1077-2539,3,"{""user"":{""contact"":{""email"":""customer77@example.com""}},""source"":""mock-csv"",""campaign"":""organic""}",repeat buyer / sample row 77,ok
78,USR-00078,ORD-00078,customer78@asklake.io,199.28,USA,2026-07-03T15:18:00.000Z,010-1078-2546,4,"{""user"":{""contact"":{""email"":""customer78@asklake.io""}},""source"":""mock-csv"",""campaign"":""summer""}",premium item / sample row 78,ok
79,USR-00079,ORD-00079,customer79@shop.test,236.29,KOR,2026-07-04T16:19:00.000Z,010-1079-2553,5,"{""user"":{""contact"":{""email"":""customer79@shop.test""}},""source"":""mock-csv"",""campaign"":""organic""}",support contacted / sample row 79,ok
80,USR-00080,ORD-00080,customer80@acme.com,273.30,JPN,2026-07-01T17:20:00.000Z,010-1080-2560,1,"{""user"":{""contact"":{""email"":""customer80@acme.com""}},""source"":""mock-csv"",""campaign"":""summer""}",fast delivery / sample row 80,ok
81,USR-00081,ORD-00081,customer81@example.com,310.31,USA,2026-07-02T18:21:00.000Z,010-1081-2567,2,"{""user"":{""contact"":{""email"":""customer81@example.com""}},""source"":""mock-csv"",""campaign"":""organic""}",clean packaging / sample row 81,ok
82,USR-00082,ORD-00082,customer82@asklake.io,347.32,KOR,2026-07-03T19:22:00.000Z,010-1082-2574,3,"{""user"":{""contact"":{""email"":""customer82@asklake.io""}},""source"":""mock-csv"",""campaign"":""summer""}",needs follow up / sample row 82,ok
83,USR-00083,ORD-00083,customer83@shop.test,384.33,JPN,2026-07-04T20:23:00.000Z,010-1083-2581,4,"{""user"":{""contact"":{""email"":""customer83@shop.test""}},""source"":""mock-csv"",""campaign"":""organic""}",great value / sample row 83,ok
84,USR-00084,ORD-00084,customer84@acme.com,421.34,USA,2026-07-01T09:24:00.000Z,010-1084-2588,5,"{""user"":{""contact"":{""email"":""customer84@acme.com""}},""source"":""mock-csv"",""campaign"":""summer""}",refund requested / sample row 84,ok
85,USR-00085,ORD-00085,customer85@example.com,458.35,KOR,2026-07-02T10:25:00.000Z,010-1085-2595,1,"{""user"":{""contact"":{""email"":""customer85@example.com""}},""source"":""mock-csv"",""campaign"":""organic""}",repeat buyer / sample row 85,ok
86,USR-00086,ORD-00086,customer86@asklake.io,495.36,JPN,2026-07-03T11:26:00.000Z,010-1086-2602,2,"{""user"":{""contact"":{""email"":""customer86@asklake.io""}},""source"":""mock-csv"",""campaign"":""summer""}",premium item / sample row 86,ok
87,USR-00087,ORD-00087,customer87@shop.test,532.37,USA,2026-07-04T12:27:00.000Z,010-1087-2609,3,"{""user"":{""contact"":{""email"":""customer87@shop.test""}},""source"":""mock-csv"",""campaign"":""organic""}",support contacted / sample row 87,ok
88,USR-00088,ORD-00088,customer88@acme.com,569.38,KOR,2026-07-01T13:28:00.000Z,010-1088-2616,4,"{""user"":{""contact"":{""email"":""customer88@acme.com""}},""source"":""mock-csv"",""campaign"":""summer""}",fast delivery / sample row 88,ok
89,USR-00089,ORD-00089,customer89@example.com,606.39,BRA,2026-07-02T14:29:00.000Z,010-1089-2623,5,"{""user"":{""contact"":{""email"":""customer89@example.com""}},""source"":""mock-csv"",""campaign"":""organic""}",clean packaging / sample row 89,country_not_allowed
90,USR-00090,ORD-00090,customer90@asklake.io,643.40,USA,2026-07-03T15:30:00.000Z,010-1090-2630,1,"{""user"":{""contact"":{""email"":""customer90@asklake.io""}},""source"":""mock-csv"",""campaign"":""summer""}",needs follow up / sample row 90,ok
91,USR-00091,ORD-00091,customer91@shop.test,680.41,KOR,2026-07-04T16:31:00.000Z,010-1091-2637,2,"{""user"":{""contact"":{""email"":""customer91@shop.test""}},""source"":""mock-csv"",""campaign"":""organic""}",great value / sample row 91,ok
92,USR-00092,ORD-00092,customer92@acme.com,717.42,JPN,2026-07-01T17:32:00.000Z,010-1092-2644,3,"{""user"":{""contact"":{""email"":""customer92@acme.com""}},""source"":""mock-csv"",""campaign"":""summer""}",refund requested / sample row 92,ok
93,USR-00093,ORD-00093,customer93@example.com,754.43,USA,2026-07-02T18:33:00.000Z,010-1093-2651,4,"{""user"":{""contact"":{""email"":""customer93@example.com""}},""source"":""mock-csv"",""campaign"":""organic""}",repeat buyer / sample row 93,ok
94,USR-00094,ORD-00094,customer94@asklake.io,791.44,KOR,2026-07-03T19:34:00.000Z,010-1094-2658,5,"{""user"":{""contact"":{""email"":""customer94@asklake.io""}},""source"":""mock-csv"",""campaign"":""summer""}",premium item / sample row 94,ok
95,USR-00095,ORD-00095,customer95@shop.test,828.45,JPN,2026-07-04T20:35:00.000Z,010-1095-2665,1,"{""user"":{""contact"":{""email"":""customer95@shop.test""}},""source"":""mock-csv"",""campaign"":""organic""}",support contacted / sample row 95,ok
96,USR-00096,ORD-00096,customer96@acme.com,865.46,USA,2026-07-01T09:36:00.000Z,010-1096-2672,2,"{""user"":{""contact"":{""email"":""customer96@acme.com""}},""source"":""mock-csv"",""campaign"":""summer""}",fast delivery / sample row 96,ok
97,USR-00097,ORD-00097,customer97@example.com,-12.00,KOR,2026-07-02T10:37:00.000Z,010-1097-2679,3,"{""user"":{""contact"":{""email"":""customer97@example.com""}},""source"":""mock-csv"",""campaign"":""organic""}",clean packaging / sample row 97,non_positive_price
98,USR-00098,ORD-00098,customer98@asklake.io,39.48,JPN,2026-07-03T11:38:00.000Z,010-1098-2686,4,"{""user"":{""contact"":{""email"":""customer98@asklake.io""}},""source"":""mock-csv"",""campaign"":""summer""}",needs follow up / sample row 98,ok
99,USR-00099,ORD-00099,customer99@shop.test,76.49,USA,2026-07-04T12:39:00.000Z,010-1099-2693,5,"{""user"":{""contact"":{""email"":""customer99@shop.test""}},""source"":""mock-csv"",""campaign"":""organic""}",great value / sample row 99,ok
100,USR-00100,ORD-00100,customer100@acme.com,112.50,KOR,2026-07-01T13:40:00.000Z,010-1100-2700,1,"{""user"":{""contact"":{""email"":""customer100@acme.com""}},""source"":""mock-csv"",""campaign"":""summer""}",refund requested / sample row 100,ok
101,USR-00101,ORD-00101,customer101@example.com,149.51,JPN,2026-07-02T14:41:00.000Z,010-1101-2707,2,"{""user"":{""contact"":{""email"":""customer101@example.com""}},""source"":""mock-csv"",""campaign"":""organic""}",repeat buyer / sample row 101,ok
102,USR-00102,ORD-00102,customer102@asklake.io,186.52,USA,2026-07-03T15:42:00.000Z,010-1102-2714,3,"{""user"":{""contact"":{""email"":""customer102@asklake.io""}},""source"":""mock-csv"",""campaign"":""summer""}",premium item / sample row 102,ok
103,USR-00103,ORD-00103,customer103@shop.test,223.53,KOR,2026-07-04T16:43:00.000Z,010-1103-2721,4,"{""user"":{""contact"":{""email"":""customer103@shop.test""}},""source"":""mock-csv"",""campaign"":""organic""}",support contacted / sample row 103,ok
104,USR-00104,ORD-00104,customer104@acme.com,260.54,JPN,2026-07-01T17:44:00.000Z,010-1104-2728,5,"{""user"":{""contact"":{""email"":""customer104@acme.com""}},""source"":""mock-csv"",""campaign"":""summer""}",fast delivery / sample row 104,ok
105,USR-00105,ORD-00105,customer105@example.com,297.55,USA,2026-07-02T18:45:00.000Z,010-1105-2735,1,"{""user"":{""contact"":{""email"":""customer105@example.com""}},""source"":""mock-csv"",""campaign"":""organic""}",clean packaging / sample row 105,ok
106,USR-00106,ORD-00106,customer106@asklake.io,334.56,KOR,2026-07-03T19:46:00.000Z,010-1106-2742,2,"{""user"":{""contact"":{""email"":""customer106@asklake.io""}},""source"":""mock-csv"",""campaign"":""summer""}",needs follow up / sample row 106,ok
107,USR-00107,ORD-00107,customer107@shop.test,371.57,JPN,2026-07-04T20:47:00.000Z,010-1107-2749,3,"{""user"":{""contact"":{""email"":""customer107@shop.test""}},""source"":""mock-csv"",""campaign"":""organic""}",great value / sample row 107,ok
108,USR-00108,ORD-00108,customer108@acme.com,408.58,USA,2026-07-01T09:48:00.000Z,010-1108-2756,4,"{""user"":{""contact"":{""email"":""customer108@acme.com""}},""source"":""mock-csv"",""campaign"":""summer""}",refund requested / sample row 108,ok
109,USR-00109,ORD-00109,customer109@example.com,445.59,KOR,2026-07-02T10:49:00.000Z,010-1109-2763,5,"{""user"":{""contact"":{""email"":""customer109@example.com""}},""source"":""mock-csv"",""campaign"":""organic""}",repeat buyer / sample row 109,ok
110,USR-00110,ORD-00110,customer110@asklake.io,482.60,JPN,2026-07-03T11:50:00.000Z,010-1110-2770,1,"{""user"":{""contact"":{""email"":""customer110@asklake.io""}},""source"":""mock-csv"",""campaign"":""summer""}",premium item / sample row 110,ok
111,USR-00111,ORD-00111,customer111@shop.test,519.61,USA,2026-07-04T12:51:00.000Z,010-1111-2777,2,"{""user"":{""contact"":{""email"":""customer111@shop.test""}},""source"":""mock-csv"",""campaign"":""organic""}",support contacted / sample row 111,ok
112,USR-00112,ORD-00112,customer112@acme.com,556.62,KOR,2026-07-01T13:52:00.000Z,010-1112-2784,3,"{""user"":{""contact"":{""email"":""customer112@acme.com""}},""source"":""mock-csv"",""campaign"":""summer""}",fast delivery / sample row 112,ok
113,,ORD-00113,customer113@example.com,593.63,JPN,2026-07-02T14:53:00.000Z,010-1113-2791,4,"{""user"":{""contact"":{""email"":""customer113@example.com""}},""source"":""mock-csv"",""campaign"":""organic""}",clean packaging / sample row 113,missing user_id
114,USR-00114,ORD-00114,customer114@asklake.io,630.64,USA,2026-07-03T15:54:00.000Z,010-1114-2798,5,"{""user"":{""contact"":{""email"":""customer114@asklake.io""}},""source"":""mock-csv"",""campaign"":""summer""}",needs follow up / sample row 114,ok
115,USR-00115,ORD-00115,customer115@shop.test,667.65,KOR,2026-07-04T16:55:00.000Z,010-1115-2805,1,"{""user"":{""contact"":{""email"":""customer115@shop.test""}},""source"":""mock-csv"",""campaign"":""organic""}",great value / sample row 115,ok
116,USR-00116,ORD-00116,customer116@acme.com,704.66,JPN,2026-07-01T17:56:00.000Z,010-1116-2812,2,"{""user"":{""contact"":{""email"":""customer116@acme.com""}},""source"":""mock-csv"",""campaign"":""summer""}",refund requested / sample row 116,ok
117,USR-00117,ORD-00117,customer117@example.com,741.67,USA,2026-07-02T18:57:00.000Z,010-1117-2819,3,"{""user"":{""contact"":{""email"":""customer117@example.com""}},""source"":""mock-csv"",""campaign"":""organic""}",repeat buyer / sample row 117,ok
118,USR-00118,ORD-00118,customer118@asklake.io,778.68,KOR,2026-07-03T19:58:00.000Z,010-1118-2826,4,"{""user"":{""contact"":{""email"":""customer118@asklake.io""}},""source"":""mock-csv"",""campaign"":""summer""}",premium item / sample row 118,ok
119,USR-00119,ORD-00119,customer119@shop.test,815.69,JPN,2026-07-04T20:59:00.000Z,010-1119-2833,5,"{""user"":{""contact"":{""email"":""customer119@shop.test""}},""source"":""mock-csv"",""campaign"":""organic""}",support contacted / sample row 119,ok
120,USR-00120,ORD-00120,customer120@acme.com,852.70,USA,2026-07-01T09:00:00.000Z,010-1120-2840,1,"{""user"":{""contact"":{""email"":""customer120@acme.com""}},""source"":""mock-csv"",""campaign"":""summer""}",fast delivery / sample row 120,ok
121,USR-00121,ORD-00121,customer121@example.com,889.71,KOR,2026-07-02T10:01:00.000Z,010-1121-2847,2,"{""user"":{""contact"":{""email"":""customer121@example.com""}},""source"":""mock-csv"",""campaign"":""organic""}",clean packaging / sample row 121,ok
122,USR-00122,ORD-00122,customer122@asklake.io,26.72,JPN,2026-07-03T11:02:00.000Z,010-1122-2854,3,"{""user"":{""contact"":{""email"":""customer122@asklake.io""}},""source"":""mock-csv"",""campaign"":""summer""}",needs follow up / sample row 122,ok
123,USR-00123,ORD-00123,customer123@shop.test,63.73,USA,2026-07-04T12:03:00.000Z,010-1123-2861,4,"{""user"":{""contact"":{""email"":""customer123@shop.test""}},""source"":""mock-csv"",""campaign"":""organic""}",great value / sample row 123,ok
124,USR-00124,ORD-00124,customer124@acme.com,100.74,KOR,2026-07-01T13:04:00.000Z,010-1124-2868,5,"{""user"":{""contact"":{""email"":""customer124@acme.com""}},""source"":""mock-csv"",""campaign"":""summer""}",refund requested / sample row 124,ok
125,USR-00125,ORD-00125,customer125@example.com,137.75,JPN,2026-07-02T14:05:00.000Z,010-1125-2875,1,"{""user"":{""contact"":{""email"":""customer125@example.com""}},""source"":""mock-csv"",""campaign"":""organic""}",repeat buyer / sample row 125,ok
126,USR-00126,ORD-00126,customer126@asklake.io,174.76,USA,2026-07-03T15:06:00.000Z,010-1126-2882,2,"{""user"":{""contact"":{""email"":""customer126@asklake.io""}},""source"":""mock-csv"",""campaign"":""summer""}",premium item / sample row 126,ok
127,USR-00127,ORD-00127,customer127@shop.test,211.77,KOR,2026-07-04T16:07:00.000Z,010-1127-2889,3,"{""user"":{""contact"":{""email"":""customer127@shop.test""}},""source"":""mock-csv"",""campaign"":""organic""}",support contacted / sample row 127,ok
128,USR-00128,ORD-00128,customer128@acme.com,248.78,JPN,2026-07-01T17:08:00.000Z,010-1128-2896,4,"{""user"":{""contact"":{""email"":""customer128@acme.com""}},""source"":""mock-csv"",""campaign"":""summer""}",fast delivery / sample row 128,ok
129,USR-00129,ORD-00129,customer129@example.com,285.79,USA,2026-07-02T18:09:00.000Z,010-1129-2903,5,"{""user"":{""contact"":{""email"":""customer129@example.com""}},""source"":""mock-csv"",""campaign"":""organic""}",clean packaging / sample row 129,ok
130,USR-00130,ORD-00130,customer130@asklake.io,322.80,KOR,2026-07-03T19:10:00.000Z,010-1130-2910,1,"{""user"":{""contact"":{""email"":""customer130@asklake.io""}},""source"":""mock-csv"",""campaign"":""summer""}",needs follow up / sample row 130,ok
131,USR-00131,ORD-00131,customer131_invalid_email,359.81,JPN,2026-07-04T20:11:00.000Z,010-1131-2917,2,"{""user"":{""contact"":{""email"":""customer131_invalid_email""}},""source"":""mock-csv"",""campaign"":""organic""}",great value / sample row 131,invalid_email
132,USR-00132,ORD-00132,customer132@acme.com,396.82,USA,2026-07-01T09:12:00.000Z,010-1132-2924,3,"{""user"":{""contact"":{""email"":""customer132@acme.com""}},""source"":""mock-csv"",""campaign"":""summer""}",refund requested / sample row 132,ok
133,USR-00133,ORD-00133,customer133@example.com,433.83,KOR,2026-07-02T10:13:00.000Z,010-1133-2931,4,"{""user"":{""contact"":{""email"":""customer133@example.com""}},""source"":""mock-csv"",""campaign"":""organic""}",repeat buyer / sample row 133,ok
134,USR-00134,ORD-00134,customer134@asklake.io,470.84,JPN,2026-07-03T11:14:00.000Z,010-1134-2938,5,"{""user"":{""contact"":{""email"":""customer134@asklake.io""}},""source"":""mock-csv"",""campaign"":""summer""}",premium item / sample row 134,ok
135,USR-00135,ORD-00135,customer135@shop.test,507.85,USA,2026-07-04T12:15:00.000Z,010-1135-2945,1,"{""user"":{""contact"":{""email"":""customer135@shop.test""}},""source"":""mock-csv"",""campaign"":""organic""}",support contacted / sample row 135,ok
136,USR-00136,ORD-00136,customer136@acme.com,544.86,KOR,2026-07-01T13:16:00.000Z,010-1136-2952,2,"{""user"":{""contact"":{""email"":""customer136@acme.com""}},""source"":""mock-csv"",""campaign"":""summer""}",fast delivery / sample row 136,ok
137,USR-00137,ORD-00137,customer137@example.com,581.87,JPN,2026-07-02T14:17:00.000Z,010-1137-2959,3,"{""user"":{""contact"":{""email"":""customer137@example.com""}},""source"":""mock-csv"",""campaign"":""organic""}",clean packaging / sample row 137,ok
138,USR-00138,ORD-00138,customer138@asklake.io,618.88,USA,2026-07-03T15:18:00.000Z,010-1138-2966,4,"{""user"":{""contact"":{""email"":""customer138@asklake.io""}},""source"":""mock-csv"",""campaign"":""summer""}",needs follow up / sample row 138,ok
139,USR-00139,ORD-00139,customer139@shop.test,655.89,KOR,2026-07-04T16:19:00.000Z,010-1139-2973,5,"{""user"":{""contact"":{""email"":""customer139@shop.test""}},""source"":""mock-csv"",""campaign"":""organic""}",great value / sample row 139,ok
140,USR-00140,ORD-00140,customer140@acme.com,692.90,JPN,2026-07-01T17:20:00.000Z,010-1140-2980,1,"{""user"":{""contact"":{""email"":""customer140@acme.com""}},""source"":""mock-csv"",""campaign"":""summer""}",refund requested / sample row 140,ok
141,USR-00141,ORD-00141,customer141@example.com,729.91,USA,2026-07-02T18:21:00.000Z,010-1141-2987,2,"{""user"":{""contact"":{""email"":""customer141@example.com""}},""source"":""mock-csv"",""campaign"":""organic""}",repeat buyer / sample row 141,ok
142,USR-00142,ORD-00142,customer142@asklake.io,766.92,KOR,2026-07-03T19:22:00.000Z,010-1142-2994,3,"{""user"":{""contact"":{""email"":""customer142@asklake.io""}},""source"":""mock-csv"",""campaign"":""summer""}",premium item / sample row 142,ok
143,USR-00143,ORD-00143,customer143@shop.test,803.93,JPN,2026-07-04T20:23:00.000Z,010-1143-3001,4,"{""user"":{""contact"":{""email"":""customer143@shop.test""}},""source"":""mock-csv"",""campaign"":""organic""}",support contacted / sample row 143,ok
144,USR-00144,ORD-00144,customer144@acme.com,840.94,USA,2026-07-01T09:24:00.000Z,010-1144-3008,5,"{""user"":{""contact"":{""email"":""customer144@acme.com""}},""source"":""mock-csv"",""campaign"":""summer""}",fast delivery / sample row 144,ok
145,USR-00145,ORD-00145,customer145@example.com,877.95,KOR,2026-07-02T10:25:00.000Z,010-1145-3015,1,"{""user"":{""contact"":{""email"":""customer145@example.com""}},""source"":""mock-csv"",""campaign"":""organic""}",clean packaging / sample row 145,ok
146,USR-00146,ORD-00146,customer146@asklake.io,14.96,JPN,2026-07-03T11:26:00.000Z,010-1146-3022,2,"{""user"":{""contact"":{""email"":""customer146@asklake.io""}},""source"":""mock-csv"",""campaign"":""summer""}",needs follow up / sample row 146,ok
147,USR-00147,ORD-00147,customer147@shop.test,51.97,USA,2026-07-04T12:27:00.000Z,010-1147-3029,3,"{""user"":{""contact"":{""email"":""customer147@shop.test""}},""source"":""mock-csv"",""campaign"":""organic""}",great value / sample row 147,ok
148,USR-00148,ORD-00148,customer148@acme.com,88.98,KOR,2026-07-01T13:28:00.000Z,010-1148-3036,4,"{""user"":{""contact"":{""email"":""customer148@acme.com""}},""source"":""mock-csv"",""campaign"":""summer""}",refund requested / sample row 148,ok
149,USR-00149,ORD-00149,customer149@example.com,125.99,JPN,2026-07-02T14:29:00.000Z,010-1149-3043,5,"{""user"":{""contact"":{""email"":""customer149@example.com""}},""source"":""mock-csv"",""campaign"":""organic""}",repeat buyer / sample row 149,ok
150,USR-00150,ORD-00150,customer150@asklake.io,163.00,USA,2026-07-03T15:30:00.000Z,010-1150-3050,1,"{""user"":{""contact"":{""email"":""customer150@asklake.io""}},""source"":""mock-csv"",""campaign"":""summer""}",premium item / sample row 150,ok
151,USR-00151,ORD-00151,customer151@shop.test,200.01,KOR,2026-07-04T16:31:00.000Z,010-1151-3057,2,"{""user"":{""contact"":{""email"":""customer151@shop.test""}},""source"":""mock-csv"",""campaign"":""organic""}",support contacted / sample row 151,ok
152,USR-00152,ORD-00152,customer152@acme.com,237.02,JPN,2026-07-01T17:32:00.000Z,010-1152-3064,3,"{""user"":{""contact"":{""email"":""customer152@acme.com""}},""source"":""mock-csv"",""campaign"":""summer""}",fast delivery / sample row 152,ok
153,USR-00153,ORD-00153,customer153@example.com,274.03,USA,2026-07-02T18:33:00.000Z,010-1153-3071,4,"{""user"":{""contact"":{""email"":""customer153@example.com""}},""source"":""mock-csv"",""campaign"":""organic""}",clean packaging / sample row 153,ok
154,USR-00154,ORD-00154,customer154@asklake.io,311.04,KOR,2026-07-03T19:34:00.000Z,010-1154-3078,5,"{""user"":{""contact"":{""email"":""customer154@asklake.io""}},""source"":""mock-csv"",""campaign"":""summer""}",needs follow up / sample row 154,ok
155,USR-00155,ORD-00155,customer155@shop.test,348.05,JPN,2026-07-04T20:35:00.000Z,010-1155-3085,1,"{""user"":{""contact"":{""email"":""customer155@shop.test""}},""source"":""mock-csv"",""campaign"":""organic""}",great value / sample row 155,ok
156,USR-00156,ORD-00156,customer156@acme.com,385.06,USA,2026-07-01T09:36:00.000Z,010-1156-3092,2,"{""user"":{""contact"":{""email"":""customer156@acme.com""}},""source"":""mock-csv"",""campaign"":""summer""}",refund requested / sample row 156,ok
157,USR-00157,ORD-00157,customer157@example.com,422.07,KOR,2026-07-02T10:37:00.000Z,010-1157-3099,3,"{""user"":{""contact"":{""email"":""customer157@example.com""}},""source"":""mock-csv"",""campaign"":""organic""}",repeat buyer / sample row 157,ok
158,USR-00158,ORD-00158,customer158@asklake.io,459.08,JPN,2026-07-03T11:38:00.000Z,010-1158-3106,4,"{""user"":{""contact"":{""email"":""customer158@asklake.io""}},""source"":""mock-csv"",""campaign"":""summer""}",premium item / sample row 158,ok
159,USR-00159,ORD-00159,customer159@shop.test,496.09,USA,2026-07-04T12:39:00.000Z,010-1159-3113,5,"{""user"":{""contact"":{""email"":""customer159@shop.test""}},""source"":""mock-csv"",""campaign"":""organic""}",support contacted / sample row 159,ok
160,USR-00160,ORD-00160,customer160@acme.com,533.10,KOR,2026-07-01T13:40:00.000Z,010-1160-3120,1,"{""user"":{""contact"":{""email"":""customer160@acme.com""}},""source"":""mock-csv"",""campaign"":""summer""}",fast delivery / sample row 160,ok
161,USR-00161,ORD-00161,customer161@example.com,570.11,JPN,2026-07-02T14:41:00.000Z,010-1161-3127,2,"{""user"":{""contact"":{""email"":""customer161@example.com""}},""source"":""mock-csv"",""campaign"":""organic""}",clean packaging / sample row 161,ok
162,USR-00162,ORD-00162,customer162@asklake.io,607.12,USA,2026-07-03T15:42:00.000Z,010-1162-3134,3,"{""user"":{""contact"":{""email"":""customer162@asklake.io""}},""source"":""mock-csv"",""campaign"":""summer""}",needs follow up / sample row 162,ok
163,USR-00163,ORD-00163,customer163@shop.test,644.13,KOR,2026-07-04T16:43:00.000Z,010-1163-3141,4,"{""user"":{""contact"":{""email"":""customer163@shop.test""}},""source"":""mock-csv"",""campaign"":""organic""}",great value / sample row 163,ok
164,USR-00164,ORD-00164,customer164@acme.com,681.14,JPN,2026-07-01T17:44:00.000Z,010-1164-3148,5,"{""user"":{""contact"":{""email"":""customer164@acme.com""}},""source"":""mock-csv"",""campaign"":""summer""}",refund requested / sample row 164,ok
165,USR-00165,ORD-00165,customer165@example.com,718.15,USA,2026-07-02T18:45:00.000Z,010-1165-3155,1,"{""user"":{""contact"":{""email"":""customer165@example.com""}},""source"":""mock-csv"",""campaign"":""organic""}",repeat buyer / sample row 165,ok
166,USR-00166,ORD-00166,customer166@asklake.io,755.16,KOR,2026-07-03T19:46:00.000Z,010-1166-3162,2,"{""user"":{""contact"":{""email"":""customer166@asklake.io""}},""source"":""mock-csv"",""campaign"":""summer""}",premium item / sample row 166,ok
167,USR-00167,ORD-00167,customer167@shop.test,792.17,JPN,2026-07-04T20:47:00.000Z,010-1167-3169,3,"{""user"":{""contact"":{""email"":""customer167@shop.test""}},""source"":""mock-csv"",""campaign"":""organic""}",support contacted / sample row 167,ok
168,USR-00168,ORD-00168,customer168@acme.com,829.18,USA,2026-07-01T09:48:00.000Z,010-1168-3176,4,"{""user"":{""contact"":{""email"":""customer168@acme.com""}},""source"":""mock-csv"",""campaign"":""summer""}",fast delivery / sample row 168,ok
169,USR-00169,ORD-00169,customer169@example.com,866.19,KOR,2026-07-02T10:49:00.000Z,010-1169-3183,5,"{""user"":{""contact"":{""email"":""customer169@example.com""}},""source"":""mock-csv"",""campaign"":""organic""}",clean packaging / sample row 169,ok
170,USR-00170,ORD-00170,customer170@asklake.io,903.20,JPN,2026-07-03T11:50:00.000Z,010-1170-3190,1,"{""user"":{""contact"":{""email"":""customer170@asklake.io""}},""source"":""mock-csv"",""campaign"":""summer""}",needs follow up / sample row 170,ok
171,USR-00171,ORD-00171,customer171@shop.test,40.21,USA,2026-07-04T12:51:00.000Z,010-1171-3197,2,"{""user"":{""contact"":{""email"":""customer171@shop.test""}},""source"":""mock-csv"",""campaign"":""organic""}",great value / sample row 171,ok
172,USR-00172,ORD-00172,customer172@acme.com,77.22,KOR,2026-07-01T13:52:00.000Z,010-1172-3204,3,"{""user"":{""contact"":{""email"":""customer172@acme.com""}},""source"":""mock-csv"",""campaign"":""summer""}",refund requested / sample row 172,ok
173,USR-00173,ORD-00173,customer173@example.com,114.23,JPN,2026-07-02T14:53:00.000Z,010-1173-3211,4,"{""user"":{""contact"":{""email"":""customer173@example.com""}},""source"":""mock-csv"",""campaign"":""organic""}",repeat buyer / sample row 173,ok
174,USR-00174,ORD-00174,customer174@asklake.io,151.24,USA,2026-07-03T15:54:00.000Z,010-1174-3218,5,"{""user"":{""contact"":{""email"":""customer174@asklake.io""}},""source"":""mock-csv"",""campaign"":""summer""}",premium item / sample row 174,ok
175,USR-00175,ORD-00175,customer175@shop.test,188.25,KOR,2026-07-04T16:55:00.000Z,010-1175-3225,1,"{""user"":{""contact"":{""email"":""customer175@shop.test""}},""source"":""mock-csv"",""campaign"":""organic""}",support contacted / sample row 175,ok
176,USR-00176,ORD-00176,customer176@acme.com,225.26,JPN,2026-07-01T17:56:00.000Z,010-1176-3232,2,"{""user"":{""contact"":{""email"":""customer176@acme.com""}},""source"":""mock-csv"",""campaign"":""summer""}",fast delivery / sample row 176,ok
177,USR-00177,ORD-00177,customer177@example.com,262.27,USA,2026-07-02T18:57:00.000Z,010-1177-3239,3,"{""user"":{""contact"":{""email"":""customer177@example.com""}},""source"":""mock-csv"",""campaign"":""organic""}",clean packaging / sample row 177,ok
178,USR-00178,ORD-00178,customer178@asklake.io,299.28,BRA,2026-07-03T19:58:00.000Z,010-1178-3246,4,"{""user"":{""contact"":{""email"":""customer178@asklake.io""}},""source"":""mock-csv"",""campaign"":""summer""}",needs follow up / sample row 178,country_not_allowed
179,USR-00179,ORD-00179,customer179@shop.test,336.29,JPN,2026-07-04T20:59:00.000Z,010-1179-3253,5,"{""user"":{""contact"":{""email"":""customer179@shop.test""}},""source"":""mock-csv"",""campaign"":""organic""}",great value / sample row 179,ok
180,USR-00180,ORD-00180,customer180@acme.com,373.30,USA,2026-07-01T09:00:00.000Z,010-1180-3260,1,"{""user"":{""contact"":{""email"":""customer180@acme.com""}},""source"":""mock-csv"",""campaign"":""summer""}",refund requested / sample row 180,ok
181,USR-00181,ORD-00181,customer181@example.com,410.31,KOR,2026-07-02T10:01:00.000Z,010-1181-3267,2,"{""user"":{""contact"":{""email"":""customer181@example.com""}},""source"":""mock-csv"",""campaign"":""organic""}",repeat buyer / sample row 181,ok
182,USR-00182,ORD-00182,customer182@asklake.io,447.32,JPN,2026-07-03T11:02:00.000Z,010-1182-3274,3,"{""user"":{""contact"":{""email"":""customer182@asklake.io""}},""source"":""mock-csv"",""campaign"":""summer""}",premium item / sample row 182,ok
183,USR-00183,ORD-00183,customer183@shop.test,484.33,USA,2026-07-04T12:03:00.000Z,010-1183-3281,4,"{""user"":{""contact"":{""email"":""customer183@shop.test""}},""source"":""mock-csv"",""campaign"":""organic""}",support contacted / sample row 183,ok
184,USR-00184,ORD-00184,customer184@acme.com,521.34,KOR,2026-07-01T13:04:00.000Z,010-1184-3288,5,"{""user"":{""contact"":{""email"":""customer184@acme.com""}},""source"":""mock-csv"",""campaign"":""summer""}",fast delivery / sample row 184,ok
185,USR-00185,ORD-00185,customer185@example.com,558.35,JPN,2026-07-02T14:05:00.000Z,010-1185-3295,1,"{""user"":{""contact"":{""email"":""customer185@example.com""}},""source"":""mock-csv"",""campaign"":""organic""}",clean packaging / sample row 185,ok
186,USR-00186,ORD-00186,customer186@asklake.io,595.36,USA,2026-07-03T15:06:00.000Z,010-1186-3302,2,"{""user"":{""contact"":{""email"":""customer186@asklake.io""}},""source"":""mock-csv"",""campaign"":""summer""}",needs follow up / sample row 186,ok
187,USR-00187,ORD-00187,customer187@shop.test,632.37,KOR,2026-07-04T16:07:00.000Z,010-1187-3309,3,"{""user"":{""contact"":{""email"":""customer187@shop.test""}},""source"":""mock-csv"",""campaign"":""organic""}",great value / sample row 187,ok
188,USR-00188,ORD-00188,customer188@acme.com,669.38,JPN,2026-07-01T17:08:00.000Z,010-1188-3316,4,"{""user"":{""contact"":{""email"":""customer188@acme.com""}},""source"":""mock-csv"",""campaign"":""summer""}",refund requested / sample row 188,ok
189,USR-00189,ORD-00189,customer189@example.com,706.39,USA,2026-07-02T18:09:00.000Z,010-1189-3323,5,"{""user"":{""contact"":{""email"":""customer189@example.com""}},""source"":""mock-csv"",""campaign"":""organic""}",repeat buyer / sample row 189,ok
190,USR-00190,ORD-00190,customer190@asklake.io,743.40,KOR,2026-07-03T19:10:00.000Z,010-1190-3330,1,"{""user"":{""contact"":{""email"":""customer190@asklake.io""}},""source"":""mock-csv"",""campaign"":""summer""}",premium item / sample row 190,ok
191,USR-00191,ORD-00191,customer191@shop.test,780.41,JPN,2026-07-04T20:11:00.000Z,010-1191-3337,2,"{""user"":{""contact"":{""email"":""customer191@shop.test""}},""source"":""mock-csv"",""campaign"":""organic""}",support contacted / sample row 191,ok
192,USR-00192,ORD-00192,customer192@acme.com,817.42,USA,2026-07-01T09:12:00.000Z,010-1192-3344,3,"{""user"":{""contact"":{""email"":""customer192@acme.com""}},""source"":""mock-csv"",""campaign"":""summer""}",fast delivery / sample row 192,ok
193,USR-00193,ORD-00193,customer193@example.com,854.43,KOR,2026-07-02T10:13:00.000Z,010-1193-3351,4,"{""user"":{""contact"":{""email"":""customer193@example.com""}},""source"":""mock-csv"",""campaign"":""organic""}",clean packaging / sample row 193,ok
194,USR-00194,ORD-00194,customer194@asklake.io,-19.00,JPN,2026-07-03T11:14:00.000Z,010-1194-3358,5,"{""user"":{""contact"":{""email"":""customer194@asklake.io""}},""source"":""mock-csv"",""campaign"":""summer""}",needs follow up / sample row 194,non_positive_price
195,USR-00195,ORD-00195,customer195@shop.test,28.45,USA,2026-07-04T12:15:00.000Z,010-1195-3365,1,"{""user"":{""contact"":{""email"":""customer195@shop.test""}},""source"":""mock-csv"",""campaign"":""organic""}",great value / sample row 195,ok
196,USR-00196,ORD-00196,customer196@acme.com,65.46,KOR,2026-07-01T13:16:00.000Z,010-1196-3372,2,"{""user"":{""contact"":{""email"":""customer196@acme.com""}},""source"":""mock-csv"",""campaign"":""summer""}",refund requested / sample row 196,ok
197,USR-00197,ORD-00197,customer197@example.com,102.47,JPN,2026-07-02T14:17:00.000Z,010-1197-3379,3,"{""user"":{""contact"":{""email"":""customer197@example.com""}},""source"":""mock-csv"",""campaign"":""organic""}",repeat buyer / sample row 197,ok
198,USR-00198,ORD-00198,customer198@asklake.io,139.48,USA,2026-07-03T15:18:00.000Z,010-1198-3386,4,"{""user"":{""contact"":{""email"":""customer198@asklake.io""}},""source"":""mock-csv"",""campaign"":""summer""}",premium item / sample row 198,ok
199,USR-00199,ORD-00199,customer199@shop.test,176.49,KOR,2026-07-04T16:19:00.000Z,010-1199-3393,5,"{""user"":{""contact"":{""email"":""customer199@shop.test""}},""source"":""mock-csv"",""campaign"":""organic""}",support contacted / sample row 199,ok
200,USR-00200,ORD-00200,customer200@acme.com,212.50,JPN,2026-07-01T17:20:00.000Z,010-1200-3400,1,"{""user"":{""contact"":{""email"":""customer200@acme.com""}},""source"":""mock-csv"",""campaign"":""summer""}",fast delivery / sample row 200,ok
201,USR-00201,ORD-00201,customer201@example.com,249.51,USA,2026-07-02T18:21:00.000Z,010-1201-3407,2,"{""user"":{""contact"":{""email"":""customer201@example.com""}},""source"":""mock-csv"",""campaign"":""organic""}",clean packaging / sample row 201,ok
202,USR-00202,ORD-00202,customer202@asklake.io,286.52,KOR,2026-07-03T19:22:00.000Z,010-1202-3414,3,"{""user"":{""contact"":{""email"":""customer202@asklake.io""}},""source"":""mock-csv"",""campaign"":""summer""}",needs follow up / sample row 202,ok
203,USR-00203,ORD-00203,customer203@shop.test,323.53,JPN,2026-07-04T20:23:00.000Z,010-1203-3421,4,"{""user"":{""contact"":{""email"":""customer203@shop.test""}},""source"":""mock-csv"",""campaign"":""organic""}",great value / sample row 203,ok
204,USR-00204,ORD-00204,customer204@acme.com,360.54,USA,2026-07-01T09:24:00.000Z,010-1204-3428,5,"{""user"":{""contact"":{""email"":""customer204@acme.com""}},""source"":""mock-csv"",""campaign"":""summer""}",refund requested / sample row 204,ok
205,USR-00205,ORD-00205,customer205@example.com,397.55,KOR,2026-07-02T10:25:00.000Z,010-1205-3435,1,"{""user"":{""contact"":{""email"":""customer205@example.com""}},""source"":""mock-csv"",""campaign"":""organic""}",repeat buyer / sample row 205,ok
206,USR-00206,ORD-00206,customer206@asklake.io,434.56,JPN,2026-07-03T11:26:00.000Z,010-1206-3442,2,"{""user"":{""contact"":{""email"":""customer206@asklake.io""}},""source"":""mock-csv"",""campaign"":""summer""}",premium item / sample row 206,ok
207,USR-00207,ORD-00207,customer207@shop.test,471.57,USA,2026-07-04T12:27:00.000Z,010-1207-3449,3,"{""user"":{""contact"":{""email"":""customer207@shop.test""}},""source"":""mock-csv"",""campaign"":""organic""}",support contacted / sample row 207,ok
208,USR-00208,ORD-00208,customer208@acme.com,508.58,KOR,2026-07-01T13:28:00.000Z,010-1208-3456,4,"{""user"":{""contact"":{""email"":""customer208@acme.com""}},""source"":""mock-csv"",""campaign"":""summer""}",fast delivery / sample row 208,ok
209,USR-00209,ORD-00209,customer209@example.com,545.59,JPN,2026-07-02T14:29:00.000Z,010-1209-3463,5,"{""user"":{""contact"":{""email"":""customer209@example.com""}},""source"":""mock-csv"",""campaign"":""organic""}",clean packaging / sample row 209,ok
210,USR-00210,ORD-00210,customer210@asklake.io,582.60,USA,2026-07-03T15:30:00.000Z,010-1210-3470,1,"{""user"":{""contact"":{""email"":""customer210@asklake.io""}},""source"":""mock-csv"",""campaign"":""summer""}",needs follow up / sample row 210,ok
211,USR-00211,ORD-00210,customer211@shop.test,619.61,KOR,2026-07-04T16:31:00.000Z,010-1211-3477,2,"{""user"":{""contact"":{""email"":""customer211@shop.test""}},""source"":""mock-csv"",""campaign"":""organic""}",great value / sample row 211,duplicate_order_id
212,USR-00212,ORD-00212,customer212@acme.com,656.62,JPN,2026-07-01T17:32:00.000Z,010-1212-3484,3,"{""user"":{""contact"":{""email"":""customer212@acme.com""}},""source"":""mock-csv"",""campaign"":""summer""}",refund requested / sample row 212,ok
213,USR-00213,ORD-00213,customer213@example.com,693.63,USA,2026-07-02T18:33:00.000Z,010-1213-3491,4,"{""user"":{""contact"":{""email"":""customer213@example.com""}},""source"":""mock-csv"",""campaign"":""organic""}",repeat buyer / sample row 213,ok
214,USR-00214,ORD-00214,customer214@asklake.io,730.64,KOR,2026-07-03T19:34:00.000Z,010-1214-3498,5,"{""user"":{""contact"":{""email"":""customer214@asklake.io""}},""source"":""mock-csv"",""campaign"":""summer""}",premium item / sample row 214,ok
215,USR-00215,ORD-00215,customer215@shop.test,767.65,JPN,2026-07-04T20:35:00.000Z,010-1215-3505,1,"{""user"":{""contact"":{""email"":""customer215@shop.test""}},""source"":""mock-csv"",""campaign"":""organic""}",support contacted / sample row 215,ok
216,USR-00216,ORD-00216,customer216@acme.com,804.66,USA,2026-07-01T09:36:00.000Z,010-1216-3512,2,"{""user"":{""contact"":{""email"":""customer216@acme.com""}},""source"":""mock-csv"",""campaign"":""summer""}",fast delivery / sample row 216,ok
217,USR-00217,ORD-00217,customer217@example.com,841.67,KOR,2026-07-02T10:37:00.000Z,010-1217-3519,3,"{""user"":{""contact"":{""email"":""customer217@example.com""}},""source"":""mock-csv"",""campaign"":""organic""}",clean packaging / sample row 217,ok
218,USR-00218,ORD-00218,customer218@asklake.io,878.68,JPN,2026-07-03T11:38:00.000Z,010-1218-3526,4,"{""user"":{""contact"":{""email"":""customer218@asklake.io""}},""source"":""mock-csv"",""campaign"":""summer""}",needs follow up / sample row 218,ok
219,USR-00219,ORD-00219,customer219@shop.test,15.69,USA,2026-07-04T12:39:00.000Z,010-1219-3533,5,"{""user"":{""contact"":{""email"":""customer219@shop.test""}},""source"":""mock-csv"",""campaign"":""organic""}",great value / sample row 219,ok
220,USR-00220,ORD-00220,customer220@acme.com,52.70,KOR,2026-07-01T13:40:00.000Z,010-1220-3540,1,"{""user"":{""contact"":{""email"":""customer220@acme.com""}},""source"":""mock-csv"",""campaign"":""summer""}",refund requested / sample row 220,ok
221,USR-00221,ORD-00221,customer221@example.com,89.71,JPN,2026-07-02T14:41:00.000Z,010-1221-3547,2,"{""user"":{""contact"":{""email"":""customer221@example.com""}},""source"":""mock-csv"",""campaign"":""organic""}",repeat buyer / sample row 221,ok
222,USR-00222,ORD-00222,customer222@asklake.io,126.72,USA,2026-07-03T15:42:00.000Z,010-1222-3554,3,"{""user"":{""contact"":{""email"":""customer222@asklake.io""}},""source"":""mock-csv"",""campaign"":""summer""}",premium item / sample row 222,ok
223,USR-00223,ORD-00223,customer223@shop.test,163.73,KOR,2026-07-04T16:43:00.000Z,010-1223-3561,4,"{""user"":{""contact"":{""email"":""customer223@shop.test""}},""source"":""mock-csv"",""campaign"":""organic""}",support contacted / sample row 223,ok
224,USR-00224,ORD-00224,customer224@acme.com,200.74,JPN,2026-07-01T17:44:00.000Z,010-1224-3568,5,"{""user"":{""contact"":{""email"":""customer224@acme.com""}},""source"":""mock-csv"",""campaign"":""summer""}",fast delivery / sample row 224,ok
225,USR-00225,ORD-00225,customer225@example.com,237.75,USA,2026-07-02T18:45:00.000Z,010-1225-3575,1,"{""user"":{""contact"":{""email"":""customer225@example.com""}},""source"":""mock-csv"",""campaign"":""organic""}",clean packaging / sample row 225,ok
226,,ORD-00226,customer226@asklake.io,274.76,KOR,2026-07-03T19:46:00.000Z,010-1226-3582,2,"{""user"":{""contact"":{""email"":""customer226@asklake.io""}},""source"":""mock-csv"",""campaign"":""summer""}",needs follow up / sample row 226,missing user_id
227,USR-00227,ORD-00227,customer227@shop.test,311.77,JPN,2026-07-04T20:47:00.000Z,010-1227-3589,3,"{""user"":{""contact"":{""email"":""customer227@shop.test""}},""source"":""mock-csv"",""campaign"":""organic""}",great value / sample row 227,ok
228,USR-00228,ORD-00228,customer228@acme.com,348.78,USA,2026-07-01T09:48:00.000Z,010-1228-3596,4,"{""user"":{""contact"":{""email"":""customer228@acme.com""}},""source"":""mock-csv"",""campaign"":""summer""}",refund requested / sample row 228,ok
229,USR-00229,ORD-00229,customer229@example.com,385.79,KOR,2026-07-02T10:49:00.000Z,010-1229-3603,5,"{""user"":{""contact"":{""email"":""customer229@example.com""}},""source"":""mock-csv"",""campaign"":""organic""}",repeat buyer / sample row 229,ok
230,USR-00230,ORD-00230,customer230@asklake.io,422.80,JPN,2026-07-03T11:50:00.000Z,010-1230-3610,1,"{""user"":{""contact"":{""email"":""customer230@asklake.io""}},""source"":""mock-csv"",""campaign"":""summer""}",premium item / sample row 230,ok
231,USR-00231,ORD-00231,customer231@shop.test,459.81,USA,2026-07-04T12:51:00.000Z,010-1231-3617,2,"{""user"":{""contact"":{""email"":""customer231@shop.test""}},""source"":""mock-csv"",""campaign"":""organic""}",support contacted / sample row 231,ok
232,USR-00232,ORD-00232,customer232@acme.com,496.82,KOR,2026-07-01T13:52:00.000Z,010-1232-3624,3,"{""user"":{""contact"":{""email"":""customer232@acme.com""}},""source"":""mock-csv"",""campaign"":""summer""}",fast delivery / sample row 232,ok
233,USR-00233,ORD-00233,customer233@example.com,533.83,JPN,2026-07-02T14:53:00.000Z,010-1233-3631,4,"{""user"":{""contact"":{""email"":""customer233@example.com""}},""source"":""mock-csv"",""campaign"":""organic""}",clean packaging / sample row 233,ok
234,USR-00234,ORD-00234,customer234@asklake.io,570.84,USA,2026-07-03T15:54:00.000Z,010-1234-3638,5,"{""user"":{""contact"":{""email"":""customer234@asklake.io""}},""source"":""mock-csv"",""campaign"":""summer""}",needs follow up / sample row 234,ok
235,USR-00235,ORD-00235,customer235@shop.test,607.85,KOR,2026-07-04T16:55:00.000Z,010-1235-3645,1,"{""user"":{""contact"":{""email"":""customer235@shop.test""}},""source"":""mock-csv"",""campaign"":""organic""}",great value / sample row 235,ok
236,USR-00236,ORD-00236,customer236@acme.com,644.86,JPN,2026-07-01T17:56:00.000Z,010-1236-3652,2,"{""user"":{""contact"":{""email"":""customer236@acme.com""}},""source"":""mock-csv"",""campaign"":""summer""}",refund requested / sample row 236,ok
237,USR-00237,ORD-00237,customer237@example.com,681.87,USA,2026-07-02T18:57:00.000Z,010-1237-3659,3,"{""user"":{""contact"":{""email"":""customer237@example.com""}},""source"":""mock-csv"",""campaign"":""organic""}",repeat buyer / sample row 237,ok
238,USR-00238,ORD-00238,customer238@asklake.io,718.88,KOR,2026-07-03T19:58:00.000Z,010-1238-3666,4,"{""user"":{""contact"":{""email"":""customer238@asklake.io""}},""source"":""mock-csv"",""campaign"":""summer""}",premium item / sample row 238,ok
239,USR-00239,ORD-00239,customer239@shop.test,755.89,JPN,2026-07-04T20:59:00.000Z,010-1239-3673,5,"{""user"":{""contact"":{""email"":""customer239@shop.test""}},""source"":""mock-csv"",""campaign"":""organic""}",support contacted / sample row 239,ok
240,USR-00240,ORD-00240,customer240@acme.com,792.90,USA,2026-07-01T09:00:00.000Z,010-1240-3680,1,"{""user"":{""contact"":{""email"":""customer240@acme.com""}},""source"":""mock-csv"",""campaign"":""summer""}",fast delivery / sample row 240,ok
241,USR-00241,ORD-00241,customer241@example.com,829.91,KOR,2026-07-02T10:01:00.000Z,010-1241-3687,2,"{""user"":{""contact"":{""email"":""customer241@example.com""}},""source"":""mock-csv"",""campaign"":""organic""}",clean packaging / sample row 241,ok
242,USR-00242,ORD-00242,customer242@asklake.io,866.92,JPN,2026-07-03T11:02:00.000Z,010-1242-3694,3,"{""user"":{""contact"":{""email"":""customer242@asklake.io""}},""source"":""mock-csv"",""campaign"":""summer""}",needs follow up / sample row 242,ok
243,USR-00243,ORD-00243,customer243@shop.test,903.93,USA,2026-07-04T12:03:00.000Z,010-1243-3701,4,"{""user"":{""contact"":{""email"":""customer243@shop.test""}},""source"":""mock-csv"",""campaign"":""organic""}",great value / sample row 243,ok
244,USR-00244,ORD-00244,customer244@acme.com,40.94,KOR,2026-07-01T13:04:00.000Z,010-1244-3708,5,"{""user"":{""contact"":{""email"":""customer244@acme.com""}},""source"":""mock-csv"",""campaign"":""summer""}",refund requested / sample row 244,ok
245,USR-00245,ORD-00245,customer245@example.com,77.95,JPN,2026-07-02T14:05:00.000Z,010-1245-3715,1,"{""user"":{""contact"":{""email"":""customer245@example.com""}},""source"":""mock-csv"",""campaign"":""organic""}",repeat buyer / sample row 245,ok
246,USR-00246,ORD-00246,customer246@asklake.io,114.96,USA,2026-07-03T15:06:00.000Z,010-1246-3722,2,"{""user"":{""contact"":{""email"":""customer246@asklake.io""}},""source"":""mock-csv"",""campaign"":""summer""}",premium item / sample row 246,ok
247,USR-00247,ORD-00247,customer247@shop.test,151.97,KOR,2026-07-04T16:07:00.000Z,010-1247-3729,3,"{""user"":{""contact"":{""email"":""customer247@shop.test""}},""source"":""mock-csv"",""campaign"":""organic""}",support contacted / sample row 247,ok
248,USR-00248,ORD-00248,customer248@acme.com,188.98,JPN,2026-07-01T17:08:00.000Z,010-1248-3736,4,"{""user"":{""contact"":{""email"":""customer248@acme.com""}},""source"":""mock-csv"",""campaign"":""summer""}",fast delivery / sample row 248,ok
249,USR-00249,ORD-00249,customer249@example.com,225.99,USA,2026-07-02T18:09:00.000Z,010-1249-3743,5,"{""user"":{""contact"":{""email"":""customer249@example.com""}},""source"":""mock-csv"",""campaign"":""organic""}",clean packaging / sample row 249,ok
250,USR-00250,ORD-00250,customer250@asklake.io,263.00,KOR,2026-07-03T19:10:00.000Z,010-1250-3750,1,"{""user"":{""contact"":{""email"":""customer250@asklake.io""}},""source"":""mock-csv"",""campaign"":""summer""}",needs follow up / sample row 250,ok
251,USR-00251,ORD-00251,customer251@shop.test,300.01,JPN,2026-07-04T20:11:00.000Z,010-1251-3757,2,"{""user"":{""contact"":{""email"":""customer251@shop.test""}},""source"":""mock-csv"",""campaign"":""organic""}",great value / sample row 251,ok
252,USR-00252,ORD-00252,customer252@acme.com,337.02,USA,2026-07-01T09:12:00.000Z,010-1252-3764,3,"{""user"":{""contact"":{""email"":""customer252@acme.com""}},""source"":""mock-csv"",""campaign"":""summer""}",refund requested / sample row 252,ok
253,USR-00253,ORD-00253,customer253@example.com,374.03,KOR,2026-07-02T10:13:00.000Z,010-1253-3771,4,"{""user"":{""contact"":{""email"":""customer253@example.com""}},""source"":""mock-csv"",""campaign"":""organic""}",repeat buyer / sample row 253,ok
254,USR-00254,ORD-00254,customer254@asklake.io,411.04,JPN,2026-07-03T11:14:00.000Z,010-1254-3778,5,"{""user"":{""contact"":{""email"":""customer254@asklake.io""}},""source"":""mock-csv"",""campaign"":""summer""}",premium item / sample row 254,ok
255,USR-00255,ORD-00255,customer255@shop.test,448.05,USA,2026-07-04T12:15:00.000Z,010-1255-3785,1,"{""user"":{""contact"":{""email"":""customer255@shop.test""}},""source"":""mock-csv"",""campaign"":""organic""}",support contacted / sample row 255,ok
256,USR-00256,ORD-00256,customer256@acme.com,485.06,KOR,2026-07-01T13:16:00.000Z,010-1256-3792,2,"{""user"":{""contact"":{""email"":""customer256@acme.com""}},""source"":""mock-csv"",""campaign"":""summer""}",fast delivery / sample row 256,ok
257,USR-00257,ORD-00257,customer257@example.com,522.07,JPN,2026-07-02T14:17:00.000Z,010-1257-3799,3,"{""user"":{""contact"":{""email"":""customer257@example.com""}},""source"":""mock-csv"",""campaign"":""organic""}",clean packaging / sample row 257,ok
258,USR-00258,ORD-00258,customer258@asklake.io,559.08,USA,2026-07-03T15:18:00.000Z,010-1258-3806,4,"{""user"":{""contact"":{""email"":""customer258@asklake.io""}},""source"":""mock-csv"",""campaign"":""summer""}",needs follow up / sample row 258,ok
259,USR-00259,ORD-00259,customer259@shop.test,596.09,KOR,2026-07-04T16:19:00.000Z,010-1259-3813,5,"{""user"":{""contact"":{""email"":""customer259@shop.test""}},""source"":""mock-csv"",""campaign"":""organic""}",great value / sample row 259,ok
260,USR-00260,ORD-00260,customer260@acme.com,633.10,JPN,2026-07-01T17:20:00.000Z,010-1260-3820,1,"{""user"":{""contact"":{""email"":""customer260@acme.com""}},""source"":""mock-csv"",""campaign"":""summer""}",refund requested / sample row 260,ok
261,USR-00261,ORD-00261,customer261@example.com,670.11,USA,2026-07-02T18:21:00.000Z,010-1261-3827,2,"{""user"":{""contact"":{""email"":""customer261@example.com""}},""source"":""mock-csv"",""campaign"":""organic""}",repeat buyer / sample row 261,ok
262,USR-00262,ORD-00262,customer262_invalid_email,707.12,KOR,2026-07-03T19:22:00.000Z,010-1262-3834,3,"{""user"":{""contact"":{""email"":""customer262_invalid_email""}},""source"":""mock-csv"",""campaign"":""summer""}",premium item / sample row 262,invalid_email
263,USR-00263,ORD-00263,customer263@shop.test,744.13,JPN,2026-07-04T20:23:00.000Z,010-1263-3841,4,"{""user"":{""contact"":{""email"":""customer263@shop.test""}},""source"":""mock-csv"",""campaign"":""organic""}",support contacted / sample row 263,ok
264,USR-00264,ORD-00264,customer264@acme.com,781.14,USA,2026-07-01T09:24:00.000Z,010-1264-3848,5,"{""user"":{""contact"":{""email"":""customer264@acme.com""}},""source"":""mock-csv"",""campaign"":""summer""}",fast delivery / sample row 264,ok
265,USR-00265,ORD-00265,customer265@example.com,818.15,KOR,2026-07-02T10:25:00.000Z,010-1265-3855,1,"{""user"":{""contact"":{""email"":""customer265@example.com""}},""source"":""mock-csv"",""campaign"":""organic""}",clean packaging / sample row 265,ok
266,USR-00266,ORD-00266,customer266@asklake.io,855.16,JPN,2026-07-03T11:26:00.000Z,010-1266-3862,2,"{""user"":{""contact"":{""email"":""customer266@asklake.io""}},""source"":""mock-csv"",""campaign"":""summer""}",needs follow up / sample row 266,ok
267,USR-00267,ORD-00267,customer267@shop.test,892.17,BRA,2026-07-04T12:27:00.000Z,010-1267-3869,3,"{""user"":{""contact"":{""email"":""customer267@shop.test""}},""source"":""mock-csv"",""campaign"":""organic""}",great value / sample row 267,country_not_allowed
268,USR-00268,ORD-00268,customer268@acme.com,29.18,KOR,2026-07-01T13:28:00.000Z,010-1268-3876,4,"{""user"":{""contact"":{""email"":""customer268@acme.com""}},""source"":""mock-csv"",""campaign"":""summer""}",refund requested / sample row 268,ok
269,USR-00269,ORD-00269,customer269@example.com,66.19,JPN,2026-07-02T14:29:00.000Z,010-1269-3883,5,"{""user"":{""contact"":{""email"":""customer269@example.com""}},""source"":""mock-csv"",""campaign"":""organic""}",repeat buyer / sample row 269,ok
270,USR-00270,ORD-00270,customer270@asklake.io,103.20,USA,2026-07-03T15:30:00.000Z,010-1270-3890,1,"{""user"":{""contact"":{""email"":""customer270@asklake.io""}},""source"":""mock-csv"",""campaign"":""summer""}",premium item / sample row 270,ok
271,USR-00271,ORD-00271,customer271@shop.test,140.21,KOR,2026-07-04T16:31:00.000Z,010-1271-3897,2,"{""user"":{""contact"":{""email"":""customer271@shop.test""}},""source"":""mock-csv"",""campaign"":""organic""}",support contacted / sample row 271,ok
272,USR-00272,ORD-00272,customer272@acme.com,177.22,JPN,2026-07-01T17:32:00.000Z,010-1272-3904,3,"{""user"":{""contact"":{""email"":""customer272@acme.com""}},""source"":""mock-csv"",""campaign"":""summer""}",fast delivery / sample row 272,ok
273,USR-00273,ORD-00273,customer273@example.com,214.23,USA,2026-07-02T18:33:00.000Z,010-1273-3911,4,"{""user"":{""contact"":{""email"":""customer273@example.com""}},""source"":""mock-csv"",""campaign"":""organic""}",clean packaging / sample row 273,ok
274,USR-00274,ORD-00274,customer274@asklake.io,251.24,KOR,2026-07-03T19:34:00.000Z,010-1274-3918,5,"{""user"":{""contact"":{""email"":""customer274@asklake.io""}},""source"":""mock-csv"",""campaign"":""summer""}",needs follow up / sample row 274,ok
275,USR-00275,ORD-00275,customer275@shop.test,288.25,JPN,2026-07-04T20:35:00.000Z,010-1275-3925,1,"{""user"":{""contact"":{""email"":""customer275@shop.test""}},""source"":""mock-csv"",""campaign"":""organic""}",great value / sample row 275,ok
276,USR-00276,ORD-00276,customer276@acme.com,325.26,USA,2026-07-01T09:36:00.000Z,010-1276-3932,2,"{""user"":{""contact"":{""email"":""customer276@acme.com""}},""source"":""mock-csv"",""campaign"":""summer""}",refund requested / sample row 276,ok
277,USR-00277,ORD-00277,customer277@example.com,362.27,KOR,2026-07-02T10:37:00.000Z,010-1277-3939,3,"{""user"":{""contact"":{""email"":""customer277@example.com""}},""source"":""mock-csv"",""campaign"":""organic""}",repeat buyer / sample row 277,ok
278,USR-00278,ORD-00278,customer278@asklake.io,399.28,JPN,2026-07-03T11:38:00.000Z,010-1278-3946,4,"{""user"":{""contact"":{""email"":""customer278@asklake.io""}},""source"":""mock-csv"",""campaign"":""summer""}",premium item / sample row 278,ok
279,USR-00279,ORD-00279,customer279@shop.test,436.29,USA,2026-07-04T12:39:00.000Z,010-1279-3953,5,"{""user"":{""contact"":{""email"":""customer279@shop.test""}},""source"":""mock-csv"",""campaign"":""organic""}",support contacted / sample row 279,ok
280,USR-00280,ORD-00280,customer280@acme.com,473.30,KOR,2026-07-01T13:40:00.000Z,010-1280-3960,1,"{""user"":{""contact"":{""email"":""customer280@acme.com""}},""source"":""mock-csv"",""campaign"":""summer""}",fast delivery / sample row 280,ok
281,USR-00281,ORD-00281,customer281@example.com,510.31,JPN,2026-07-02T14:41:00.000Z,010-1281-3967,2,"{""user"":{""contact"":{""email"":""customer281@example.com""}},""source"":""mock-csv"",""campaign"":""organic""}",clean packaging / sample row 281,ok
282,USR-00282,ORD-00282,customer282@asklake.io,547.32,USA,2026-07-03T15:42:00.000Z,010-1282-3974,3,"{""user"":{""contact"":{""email"":""customer282@asklake.io""}},""source"":""mock-csv"",""campaign"":""summer""}",needs follow up / sample row 282,ok
283,USR-00283,ORD-00283,customer283@shop.test,584.33,KOR,2026-07-04T16:43:00.000Z,010-1283-3981,4,"{""user"":{""contact"":{""email"":""customer283@shop.test""}},""source"":""mock-csv"",""campaign"":""organic""}",great value / sample row 283,ok
284,USR-00284,ORD-00284,customer284@acme.com,621.34,JPN,2026-07-01T17:44:00.000Z,010-1284-3988,5,"{""user"":{""contact"":{""email"":""customer284@acme.com""}},""source"":""mock-csv"",""campaign"":""summer""}",refund requested / sample row 284,ok
285,USR-00285,ORD-00285,customer285@example.com,658.35,USA,2026-07-02T18:45:00.000Z,010-1285-3995,1,"{""user"":{""contact"":{""email"":""customer285@example.com""}},""source"":""mock-csv"",""campaign"":""organic""}",repeat buyer / sample row 285,ok
286,USR-00286,ORD-00286,customer286@asklake.io,695.36,KOR,2026-07-03T19:46:00.000Z,010-1286-4002,2,"{""user"":{""contact"":{""email"":""customer286@asklake.io""}},""source"":""mock-csv"",""campaign"":""summer""}",premium item / sample row 286,ok
287,USR-00287,ORD-00287,customer287@shop.test,732.37,JPN,2026-07-04T20:47:00.000Z,010-1287-4009,3,"{""user"":{""contact"":{""email"":""customer287@shop.test""}},""source"":""mock-csv"",""campaign"":""organic""}",support contacted / sample row 287,ok
288,USR-00288,ORD-00288,customer288@acme.com,769.38,USA,2026-07-01T09:48:00.000Z,010-1288-4016,4,"{""user"":{""contact"":{""email"":""customer288@acme.com""}},""source"":""mock-csv"",""campaign"":""summer""}",fast delivery / sample row 288,ok
289,USR-00289,ORD-00289,customer289@example.com,806.39,KOR,2026-07-02T10:49:00.000Z,010-1289-4023,5,"{""user"":{""contact"":{""email"":""customer289@example.com""}},""source"":""mock-csv"",""campaign"":""organic""}",clean packaging / sample row 289,ok
290,USR-00290,ORD-00290,customer290@asklake.io,843.40,JPN,2026-07-03T11:50:00.000Z,010-1290-4030,1,"{""user"":{""contact"":{""email"":""customer290@asklake.io""}},""source"":""mock-csv"",""campaign"":""summer""}",needs follow up / sample row 290,ok
291,USR-00291,ORD-00291,customer291@shop.test,-26.00,USA,2026-07-04T12:51:00.000Z,010-1291-4037,2,"{""user"":{""contact"":{""email"":""customer291@shop.test""}},""source"":""mock-csv"",""campaign"":""organic""}",great value / sample row 291,non_positive_price
292,USR-00292,ORD-00292,customer292@acme.com,17.42,KOR,2026-07-01T13:52:00.000Z,010-1292-4044,3,"{""user"":{""contact"":{""email"":""customer292@acme.com""}},""source"":""mock-csv"",""campaign"":""summer""}",refund requested / sample row 292,ok
293,USR-00293,ORD-00293,customer293@example.com,54.43,JPN,2026-07-02T14:53:00.000Z,010-1293-4051,4,"{""user"":{""contact"":{""email"":""customer293@example.com""}},""source"":""mock-csv"",""campaign"":""organic""}",repeat buyer / sample row 293,ok
294,USR-00294,ORD-00294,customer294@asklake.io,91.44,USA,2026-07-03T15:54:00.000Z,010-1294-4058,5,"{""user"":{""contact"":{""email"":""customer294@asklake.io""}},""source"":""mock-csv"",""campaign"":""summer""}",premium item / sample row 294,ok
295,USR-00295,ORD-00295,customer295@shop.test,128.45,KOR,2026-07-04T16:55:00.000Z,010-1295-4065,1,"{""user"":{""contact"":{""email"":""customer295@shop.test""}},""source"":""mock-csv"",""campaign"":""organic""}",support contacted / sample row 295,ok
296,USR-00296,ORD-00296,customer296@acme.com,165.46,JPN,2026-07-01T17:56:00.000Z,010-1296-4072,2,"{""user"":{""contact"":{""email"":""customer296@acme.com""}},""source"":""mock-csv"",""campaign"":""summer""}",fast delivery / sample row 296,ok
297,USR-00297,ORD-00297,customer297@example.com,202.47,USA,2026-07-02T18:57:00.000Z,010-1297-4079,3,"{""user"":{""contact"":{""email"":""customer297@example.com""}},""source"":""mock-csv"",""campaign"":""organic""}",clean packaging / sample row 297,ok
298,USR-00298,ORD-00298,customer298@asklake.io,239.48,KOR,2026-07-03T19:58:00.000Z,010-1298-4086,4,"{""user"":{""contact"":{""email"":""customer298@asklake.io""}},""source"":""mock-csv"",""campaign"":""summer""}",needs follow up / sample row 298,ok
299,USR-00299,ORD-00299,customer299@shop.test,276.49,JPN,2026-07-04T20:59:00.000Z,010-1299-4093,5,"{""user"":{""contact"":{""email"":""customer299@shop.test""}},""source"":""mock-csv"",""campaign"":""organic""}",great value / sample row 299,ok
300,USR-00300,ORD-00300,customer300@acme.com,312.50,USA,2026-07-01T09:00:00.000Z,010-1300-4100,1,"{""user"":{""contact"":{""email"":""customer300@acme.com""}},""source"":""mock-csv"",""campaign"":""summer""}",refund requested / sample row 300,ok
301,USR-00301,ORD-00301,customer301@example.com,349.51,KOR,2026-07-02T10:01:00.000Z,010-1301-4107,2,"{""user"":{""contact"":{""email"":""customer301@example.com""}},""source"":""mock-csv"",""campaign"":""organic""}",repeat buyer / sample row 301,ok
302,USR-00302,ORD-00302,customer302@asklake.io,386.52,JPN,2026-07-03T11:02:00.000Z,010-1302-4114,3,"{""user"":{""contact"":{""email"":""customer302@asklake.io""}},""source"":""mock-csv"",""campaign"":""summer""}",premium item / sample row 302,ok
303,USR-00303,ORD-00303,customer303@shop.test,423.53,USA,2026-07-04T12:03:00.000Z,010-1303-4121,4,"{""user"":{""contact"":{""email"":""customer303@shop.test""}},""source"":""mock-csv"",""campaign"":""organic""}",support contacted / sample row 303,ok
304,USR-00304,ORD-00304,customer304@acme.com,460.54,KOR,2026-07-01T13:04:00.000Z,010-1304-4128,5,"{""user"":{""contact"":{""email"":""customer304@acme.com""}},""source"":""mock-csv"",""campaign"":""summer""}",fast delivery / sample row 304,ok
305,USR-00305,ORD-00305,customer305@example.com,497.55,JPN,2026-07-02T14:05:00.000Z,010-1305-4135,1,"{""user"":{""contact"":{""email"":""customer305@example.com""}},""source"":""mock-csv"",""campaign"":""organic""}",clean packaging / sample row 305,ok
306,USR-00306,ORD-00306,customer306@asklake.io,534.56,USA,2026-07-03T15:06:00.000Z,010-1306-4142,2,"{""user"":{""contact"":{""email"":""customer306@asklake.io""}},""source"":""mock-csv"",""campaign"":""summer""}",needs follow up / sample row 306,ok
307,USR-00307,ORD-00307,customer307@shop.test,571.57,KOR,2026-07-04T16:07:00.000Z,010-1307-4149,3,"{""user"":{""contact"":{""email"":""customer307@shop.test""}},""source"":""mock-csv"",""campaign"":""organic""}",great value / sample row 307,ok
308,USR-00308,ORD-00308,customer308@acme.com,608.58,JPN,2026-07-01T17:08:00.000Z,010-1308-4156,4,"{""user"":{""contact"":{""email"":""customer308@acme.com""}},""source"":""mock-csv"",""campaign"":""summer""}",refund requested / sample row 308,ok
309,USR-00309,ORD-00309,customer309@example.com,645.59,USA,2026-07-02T18:09:00.000Z,010-1309-4163,5,"{""user"":{""contact"":{""email"":""customer309@example.com""}},""source"":""mock-csv"",""campaign"":""organic""}",repeat buyer / sample row 309,ok
310,USR-00310,ORD-00310,customer310@asklake.io,682.60,KOR,2026-07-03T19:10:00.000Z,010-1310-4170,1,"{""user"":{""contact"":{""email"":""customer310@asklake.io""}},""source"":""mock-csv"",""campaign"":""summer""}",premium item / sample row 310,ok
311,USR-00311,ORD-00311,customer311@shop.test,719.61,JPN,2026-07-04T20:11:00.000Z,010-1311-4177,2,"{""user"":{""contact"":{""email"":""customer311@shop.test""}},""source"":""mock-csv"",""campaign"":""organic""}",support contacted / sample row 311,ok
312,USR-00312,ORD-00312,customer312@acme.com,756.62,USA,2026-07-01T09:12:00.000Z,010-1312-4184,3,"{""user"":{""contact"":{""email"":""customer312@acme.com""}},""source"":""mock-csv"",""campaign"":""summer""}",fast delivery / sample row 312,ok
313,USR-00313,ORD-00313,customer313@example.com,793.63,KOR,2026-07-02T10:13:00.000Z,010-1313-4191,4,"{""user"":{""contact"":{""email"":""customer313@example.com""}},""source"":""mock-csv"",""campaign"":""organic""}",clean packaging / sample row 313,ok
314,USR-00314,ORD-00314,customer314@asklake.io,830.64,JPN,2026-07-03T11:14:00.000Z,010-1314-4198,5,"{""user"":{""contact"":{""email"":""customer314@asklake.io""}},""source"":""mock-csv"",""campaign"":""summer""}",needs follow up / sample row 314,ok
315,USR-00315,ORD-00315,customer315@shop.test,867.65,USA,2026-07-04T12:15:00.000Z,010-1315-4205,1,"{""user"":{""contact"":{""email"":""customer315@shop.test""}},""source"":""mock-csv"",""campaign"":""organic""}",great value / sample row 315,ok
316,USR-00316,ORD-00316,customer316@acme.com,904.66,KOR,2026-07-01T13:16:00.000Z,010-1316-4212,2,"{""user"":{""contact"":{""email"":""customer316@acme.com""}},""source"":""mock-csv"",""campaign"":""summer""}",refund requested / sample row 316,ok
317,USR-00317,ORD-00317,customer317@example.com,41.67,JPN,2026-07-02T14:17:00.000Z,010-1317-4219,3,"{""user"":{""contact"":{""email"":""customer317@example.com""}},""source"":""mock-csv"",""campaign"":""organic""}",repeat buyer / sample row 317,ok
318,USR-00318,ORD-00318,customer318@asklake.io,78.68,USA,2026-07-03T15:18:00.000Z,010-1318-4226,4,"{""user"":{""contact"":{""email"":""customer318@asklake.io""}},""source"":""mock-csv"",""campaign"":""summer""}",premium item / sample row 318,ok
319,USR-00319,ORD-00319,customer319@shop.test,115.69,KOR,2026-07-04T16:19:00.000Z,010-1319-4233,5,"{""user"":{""contact"":{""email"":""customer319@shop.test""}},""source"":""mock-csv"",""campaign"":""organic""}",support contacted / sample row 319,ok
320,USR-00320,ORD-00320,customer320@acme.com,152.70,JPN,2026-07-01T17:20:00.000Z,010-1320-4240,1,"{""user"":{""contact"":{""email"":""customer320@acme.com""}},""source"":""mock-csv"",""campaign"":""summer""}",fast delivery / sample row 320,ok
321,USR-00321,ORD-00321,customer321@example.com,189.71,USA,2026-07-02T18:21:00.000Z,010-1321-4247,2,"{""user"":{""contact"":{""email"":""customer321@example.com""}},""source"":""mock-csv"",""campaign"":""organic""}",clean packaging / sample row 321,ok
322,USR-00322,ORD-00322,customer322@asklake.io,226.72,KOR,2026-07-03T19:22:00.000Z,010-1322-4254,3,"{""user"":{""contact"":{""email"":""customer322@asklake.io""}},""source"":""mock-csv"",""campaign"":""summer""}",needs follow up / sample row 322,ok
323,USR-00323,ORD-00323,customer323@shop.test,263.73,JPN,2026-07-04T20:23:00.000Z,010-1323-4261,4,"{""user"":{""contact"":{""email"":""customer323@shop.test""}},""source"":""mock-csv"",""campaign"":""organic""}",great value / sample row 323,ok
324,USR-00324,ORD-00324,customer324@acme.com,300.74,USA,2026-07-01T09:24:00.000Z,010-1324-4268,5,"{""user"":{""contact"":{""email"":""customer324@acme.com""}},""source"":""mock-csv"",""campaign"":""summer""}",refund requested / sample row 324,ok
325,USR-00325,ORD-00325,customer325@example.com,337.75,KOR,2026-07-02T10:25:00.000Z,010-1325-4275,1,"{""user"":{""contact"":{""email"":""customer325@example.com""}},""source"":""mock-csv"",""campaign"":""organic""}",repeat buyer / sample row 325,ok
326,USR-00326,ORD-00326,customer326@asklake.io,374.76,JPN,2026-07-03T11:26:00.000Z,010-1326-4282,2,"{""user"":{""contact"":{""email"":""customer326@asklake.io""}},""source"":""mock-csv"",""campaign"":""summer""}",premium item / sample row 326,ok
327,USR-00327,ORD-00327,customer327@shop.test,411.77,USA,2026-07-04T12:27:00.000Z,010-1327-4289,3,"{""user"":{""contact"":{""email"":""customer327@shop.test""}},""source"":""mock-csv"",""campaign"":""organic""}",support contacted / sample row 327,ok
328,USR-00328,ORD-00328,customer328@acme.com,448.78,KOR,2026-07-01T13:28:00.000Z,010-1328-4296,4,"{""user"":{""contact"":{""email"":""customer328@acme.com""}},""source"":""mock-csv"",""campaign"":""summer""}",fast delivery / sample row 328,ok
329,USR-00329,ORD-00329,customer329@example.com,485.79,JPN,2026-07-02T14:29:00.000Z,010-1329-4303,5,"{""user"":{""contact"":{""email"":""customer329@example.com""}},""source"":""mock-csv"",""campaign"":""organic""}",clean packaging / sample row 329,ok
330,USR-00330,ORD-00330,customer330@asklake.io,522.80,USA,2026-07-03T15:30:00.000Z,010-1330-4310,1,"{""user"":{""contact"":{""email"":""customer330@asklake.io""}},""source"":""mock-csv"",""campaign"":""summer""}",needs follow up / sample row 330,ok
331,USR-00331,ORD-00331,customer331@shop.test,559.81,KOR,2026-07-04T16:31:00.000Z,010-1331-4317,2,"{""user"":{""contact"":{""email"":""customer331@shop.test""}},""source"":""mock-csv"",""campaign"":""organic""}",great value / sample row 331,ok
332,USR-00332,ORD-00332,customer332@acme.com,596.82,JPN,2026-07-01T17:32:00.000Z,010-1332-4324,3,"{""user"":{""contact"":{""email"":""customer332@acme.com""}},""source"":""mock-csv"",""campaign"":""summer""}",refund requested / sample row 332,ok
333,USR-00333,ORD-00333,customer333@example.com,633.83,USA,2026-07-02T18:33:00.000Z,010-1333-4331,4,"{""user"":{""contact"":{""email"":""customer333@example.com""}},""source"":""mock-csv"",""campaign"":""organic""}",repeat buyer / sample row 333,ok
334,USR-00334,ORD-00334,customer334@asklake.io,670.84,KOR,2026-07-03T19:34:00.000Z,010-1334-4338,5,"{""user"":{""contact"":{""email"":""customer334@asklake.io""}},""source"":""mock-csv"",""campaign"":""summer""}",premium item / sample row 334,ok
335,USR-00335,ORD-00335,customer335@shop.test,707.85,JPN,2026-07-04T20:35:00.000Z,010-1335-4345,1,"{""user"":{""contact"":{""email"":""customer335@shop.test""}},""source"":""mock-csv"",""campaign"":""organic""}",support contacted / sample row 335,ok
336,USR-00336,ORD-00336,customer336@acme.com,744.86,USA,2026-07-01T09:36:00.000Z,010-1336-4352,2,"{""user"":{""contact"":{""email"":""customer336@acme.com""}},""source"":""mock-csv"",""campaign"":""summer""}",fast delivery / sample row 336,ok
337,USR-00337,ORD-00337,customer337@example.com,781.87,KOR,2026-07-02T10:37:00.000Z,010-1337-4359,3,"{""user"":{""contact"":{""email"":""customer337@example.com""}},""source"":""mock-csv"",""campaign"":""organic""}",clean packaging / sample row 337,ok
338,USR-00338,ORD-00338,customer338@asklake.io,818.88,JPN,2026-07-03T11:38:00.000Z,010-1338-4366,4,"{""user"":{""contact"":{""email"":""customer338@asklake.io""}},""source"":""mock-csv"",""campaign"":""summer""}",needs follow up / sample row 338,ok
339,,ORD-00339,customer339@shop.test,855.89,USA,2026-07-04T12:39:00.000Z,010-1339-4373,5,"{""user"":{""contact"":{""email"":""customer339@shop.test""}},""source"":""mock-csv"",""campaign"":""organic""}",great value / sample row 339,missing user_id
340,USR-00340,ORD-00340,customer340@acme.com,892.90,KOR,2026-07-01T13:40:00.000Z,010-1340-4380,1,"{""user"":{""contact"":{""email"":""customer340@acme.com""}},""source"":""mock-csv"",""campaign"":""summer""}",refund requested / sample row 340,ok
341,USR-00341,ORD-00341,customer341@example.com,29.91,JPN,2026-07-02T14:41:00.000Z,010-1341-4387,2,"{""user"":{""contact"":{""email"":""customer341@example.com""}},""source"":""mock-csv"",""campaign"":""organic""}",repeat buyer / sample row 341,ok
342,USR-00342,ORD-00342,customer342@asklake.io,66.92,USA,2026-07-03T15:42:00.000Z,010-1342-4394,3,"{""user"":{""contact"":{""email"":""customer342@asklake.io""}},""source"":""mock-csv"",""campaign"":""summer""}",premium item / sample row 342,ok
343,USR-00343,ORD-00343,customer343@shop.test,103.93,KOR,2026-07-04T16:43:00.000Z,010-1343-4401,4,"{""user"":{""contact"":{""email"":""customer343@shop.test""}},""source"":""mock-csv"",""campaign"":""organic""}",support contacted / sample row 343,ok
344,USR-00344,ORD-00344,customer344@acme.com,140.94,JPN,2026-07-01T17:44:00.000Z,010-1344-4408,5,"{""user"":{""contact"":{""email"":""customer344@acme.com""}},""source"":""mock-csv"",""campaign"":""summer""}",fast delivery / sample row 344,ok
345,USR-00345,ORD-00345,customer345@example.com,177.95,USA,2026-07-02T18:45:00.000Z,010-1345-4415,1,"{""user"":{""contact"":{""email"":""customer345@example.com""}},""source"":""mock-csv"",""campaign"":""organic""}",clean packaging / sample row 345,ok
346,USR-00346,ORD-00346,customer346@asklake.io,214.96,KOR,2026-07-03T19:46:00.000Z,010-1346-4422,2,"{""user"":{""contact"":{""email"":""customer346@asklake.io""}},""source"":""mock-csv"",""campaign"":""summer""}",needs follow up / sample row 346,ok
347,USR-00347,ORD-00347,customer347@shop.test,251.97,JPN,2026-07-04T20:47:00.000Z,010-1347-4429,3,"{""user"":{""contact"":{""email"":""customer347@shop.test""}},""source"":""mock-csv"",""campaign"":""organic""}",great value / sample row 347,ok
348,USR-00348,ORD-00348,customer348@acme.com,288.98,USA,2026-07-01T09:48:00.000Z,010-1348-4436,4,"{""user"":{""contact"":{""email"":""customer348@acme.com""}},""source"":""mock-csv"",""campaign"":""summer""}",refund requested / sample row 348,ok
349,USR-00349,ORD-00349,customer349@example.com,325.99,KOR,2026-07-02T10:49:00.000Z,010-1349-4443,5,"{""user"":{""contact"":{""email"":""customer349@example.com""}},""source"":""mock-csv"",""campaign"":""organic""}",repeat buyer / sample row 349,ok
350,USR-00350,ORD-00350,customer350@asklake.io,363.00,JPN,2026-07-03T11:50:00.000Z,010-1350-4450,1,"{""user"":{""contact"":{""email"":""customer350@asklake.io""}},""source"":""mock-csv"",""campaign"":""summer""}",premium item / sample row 350,ok
351,USR-00351,ORD-00351,customer351@shop.test,400.01,USA,2026-07-04T12:51:00.000Z,010-1351-4457,2,"{""user"":{""contact"":{""email"":""customer351@shop.test""}},""source"":""mock-csv"",""campaign"":""organic""}",support contacted / sample row 351,ok
352,USR-00352,ORD-00352,customer352@acme.com,437.02,KOR,2026-07-01T13:52:00.000Z,010-1352-4464,3,"{""user"":{""contact"":{""email"":""customer352@acme.com""}},""source"":""mock-csv"",""campaign"":""summer""}",fast delivery / sample row 352,ok
353,USR-00353,ORD-00353,customer353@example.com,474.03,JPN,2026-07-02T14:53:00.000Z,010-1353-4471,4,"{""user"":{""contact"":{""email"":""customer353@example.com""}},""source"":""mock-csv"",""campaign"":""organic""}",clean packaging / sample row 353,ok
354,USR-00354,ORD-00354,customer354@asklake.io,511.04,USA,2026-07-03T15:54:00.000Z,010-1354-4478,5,"{""user"":{""contact"":{""email"":""customer354@asklake.io""}},""source"":""mock-csv"",""campaign"":""summer""}",needs follow up / sample row 354,ok
355,USR-00355,ORD-00355,customer355@shop.test,548.05,KOR,2026-07-04T16:55:00.000Z,010-1355-4485,1,"{""user"":{""contact"":{""email"":""customer355@shop.test""}},""source"":""mock-csv"",""campaign"":""organic""}",great value / sample row 355,ok
356,USR-00356,ORD-00356,customer356@acme.com,585.06,BRA,2026-07-01T17:56:00.000Z,010-1356-4492,2,"{""user"":{""contact"":{""email"":""customer356@acme.com""}},""source"":""mock-csv"",""campaign"":""summer""}",refund requested / sample row 356,country_not_allowed
357,USR-00357,ORD-00357,customer357@example.com,622.07,USA,2026-07-02T18:57:00.000Z,010-1357-4499,3,"{""user"":{""contact"":{""email"":""customer357@example.com""}},""source"":""mock-csv"",""campaign"":""organic""}",repeat buyer / sample row 357,ok
358,USR-00358,ORD-00358,customer358@asklake.io,659.08,KOR,2026-07-03T19:58:00.000Z,010-1358-4506,4,"{""user"":{""contact"":{""email"":""customer358@asklake.io""}},""source"":""mock-csv"",""campaign"":""summer""}",premium item / sample row 358,ok
359,USR-00359,ORD-00359,customer359@shop.test,696.09,JPN,2026-07-04T20:59:00.000Z,010-1359-4513,5,"{""user"":{""contact"":{""email"":""customer359@shop.test""}},""source"":""mock-csv"",""campaign"":""organic""}",support contacted / sample row 359,ok
360,USR-00360,ORD-00360,customer360@acme.com,733.10,USA,2026-07-01T09:00:00.000Z,010-1360-4520,1,"{""user"":{""contact"":{""email"":""customer360@acme.com""}},""source"":""mock-csv"",""campaign"":""summer""}",fast delivery / sample row 360,ok
361,USR-00361,ORD-00361,customer361@example.com,770.11,KOR,2026-07-02T10:01:00.000Z,010-1361-4527,2,"{""user"":{""contact"":{""email"":""customer361@example.com""}},""source"":""mock-csv"",""campaign"":""organic""}",clean packaging / sample row 361,ok
362,USR-00362,ORD-00362,customer362@asklake.io,807.12,JPN,2026-07-03T11:02:00.000Z,010-1362-4534,3,"{""user"":{""contact"":{""email"":""customer362@asklake.io""}},""source"":""mock-csv"",""campaign"":""summer""}",needs follow up / sample row 362,ok
363,USR-00363,ORD-00363,customer363@shop.test,844.13,USA,2026-07-04T12:03:00.000Z,010-1363-4541,4,"{""user"":{""contact"":{""email"":""customer363@shop.test""}},""source"":""mock-csv"",""campaign"":""organic""}",great value / sample row 363,ok
364,USR-00364,ORD-00364,customer364@acme.com,881.14,KOR,2026-07-01T13:04:00.000Z,010-1364-4548,5,"{""user"":{""contact"":{""email"":""customer364@acme.com""}},""source"":""mock-csv"",""campaign"":""summer""}",refund requested / sample row 364,ok
365,USR-00365,ORD-00365,customer365@example.com,18.15,JPN,2026-07-02T14:05:00.000Z,010-1365-4555,1,"{""user"":{""contact"":{""email"":""customer365@example.com""}},""source"":""mock-csv"",""campaign"":""organic""}",repeat buyer / sample row 365,ok
366,USR-00366,ORD-00366,customer366@asklake.io,55.16,USA,2026-07-03T15:06:00.000Z,010-1366-4562,2,"{""user"":{""contact"":{""email"":""customer366@asklake.io""}},""source"":""mock-csv"",""campaign"":""summer""}",premium item / sample row 366,ok
367,USR-00367,ORD-00367,customer367@shop.test,92.17,KOR,2026-07-04T16:07:00.000Z,010-1367-4569,3,"{""user"":{""contact"":{""email"":""customer367@shop.test""}},""source"":""mock-csv"",""campaign"":""organic""}",support contacted / sample row 367,ok
368,USR-00368,ORD-00368,customer368@acme.com,129.18,JPN,2026-07-01T17:08:00.000Z,010-1368-4576,4,"{""user"":{""contact"":{""email"":""customer368@acme.com""}},""source"":""mock-csv"",""campaign"":""summer""}",fast delivery / sample row 368,ok
369,USR-00369,ORD-00369,customer369@example.com,166.19,USA,2026-07-02T18:09:00.000Z,010-1369-4583,5,"{""user"":{""contact"":{""email"":""customer369@example.com""}},""source"":""mock-csv"",""campaign"":""organic""}",clean packaging / sample row 369,ok
370,USR-00370,ORD-00370,customer370@asklake.io,203.20,KOR,2026-07-03T19:10:00.000Z,010-1370-4590,1,"{""user"":{""contact"":{""email"":""customer370@asklake.io""}},""source"":""mock-csv"",""campaign"":""summer""}",needs follow up / sample row 370,ok
371,USR-00371,ORD-00371,customer371@shop.test,240.21,JPN,2026-07-04T20:11:00.000Z,010-1371-4597,2,"{""user"":{""contact"":{""email"":""customer371@shop.test""}},""source"":""mock-csv"",""campaign"":""organic""}",great value / sample row 371,ok
372,USR-00372,ORD-00372,customer372@acme.com,277.22,USA,2026-07-01T09:12:00.000Z,010-1372-4604,3,"{""user"":{""contact"":{""email"":""customer372@acme.com""}},""source"":""mock-csv"",""campaign"":""summer""}",refund requested / sample row 372,ok
373,USR-00373,ORD-00373,customer373@example.com,314.23,KOR,2026-07-02T10:13:00.000Z,010-1373-4611,4,"{""user"":{""contact"":{""email"":""customer373@example.com""}},""source"":""mock-csv"",""campaign"":""organic""}",repeat buyer / sample row 373,ok
374,USR-00374,ORD-00374,customer374@asklake.io,351.24,JPN,2026-07-03T11:14:00.000Z,010-1374-4618,5,"{""user"":{""contact"":{""email"":""customer374@asklake.io""}},""source"":""mock-csv"",""campaign"":""summer""}",premium item / sample row 374,ok
375,USR-00375,ORD-00375,customer375@shop.test,388.25,USA,2026-07-04T12:15:00.000Z,010-1375-4625,1,"{""user"":{""contact"":{""email"":""customer375@shop.test""}},""source"":""mock-csv"",""campaign"":""organic""}",support contacted / sample row 375,ok
376,USR-00376,ORD-00376,customer376@acme.com,425.26,KOR,2026-07-01T13:16:00.000Z,010-1376-4632,2,"{""user"":{""contact"":{""email"":""customer376@acme.com""}},""source"":""mock-csv"",""campaign"":""summer""}",fast delivery / sample row 376,ok
377,USR-00377,ORD-00377,customer377@example.com,462.27,JPN,2026-07-02T14:17:00.000Z,010-1377-4639,3,"{""user"":{""contact"":{""email"":""customer377@example.com""}},""source"":""mock-csv"",""campaign"":""organic""}",clean packaging / sample row 377,ok
378,USR-00378,ORD-00378,customer378@asklake.io,499.28,USA,2026-07-03T15:18:00.000Z,010-1378-4646,4,"{""user"":{""contact"":{""email"":""customer378@asklake.io""}},""source"":""mock-csv"",""campaign"":""summer""}",needs follow up / sample row 378,ok
379,USR-00379,ORD-00379,customer379@shop.test,536.29,KOR,2026-07-04T16:19:00.000Z,010-1379-4653,5,"{""user"":{""contact"":{""email"":""customer379@shop.test""}},""source"":""mock-csv"",""campaign"":""organic""}",great value / sample row 379,ok
380,USR-00380,ORD-00380,customer380@acme.com,573.30,JPN,2026-07-01T17:20:00.000Z,010-1380-4660,1,"{""user"":{""contact"":{""email"":""customer380@acme.com""}},""source"":""mock-csv"",""campaign"":""summer""}",refund requested / sample row 380,ok
381,USR-00381,ORD-00381,customer381@example.com,610.31,USA,2026-07-02T18:21:00.000Z,010-1381-4667,2,"{""user"":{""contact"":{""email"":""customer381@example.com""}},""source"":""mock-csv"",""campaign"":""organic""}",repeat buyer / sample row 381,ok
382,USR-00382,ORD-00382,customer382@asklake.io,647.32,KOR,2026-07-03T19:22:00.000Z,010-1382-4674,3,"{""user"":{""contact"":{""email"":""customer382@asklake.io""}},""source"":""mock-csv"",""campaign"":""summer""}",premium item / sample row 382,ok
383,USR-00383,ORD-00383,customer383@shop.test,684.33,JPN,2026-07-04T20:23:00.000Z,010-1383-4681,4,"{""user"":{""contact"":{""email"":""customer383@shop.test""}},""source"":""mock-csv"",""campaign"":""organic""}",support contacted / sample row 383,ok
384,USR-00384,ORD-00384,customer384@acme.com,721.34,USA,2026-07-01T09:24:00.000Z,010-1384-4688,5,"{""user"":{""contact"":{""email"":""customer384@acme.com""}},""source"":""mock-csv"",""campaign"":""summer""}",fast delivery / sample row 384,ok
385,USR-00385,ORD-00385,customer385@example.com,758.35,KOR,2026-07-02T10:25:00.000Z,010-1385-4695,1,"{""user"":{""contact"":{""email"":""customer385@example.com""}},""source"":""mock-csv"",""campaign"":""organic""}",clean packaging / sample row 385,ok
386,USR-00386,ORD-00386,customer386@asklake.io,795.36,JPN,2026-07-03T11:26:00.000Z,010-1386-4702,2,"{""user"":{""contact"":{""email"":""customer386@asklake.io""}},""source"":""mock-csv"",""campaign"":""summer""}",needs follow up / sample row 386,ok
387,USR-00387,ORD-00387,customer387@shop.test,832.37,USA,2026-07-04T12:27:00.000Z,010-1387-4709,3,"{""user"":{""contact"":{""email"":""customer387@shop.test""}},""source"":""mock-csv"",""campaign"":""organic""}",great value / sample row 387,ok
388,USR-00388,ORD-00388,customer388@acme.com,-33.00,KOR,2026-07-01T13:28:00.000Z,010-1388-4716,4,"{""user"":{""contact"":{""email"":""customer388@acme.com""}},""source"":""mock-csv"",""campaign"":""summer""}",refund requested / sample row 388,non_positive_price
389,USR-00389,ORD-00389,customer389@example.com,906.39,JPN,2026-07-02T14:29:00.000Z,010-1389-4723,5,"{""user"":{""contact"":{""email"":""customer389@example.com""}},""source"":""mock-csv"",""campaign"":""organic""}",repeat buyer / sample row 389,ok
390,USR-00390,ORD-00390,customer390@asklake.io,43.40,USA,2026-07-03T15:30:00.000Z,010-1390-4730,1,"{""user"":{""contact"":{""email"":""customer390@asklake.io""}},""source"":""mock-csv"",""campaign"":""summer""}",premium item / sample row 390,ok
391,USR-00391,ORD-00391,customer391@shop.test,80.41,KOR,2026-07-04T16:31:00.000Z,010-1391-4737,2,"{""user"":{""contact"":{""email"":""customer391@shop.test""}},""source"":""mock-csv"",""campaign"":""organic""}",support contacted / sample row 391,ok
392,USR-00392,ORD-00392,customer392@acme.com,117.42,JPN,2026-07-01T17:32:00.000Z,010-1392-4744,3,"{""user"":{""contact"":{""email"":""customer392@acme.com""}},""source"":""mock-csv"",""campaign"":""summer""}",fast delivery / sample row 392,ok
393,USR-00393,ORD-00393,customer393_invalid_email,154.43,USA,2026-07-02T18:33:00.000Z,010-1393-4751,4,"{""user"":{""contact"":{""email"":""customer393_invalid_email""}},""source"":""mock-csv"",""campaign"":""organic""}",clean packaging / sample row 393,invalid_email
394,USR-00394,ORD-00394,customer394@asklake.io,191.44,KOR,2026-07-03T19:34:00.000Z,010-1394-4758,5,"{""user"":{""contact"":{""email"":""customer394@asklake.io""}},""source"":""mock-csv"",""campaign"":""summer""}",needs follow up / sample row 394,ok
395,USR-00395,ORD-00395,customer395@shop.test,228.45,JPN,2026-07-04T20:35:00.000Z,010-1395-4765,1,"{""user"":{""contact"":{""email"":""customer395@shop.test""}},""source"":""mock-csv"",""campaign"":""organic""}",great value / sample row 395,ok
396,USR-00396,ORD-00396,customer396@acme.com,265.46,USA,2026-07-01T09:36:00.000Z,010-1396-4772,2,"{""user"":{""contact"":{""email"":""customer396@acme.com""}},""source"":""mock-csv"",""campaign"":""summer""}",refund requested / sample row 396,ok
397,USR-00397,ORD-00397,customer397@example.com,302.47,KOR,2026-07-02T10:37:00.000Z,010-1397-4779,3,"{""user"":{""contact"":{""email"":""customer397@example.com""}},""source"":""mock-csv"",""campaign"":""organic""}",repeat buyer / sample row 397,ok
398,USR-00398,ORD-00398,customer398@asklake.io,339.48,JPN,2026-07-03T11:38:00.000Z,010-1398-4786,4,"{""user"":{""contact"":{""email"":""customer398@asklake.io""}},""source"":""mock-csv"",""campaign"":""summer""}",premium item / sample row 398,ok
399,USR-00399,ORD-00399,customer399@shop.test,376.49,USA,2026-07-04T12:39:00.000Z,010-1399-4793,5,"{""user"":{""contact"":{""email"":""customer399@shop.test""}},""source"":""mock-csv"",""campaign"":""organic""}",support contacted / sample row 399,ok
400,USR-00400,ORD-00400,customer400@acme.com,412.50,KOR,2026-07-01T13:40:00.000Z,010-1400-4800,1,"{""user"":{""contact"":{""email"":""customer400@acme.com""}},""source"":""mock-csv"",""campaign"":""summer""}",fast delivery / sample row 400,ok
401,USR-00401,ORD-00401,customer401@example.com,449.51,JPN,2026-07-02T14:41:00.000Z,010-1401-4807,2,"{""user"":{""contact"":{""email"":""customer401@example.com""}},""source"":""mock-csv"",""campaign"":""organic""}",clean packaging / sample row 401,ok
402,USR-00402,ORD-00402,customer402@asklake.io,486.52,USA,2026-07-03T15:42:00.000Z,010-1402-4814,3,"{""user"":{""contact"":{""email"":""customer402@asklake.io""}},""source"":""mock-csv"",""campaign"":""summer""}",needs follow up / sample row 402,ok
403,USR-00403,ORD-00403,customer403@shop.test,523.53,KOR,2026-07-04T16:43:00.000Z,010-1403-4821,4,"{""user"":{""contact"":{""email"":""customer403@shop.test""}},""source"":""mock-csv"",""campaign"":""organic""}",great value / sample row 403,ok
404,USR-00404,ORD-00404,customer404@acme.com,560.54,JPN,2026-07-01T17:44:00.000Z,010-1404-4828,5,"{""user"":{""contact"":{""email"":""customer404@acme.com""}},""source"":""mock-csv"",""campaign"":""summer""}",refund requested / sample row 404,ok
405,USR-00405,ORD-00405,customer405@example.com,597.55,USA,2026-07-02T18:45:00.000Z,010-1405-4835,1,"{""user"":{""contact"":{""email"":""customer405@example.com""}},""source"":""mock-csv"",""campaign"":""organic""}",repeat buyer / sample row 405,ok
406,USR-00406,ORD-00406,customer406@asklake.io,634.56,KOR,2026-07-03T19:46:00.000Z,010-1406-4842,2,"{""user"":{""contact"":{""email"":""customer406@asklake.io""}},""source"":""mock-csv"",""campaign"":""summer""}",premium item / sample row 406,ok
407,USR-00407,ORD-00407,customer407@shop.test,671.57,JPN,2026-07-04T20:47:00.000Z,010-1407-4849,3,"{""user"":{""contact"":{""email"":""customer407@shop.test""}},""source"":""mock-csv"",""campaign"":""organic""}",support contacted / sample row 407,ok
408,USR-00408,ORD-00408,customer408@acme.com,708.58,USA,2026-07-01T09:48:00.000Z,010-1408-4856,4,"{""user"":{""contact"":{""email"":""customer408@acme.com""}},""source"":""mock-csv"",""campaign"":""summer""}",fast delivery / sample row 408,ok
409,USR-00409,ORD-00409,customer409@example.com,745.59,KOR,2026-07-02T10:49:00.000Z,010-1409-4863,5,"{""user"":{""contact"":{""email"":""customer409@example.com""}},""source"":""mock-csv"",""campaign"":""organic""}",clean packaging / sample row 409,ok
410,USR-00410,ORD-00410,customer410@asklake.io,782.60,JPN,2026-07-03T11:50:00.000Z,010-1410-4870,1,"{""user"":{""contact"":{""email"":""customer410@asklake.io""}},""source"":""mock-csv"",""campaign"":""summer""}",needs follow up / sample row 410,ok
411,USR-00411,ORD-00411,customer411@shop.test,819.61,USA,2026-07-04T12:51:00.000Z,010-1411-4877,2,"{""user"":{""contact"":{""email"":""customer411@shop.test""}},""source"":""mock-csv"",""campaign"":""organic""}",great value / sample row 411,ok
412,USR-00412,ORD-00412,customer412@acme.com,856.62,KOR,2026-07-01T13:52:00.000Z,010-1412-4884,3,"{""user"":{""contact"":{""email"":""customer412@acme.com""}},""source"":""mock-csv"",""campaign"":""summer""}",refund requested / sample row 412,ok
413,USR-00413,ORD-00413,customer413@example.com,893.63,JPN,2026-07-02T14:53:00.000Z,010-1413-4891,4,"{""user"":{""contact"":{""email"":""customer413@example.com""}},""source"":""mock-csv"",""campaign"":""organic""}",repeat buyer / sample row 413,ok
414,USR-00414,ORD-00414,customer414@asklake.io,30.64,USA,2026-07-03T15:54:00.000Z,010-1414-4898,5,"{""user"":{""contact"":{""email"":""customer414@asklake.io""}},""source"":""mock-csv"",""campaign"":""summer""}",premium item / sample row 414,ok
415,USR-00415,ORD-00415,customer415@shop.test,67.65,KOR,2026-07-04T16:55:00.000Z,010-1415-4905,1,"{""user"":{""contact"":{""email"":""customer415@shop.test""}},""source"":""mock-csv"",""campaign"":""organic""}",support contacted / sample row 415,ok
416,USR-00416,ORD-00416,customer416@acme.com,104.66,JPN,2026-07-01T17:56:00.000Z,010-1416-4912,2,"{""user"":{""contact"":{""email"":""customer416@acme.com""}},""source"":""mock-csv"",""campaign"":""summer""}",fast delivery / sample row 416,ok
417,USR-00417,ORD-00417,customer417@example.com,141.67,USA,2026-07-02T18:57:00.000Z,010-1417-4919,3,"{""user"":{""contact"":{""email"":""customer417@example.com""}},""source"":""mock-csv"",""campaign"":""organic""}",clean packaging / sample row 417,ok
418,USR-00418,ORD-00418,customer418@asklake.io,178.68,KOR,2026-07-03T19:58:00.000Z,010-1418-4926,4,"{""user"":{""contact"":{""email"":""customer418@asklake.io""}},""source"":""mock-csv"",""campaign"":""summer""}",needs follow up / sample row 418,ok
419,USR-00419,ORD-00419,customer419@shop.test,215.69,JPN,2026-07-04T20:59:00.000Z,010-1419-4933,5,"{""user"":{""contact"":{""email"":""customer419@shop.test""}},""source"":""mock-csv"",""campaign"":""organic""}",great value / sample row 419,ok
420,USR-00420,ORD-00420,customer420@acme.com,252.70,USA,2026-07-01T09:00:00.000Z,010-1420-4940,1,"{""user"":{""contact"":{""email"":""customer420@acme.com""}},""source"":""mock-csv"",""campaign"":""summer""}",refund requested / sample row 420,ok
421,USR-00421,ORD-00421,customer421@example.com,289.71,KOR,2026-07-02T10:01:00.000Z,010-1421-4947,2,"{""user"":{""contact"":{""email"":""customer421@example.com""}},""source"":""mock-csv"",""campaign"":""organic""}",repeat buyer / sample row 421,ok
422,USR-00422,ORD-00421,customer422@asklake.io,326.72,JPN,2026-07-03T11:02:00.000Z,010-1422-4954,3,"{""user"":{""contact"":{""email"":""customer422@asklake.io""}},""source"":""mock-csv"",""campaign"":""summer""}",premium item / sample row 422,duplicate_order_id
423,USR-00423,ORD-00423,customer423@shop.test,363.73,USA,2026-07-04T12:03:00.000Z,010-1423-4961,4,"{""user"":{""contact"":{""email"":""customer423@shop.test""}},""source"":""mock-csv"",""campaign"":""organic""}",support contacted / sample row 423,ok
424,USR-00424,ORD-00424,customer424@acme.com,400.74,KOR,2026-07-01T13:04:00.000Z,010-1424-4968,5,"{""user"":{""contact"":{""email"":""customer424@acme.com""}},""source"":""mock-csv"",""campaign"":""summer""}",fast delivery / sample row 424,ok
425,USR-00425,ORD-00425,customer425@example.com,437.75,JPN,2026-07-02T14:05:00.000Z,010-1425-4975,1,"{""user"":{""contact"":{""email"":""customer425@example.com""}},""source"":""mock-csv"",""campaign"":""organic""}",clean packaging / sample row 425,ok
426,USR-00426,ORD-00426,customer426@asklake.io,474.76,USA,2026-07-03T15:06:00.000Z,010-1426-4982,2,"{""user"":{""contact"":{""email"":""customer426@asklake.io""}},""source"":""mock-csv"",""campaign"":""summer""}",needs follow up / sample row 426,ok
427,USR-00427,ORD-00427,customer427@shop.test,511.77,KOR,2026-07-04T16:07:00.000Z,010-1427-4989,3,"{""user"":{""contact"":{""email"":""customer427@shop.test""}},""source"":""mock-csv"",""campaign"":""organic""}",great value / sample row 427,ok
428,USR-00428,ORD-00428,customer428@acme.com,548.78,JPN,2026-07-01T17:08:00.000Z,010-1428-4996,4,"{""user"":{""contact"":{""email"":""customer428@acme.com""}},""source"":""mock-csv"",""campaign"":""summer""}",refund requested / sample row 428,ok
429,USR-00429,ORD-00429,customer429@example.com,585.79,USA,2026-07-02T18:09:00.000Z,010-1429-5003,5,"{""user"":{""contact"":{""email"":""customer429@example.com""}},""source"":""mock-csv"",""campaign"":""organic""}",repeat buyer / sample row 429,ok
430,USR-00430,ORD-00430,customer430@asklake.io,622.80,KOR,2026-07-03T19:10:00.000Z,010-1430-5010,1,"{""user"":{""contact"":{""email"":""customer430@asklake.io""}},""source"":""mock-csv"",""campaign"":""summer""}",premium item / sample row 430,ok
431,USR-00431,ORD-00431,customer431@shop.test,659.81,JPN,2026-07-04T20:11:00.000Z,010-1431-5017,2,"{""user"":{""contact"":{""email"":""customer431@shop.test""}},""source"":""mock-csv"",""campaign"":""organic""}",support contacted / sample row 431,ok
432,USR-00432,ORD-00432,customer432@acme.com,696.82,USA,2026-07-01T09:12:00.000Z,010-1432-5024,3,"{""user"":{""contact"":{""email"":""customer432@acme.com""}},""source"":""mock-csv"",""campaign"":""summer""}",fast delivery / sample row 432,ok
433,USR-00433,ORD-00433,customer433@example.com,733.83,KOR,2026-07-02T10:13:00.000Z,010-1433-5031,4,"{""user"":{""contact"":{""email"":""customer433@example.com""}},""source"":""mock-csv"",""campaign"":""organic""}",clean packaging / sample row 433,ok
434,USR-00434,ORD-00434,customer434@asklake.io,770.84,JPN,2026-07-03T11:14:00.000Z,010-1434-5038,5,"{""user"":{""contact"":{""email"":""customer434@asklake.io""}},""source"":""mock-csv"",""campaign"":""summer""}",needs follow up / sample row 434,ok
435,USR-00435,ORD-00435,customer435@shop.test,807.85,USA,2026-07-04T12:15:00.000Z,010-1435-5045,1,"{""user"":{""contact"":{""email"":""customer435@shop.test""}},""source"":""mock-csv"",""campaign"":""organic""}",great value / sample row 435,ok
436,USR-00436,ORD-00436,customer436@acme.com,844.86,KOR,2026-07-01T13:16:00.000Z,010-1436-5052,2,"{""user"":{""contact"":{""email"":""customer436@acme.com""}},""source"":""mock-csv"",""campaign"":""summer""}",refund requested / sample row 436,ok
437,USR-00437,ORD-00437,customer437@example.com,881.87,JPN,2026-07-02T14:17:00.000Z,010-1437-5059,3,"{""user"":{""contact"":{""email"":""customer437@example.com""}},""source"":""mock-csv"",""campaign"":""organic""}",repeat buyer / sample row 437,ok
438,USR-00438,ORD-00438,customer438@asklake.io,18.88,USA,2026-07-03T15:18:00.000Z,010-1438-5066,4,"{""user"":{""contact"":{""email"":""customer438@asklake.io""}},""source"":""mock-csv"",""campaign"":""summer""}",premium item / sample row 438,ok
439,USR-00439,ORD-00439,customer439@shop.test,55.89,KOR,2026-07-04T16:19:00.000Z,010-1439-5073,5,"{""user"":{""contact"":{""email"":""customer439@shop.test""}},""source"":""mock-csv"",""campaign"":""organic""}",support contacted / sample row 439,ok
440,USR-00440,ORD-00440,customer440@acme.com,92.90,JPN,2026-07-01T17:20:00.000Z,010-1440-5080,1,"{""user"":{""contact"":{""email"":""customer440@acme.com""}},""source"":""mock-csv"",""campaign"":""summer""}",fast delivery / sample row 440,ok
441,USR-00441,ORD-00441,customer441@example.com,129.91,USA,2026-07-02T18:21:00.000Z,010-1441-5087,2,"{""user"":{""contact"":{""email"":""customer441@example.com""}},""source"":""mock-csv"",""campaign"":""organic""}",clean packaging / sample row 441,ok
442,USR-00442,ORD-00442,customer442@asklake.io,166.92,KOR,2026-07-03T19:22:00.000Z,010-1442-5094,3,"{""user"":{""contact"":{""email"":""customer442@asklake.io""}},""source"":""mock-csv"",""campaign"":""summer""}",needs follow up / sample row 442,ok
443,USR-00443,ORD-00443,customer443@shop.test,203.93,JPN,2026-07-04T20:23:00.000Z,010-1443-5101,4,"{""user"":{""contact"":{""email"":""customer443@shop.test""}},""source"":""mock-csv"",""campaign"":""organic""}",great value / sample row 443,ok
444,USR-00444,ORD-00444,customer444@acme.com,240.94,USA,2026-07-01T09:24:00.000Z,010-1444-5108,5,"{""user"":{""contact"":{""email"":""customer444@acme.com""}},""source"":""mock-csv"",""campaign"":""summer""}",refund requested / sample row 444,ok
445,USR-00445,ORD-00445,customer445@example.com,277.95,BRA,2026-07-02T10:25:00.000Z,010-1445-5115,1,"{""user"":{""contact"":{""email"":""customer445@example.com""}},""source"":""mock-csv"",""campaign"":""organic""}",repeat buyer / sample row 445,country_not_allowed
446,USR-00446,ORD-00446,customer446@asklake.io,314.96,JPN,2026-07-03T11:26:00.000Z,010-1446-5122,2,"{""user"":{""contact"":{""email"":""customer446@asklake.io""}},""source"":""mock-csv"",""campaign"":""summer""}",premium item / sample row 446,ok
447,USR-00447,ORD-00447,customer447@shop.test,351.97,USA,2026-07-04T12:27:00.000Z,010-1447-5129,3,"{""user"":{""contact"":{""email"":""customer447@shop.test""}},""source"":""mock-csv"",""campaign"":""organic""}",support contacted / sample row 447,ok
448,USR-00448,ORD-00448,customer448@acme.com,388.98,KOR,2026-07-01T13:28:00.000Z,010-1448-5136,4,"{""user"":{""contact"":{""email"":""customer448@acme.com""}},""source"":""mock-csv"",""campaign"":""summer""}",fast delivery / sample row 448,ok
449,USR-00449,ORD-00449,customer449@example.com,425.99,JPN,2026-07-02T14:29:00.000Z,010-1449-5143,5,"{""user"":{""contact"":{""email"":""customer449@example.com""}},""source"":""mock-csv"",""campaign"":""organic""}",clean packaging / sample row 449,ok
450,USR-00450,ORD-00450,customer450@asklake.io,463.00,USA,2026-07-03T15:30:00.000Z,010-1450-5150,1,"{""user"":{""contact"":{""email"":""customer450@asklake.io""}},""source"":""mock-csv"",""campaign"":""summer""}",needs follow up / sample row 450,ok
451,USR-00451,ORD-00451,customer451@shop.test,500.01,KOR,2026-07-04T16:31:00.000Z,010-1451-5157,2,"{""user"":{""contact"":{""email"":""customer451@shop.test""}},""source"":""mock-csv"",""campaign"":""organic""}",great value / sample row 451,ok
452,,ORD-00452,customer452@acme.com,537.02,JPN,2026-07-01T17:32:00.000Z,010-1452-5164,3,"{""user"":{""contact"":{""email"":""customer452@acme.com""}},""source"":""mock-csv"",""campaign"":""summer""}",refund requested / sample row 452,missing user_id
453,USR-00453,ORD-00453,customer453@example.com,574.03,USA,2026-07-02T18:33:00.000Z,010-1453-5171,4,"{""user"":{""contact"":{""email"":""customer453@example.com""}},""source"":""mock-csv"",""campaign"":""organic""}",repeat buyer / sample row 453,ok
454,USR-00454,ORD-00454,customer454@asklake.io,611.04,KOR,2026-07-03T19:34:00.000Z,010-1454-5178,5,"{""user"":{""contact"":{""email"":""customer454@asklake.io""}},""source"":""mock-csv"",""campaign"":""summer""}",premium item / sample row 454,ok
455,USR-00455,ORD-00455,customer455@shop.test,648.05,JPN,2026-07-04T20:35:00.000Z,010-1455-5185,1,"{""user"":{""contact"":{""email"":""customer455@shop.test""}},""source"":""mock-csv"",""campaign"":""organic""}",support contacted / sample row 455,ok
456,USR-00456,ORD-00456,customer456@acme.com,685.06,USA,2026-07-01T09:36:00.000Z,010-1456-5192,2,"{""user"":{""contact"":{""email"":""customer456@acme.com""}},""source"":""mock-csv"",""campaign"":""summer""}",fast delivery / sample row 456,ok
457,USR-00457,ORD-00457,customer457@example.com,722.07,KOR,2026-07-02T10:37:00.000Z,010-1457-5199,3,"{""user"":{""contact"":{""email"":""customer457@example.com""}},""source"":""mock-csv"",""campaign"":""organic""}",clean packaging / sample row 457,ok
458,USR-00458,ORD-00458,customer458@asklake.io,759.08,JPN,2026-07-03T11:38:00.000Z,010-1458-5206,4,"{""user"":{""contact"":{""email"":""customer458@asklake.io""}},""source"":""mock-csv"",""campaign"":""summer""}",needs follow up / sample row 458,ok
459,USR-00459,ORD-00459,customer459@shop.test,796.09,USA,2026-07-04T12:39:00.000Z,010-1459-5213,5,"{""user"":{""contact"":{""email"":""customer459@shop.test""}},""source"":""mock-csv"",""campaign"":""organic""}",great value / sample row 459,ok
460,USR-00460,ORD-00460,customer460@acme.com,833.10,KOR,2026-07-01T13:40:00.000Z,010-1460-5220,1,"{""user"":{""contact"":{""email"":""customer460@acme.com""}},""source"":""mock-csv"",""campaign"":""summer""}",refund requested / sample row 460,ok
461,USR-00461,ORD-00461,customer461@example.com,870.11,JPN,2026-07-02T14:41:00.000Z,010-1461-5227,2,"{""user"":{""contact"":{""email"":""customer461@example.com""}},""source"":""mock-csv"",""campaign"":""organic""}",repeat buyer / sample row 461,ok
462,USR-00462,ORD-00462,customer462@asklake.io,907.12,USA,2026-07-03T15:42:00.000Z,010-1462-5234,3,"{""user"":{""contact"":{""email"":""customer462@asklake.io""}},""source"":""mock-csv"",""campaign"":""summer""}",premium item / sample row 462,ok
463,USR-00463,ORD-00463,customer463@shop.test,44.13,KOR,2026-07-04T16:43:00.000Z,010-1463-5241,4,"{""user"":{""contact"":{""email"":""customer463@shop.test""}},""source"":""mock-csv"",""campaign"":""organic""}",support contacted / sample row 463,ok
464,USR-00464,ORD-00464,customer464@acme.com,81.14,JPN,2026-07-01T17:44:00.000Z,010-1464-5248,5,"{""user"":{""contact"":{""email"":""customer464@acme.com""}},""source"":""mock-csv"",""campaign"":""summer""}",fast delivery / sample row 464,ok
465,USR-00465,ORD-00465,customer465@example.com,118.15,USA,2026-07-02T18:45:00.000Z,010-1465-5255,1,"{""user"":{""contact"":{""email"":""customer465@example.com""}},""source"":""mock-csv"",""campaign"":""organic""}",clean packaging / sample row 465,ok
466,USR-00466,ORD-00466,customer466@asklake.io,155.16,KOR,2026-07-03T19:46:00.000Z,010-1466-5262,2,"{""user"":{""contact"":{""email"":""customer466@asklake.io""}},""source"":""mock-csv"",""campaign"":""summer""}",needs follow up / sample row 466,ok
467,USR-00467,ORD-00467,customer467@shop.test,192.17,JPN,2026-07-04T20:47:00.000Z,010-1467-5269,3,"{""user"":{""contact"":{""email"":""customer467@shop.test""}},""source"":""mock-csv"",""campaign"":""organic""}",great value / sample row 467,ok
468,USR-00468,ORD-00468,customer468@acme.com,229.18,USA,2026-07-01T09:48:00.000Z,010-1468-5276,4,"{""user"":{""contact"":{""email"":""customer468@acme.com""}},""source"":""mock-csv"",""campaign"":""summer""}",refund requested / sample row 468,ok
469,USR-00469,ORD-00469,customer469@example.com,266.19,KOR,2026-07-02T10:49:00.000Z,010-1469-5283,5,"{""user"":{""contact"":{""email"":""customer469@example.com""}},""source"":""mock-csv"",""campaign"":""organic""}",repeat buyer / sample row 469,ok
470,USR-00470,ORD-00470,customer470@asklake.io,303.20,JPN,2026-07-03T11:50:00.000Z,010-1470-5290,1,"{""user"":{""contact"":{""email"":""customer470@asklake.io""}},""source"":""mock-csv"",""campaign"":""summer""}",premium item / sample row 470,ok
471,USR-00471,ORD-00471,customer471@shop.test,340.21,USA,2026-07-04T12:51:00.000Z,010-1471-5297,2,"{""user"":{""contact"":{""email"":""customer471@shop.test""}},""source"":""mock-csv"",""campaign"":""organic""}",support contacted / sample row 471,ok
472,USR-00472,ORD-00472,customer472@acme.com,377.22,KOR,2026-07-01T13:52:00.000Z,010-1472-5304,3,"{""user"":{""contact"":{""email"":""customer472@acme.com""}},""source"":""mock-csv"",""campaign"":""summer""}",fast delivery / sample row 472,ok
473,USR-00473,ORD-00473,customer473@example.com,414.23,JPN,2026-07-02T14:53:00.000Z,010-1473-5311,4,"{""user"":{""contact"":{""email"":""customer473@example.com""}},""source"":""mock-csv"",""campaign"":""organic""}",clean packaging / sample row 473,ok
474,USR-00474,ORD-00474,customer474@asklake.io,451.24,USA,2026-07-03T15:54:00.000Z,010-1474-5318,5,"{""user"":{""contact"":{""email"":""customer474@asklake.io""}},""source"":""mock-csv"",""campaign"":""summer""}",needs follow up / sample row 474,ok
475,USR-00475,ORD-00475,customer475@shop.test,488.25,KOR,2026-07-04T16:55:00.000Z,010-1475-5325,1,"{""user"":{""contact"":{""email"":""customer475@shop.test""}},""source"":""mock-csv"",""campaign"":""organic""}",great value / sample row 475,ok
476,USR-00476,ORD-00476,customer476@acme.com,525.26,JPN,2026-07-01T17:56:00.000Z,010-1476-5332,2,"{""user"":{""contact"":{""email"":""customer476@acme.com""}},""source"":""mock-csv"",""campaign"":""summer""}",refund requested / sample row 476,ok
477,USR-00477,ORD-00477,customer477@example.com,562.27,USA,2026-07-02T18:57:00.000Z,010-1477-5339,3,"{""user"":{""contact"":{""email"":""customer477@example.com""}},""source"":""mock-csv"",""campaign"":""organic""}",repeat buyer / sample row 477,ok
478,USR-00478,ORD-00478,customer478@asklake.io,599.28,KOR,2026-07-03T19:58:00.000Z,010-1478-5346,4,"{""user"":{""contact"":{""email"":""customer478@asklake.io""}},""source"":""mock-csv"",""campaign"":""summer""}",premium item / sample row 478,ok
479,USR-00479,ORD-00479,customer479@shop.test,636.29,JPN,2026-07-04T20:59:00.000Z,010-1479-5353,5,"{""user"":{""contact"":{""email"":""customer479@shop.test""}},""source"":""mock-csv"",""campaign"":""organic""}",support contacted / sample row 479,ok
480,USR-00480,ORD-00480,customer480@acme.com,673.30,USA,2026-07-01T09:00:00.000Z,010-1480-5360,1,"{""user"":{""contact"":{""email"":""customer480@acme.com""}},""source"":""mock-csv"",""campaign"":""summer""}",fast delivery / sample row 480,ok
481,USR-00481,ORD-00481,customer481@example.com,710.31,KOR,2026-07-02T10:01:00.000Z,010-1481-5367,2,"{""user"":{""contact"":{""email"":""customer481@example.com""}},""source"":""mock-csv"",""campaign"":""organic""}",clean packaging / sample row 481,ok
482,USR-00482,ORD-00482,customer482@asklake.io,747.32,JPN,2026-07-03T11:02:00.000Z,010-1482-5374,3,"{""user"":{""contact"":{""email"":""customer482@asklake.io""}},""source"":""mock-csv"",""campaign"":""summer""}",needs follow up / sample row 482,ok
483,USR-00483,ORD-00483,customer483@shop.test,784.33,USA,2026-07-04T12:03:00.000Z,010-1483-5381,4,"{""user"":{""contact"":{""email"":""customer483@shop.test""}},""source"":""mock-csv"",""campaign"":""organic""}",great value / sample row 483,ok
484,USR-00484,ORD-00484,customer484@acme.com,821.34,KOR,2026-07-01T13:04:00.000Z,010-1484-5388,5,"{""user"":{""contact"":{""email"":""customer484@acme.com""}},""source"":""mock-csv"",""campaign"":""summer""}",refund requested / sample row 484,ok
485,USR-00485,ORD-00485,customer485@example.com,-10.00,JPN,2026-07-02T14:05:00.000Z,010-1485-5395,1,"{""user"":{""contact"":{""email"":""customer485@example.com""}},""source"":""mock-csv"",""campaign"":""organic""}",repeat buyer / sample row 485,non_positive_price
486,USR-00486,ORD-00486,customer486@asklake.io,895.36,USA,2026-07-03T15:06:00.000Z,010-1486-5402,2,"{""user"":{""contact"":{""email"":""customer486@asklake.io""}},""source"":""mock-csv"",""campaign"":""summer""}",premium item / sample row 486,ok
487,USR-00487,ORD-00487,customer487@shop.test,32.37,KOR,2026-07-04T16:07:00.000Z,010-1487-5409,3,"{""user"":{""contact"":{""email"":""customer487@shop.test""}},""source"":""mock-csv"",""campaign"":""organic""}",support contacted / sample row 487,ok
488,USR-00488,ORD-00488,customer488@acme.com,69.38,JPN,2026-07-01T17:08:00.000Z,010-1488-5416,4,"{""user"":{""contact"":{""email"":""customer488@acme.com""}},""source"":""mock-csv"",""campaign"":""summer""}",fast delivery / sample row 488,ok
489,USR-00489,ORD-00489,customer489@example.com,106.39,USA,2026-07-02T18:09:00.000Z,010-1489-5423,5,"{""user"":{""contact"":{""email"":""customer489@example.com""}},""source"":""mock-csv"",""campaign"":""organic""}",clean packaging / sample row 489,ok
490,USR-00490,ORD-00490,customer490@asklake.io,143.40,KOR,2026-07-03T19:10:00.000Z,010-1490-5430,1,"{""user"":{""contact"":{""email"":""customer490@asklake.io""}},""source"":""mock-csv"",""campaign"":""summer""}",needs follow up / sample row 490,ok
491,USR-00491,ORD-00491,customer491@shop.test,180.41,JPN,2026-07-04T20:11:00.000Z,010-1491-5437,2,"{""user"":{""contact"":{""email"":""customer491@shop.test""}},""source"":""mock-csv"",""campaign"":""organic""}",great value / sample row 491,ok
492,USR-00492,ORD-00492,customer492@acme.com,217.42,USA,2026-07-01T09:12:00.000Z,010-1492-5444,3,"{""user"":{""contact"":{""email"":""customer492@acme.com""}},""source"":""mock-csv"",""campaign"":""summer""}",refund requested / sample row 492,ok
493,USR-00493,ORD-00493,customer493@example.com,254.43,KOR,2026-07-02T10:13:00.000Z,010-1493-5451,4,"{""user"":{""contact"":{""email"":""customer493@example.com""}},""source"":""mock-csv"",""campaign"":""organic""}",repeat buyer / sample row 493,ok
494,USR-00494,ORD-00494,customer494@asklake.io,291.44,JPN,2026-07-03T11:14:00.000Z,010-1494-5458,5,"{""user"":{""contact"":{""email"":""customer494@asklake.io""}},""source"":""mock-csv"",""campaign"":""summer""}",premium item / sample row 494,ok
495,USR-00495,ORD-00495,customer495@shop.test,328.45,USA,2026-07-04T12:15:00.000Z,010-1495-5465,1,"{""user"":{""contact"":{""email"":""customer495@shop.test""}},""source"":""mock-csv"",""campaign"":""organic""}",support contacted / sample row 495,ok
496,USR-00496,ORD-00496,customer496@acme.com,365.46,KOR,2026-07-01T13:16:00.000Z,010-1496-5472,2,"{""user"":{""contact"":{""email"":""customer496@acme.com""}},""source"":""mock-csv"",""campaign"":""summer""}",fast delivery / sample row 496,ok
497,USR-00497,ORD-00497,customer497@example.com,402.47,JPN,2026-07-02T14:17:00.000Z,010-1497-5479,3,"{""user"":{""contact"":{""email"":""customer497@example.com""}},""source"":""mock-csv"",""campaign"":""organic""}",clean packaging / sample row 497,ok
498,USR-00498,ORD-00498,customer498@asklake.io,439.48,USA,2026-07-03T15:18:00.000Z,010-1498-5486,4,"{""user"":{""contact"":{""email"":""customer498@asklake.io""}},""source"":""mock-csv"",""campaign"":""summer""}",needs follow up / sample row 498,ok
499,USR-00499,ORD-00499,customer499@shop.test,476.49,KOR,2026-07-04T16:19:00.000Z,010-1499-5493,5,"{""user"":{""contact"":{""email"":""customer499@shop.test""}},""source"":""mock-csv"",""campaign"":""organic""}",great value / sample row 499,ok
500,USR-00500,ORD-00500,customer500@acme.com,512.50,JPN,2026-07-01T17:20:00.000Z,010-1500-5500,1,"{""user"":{""contact"":{""email"":""customer500@acme.com""}},""source"":""mock-csv"",""campaign"":""summer""}",refund requested / sample row 500,ok
501,USR-00501,ORD-00501,customer501@example.com,549.51,USA,2026-07-02T18:21:00.000Z,010-1501-5507,2,"{""user"":{""contact"":{""email"":""customer501@example.com""}},""source"":""mock-csv"",""campaign"":""organic""}",repeat buyer / sample row 501,ok
502,USR-00502,ORD-00502,customer502@asklake.io,586.52,KOR,2026-07-03T19:22:00.000Z,010-1502-5514,3,"{""user"":{""contact"":{""email"":""customer502@asklake.io""}},""source"":""mock-csv"",""campaign"":""summer""}",premium item / sample row 502,ok
503,USR-00503,ORD-00503,customer503@shop.test,623.53,JPN,2026-07-04T20:23:00.000Z,010-1503-5521,4,"{""user"":{""contact"":{""email"":""customer503@shop.test""}},""source"":""mock-csv"",""campaign"":""organic""}",support contacted / sample row 503,ok
504,USR-00504,ORD-00504,customer504@acme.com,660.54,USA,2026-07-01T09:24:00.000Z,010-1504-5528,5,"{""user"":{""contact"":{""email"":""customer504@acme.com""}},""source"":""mock-csv"",""campaign"":""summer""}",fast delivery / sample row 504,ok
505,USR-00505,ORD-00505,customer505@example.com,697.55,KOR,2026-07-02T10:25:00.000Z,010-1505-5535,1,"{""user"":{""contact"":{""email"":""customer505@example.com""}},""source"":""mock-csv"",""campaign"":""organic""}",clean packaging / sample row 505,ok
506,USR-00506,ORD-00506,customer506@asklake.io,734.56,JPN,2026-07-03T11:26:00.000Z,010-1506-5542,2,"{""user"":{""contact"":{""email"":""customer506@asklake.io""}},""source"":""mock-csv"",""campaign"":""summer""}",needs follow up / sample row 506,ok
507,USR-00507,ORD-00507,customer507@shop.test,771.57,USA,2026-07-04T12:27:00.000Z,010-1507-5549,3,"{""user"":{""contact"":{""email"":""customer507@shop.test""}},""source"":""mock-csv"",""campaign"":""organic""}",great value / sample row 507,ok
508,USR-00508,ORD-00508,customer508@acme.com,808.58,KOR,2026-07-01T13:28:00.000Z,010-1508-5556,4,"{""user"":{""contact"":{""email"":""customer508@acme.com""}},""source"":""mock-csv"",""campaign"":""summer""}",refund requested / sample row 508,ok
509,USR-00509,ORD-00509,customer509@example.com,845.59,JPN,2026-07-02T14:29:00.000Z,010-1509-5563,5,"{""user"":{""contact"":{""email"":""customer509@example.com""}},""source"":""mock-csv"",""campaign"":""organic""}",repeat buyer / sample row 509,ok
510,USR-00510,ORD-00510,customer510@asklake.io,882.60,USA,2026-07-03T15:30:00.000Z,010-1510-5570,1,"{""user"":{""contact"":{""email"":""customer510@asklake.io""}},""source"":""mock-csv"",""campaign"":""summer""}",premium item / sample row 510,ok
511,USR-00511,ORD-00511,customer511@shop.test,19.61,KOR,2026-07-04T16:31:00.000Z,010-1511-5577,2,"{""user"":{""contact"":{""email"":""customer511@shop.test""}},""source"":""mock-csv"",""campaign"":""organic""}",support contacted / sample row 511,ok
512,USR-00512,ORD-00512,customer512@acme.com,56.62,JPN,2026-07-01T17:32:00.000Z,010-1512-5584,3,"{""user"":{""contact"":{""email"":""customer512@acme.com""}},""source"":""mock-csv"",""campaign"":""summer""}",fast delivery / sample row 512,ok
513,USR-00513,ORD-00513,customer513@example.com,93.63,USA,2026-07-02T18:33:00.000Z,010-1513-5591,4,"{""user"":{""contact"":{""email"":""customer513@example.com""}},""source"":""mock-csv"",""campaign"":""organic""}",clean packaging / sample row 513,ok
514,USR-00514,ORD-00514,customer514@asklake.io,130.64,KOR,2026-07-03T19:34:00.000Z,010-1514-5598,5,"{""user"":{""contact"":{""email"":""customer514@asklake.io""}},""source"":""mock-csv"",""campaign"":""summer""}",needs follow up / sample row 514,ok
515,USR-00515,ORD-00515,customer515@shop.test,167.65,JPN,2026-07-04T20:35:00.000Z,010-1515-5605,1,"{""user"":{""contact"":{""email"":""customer515@shop.test""}},""source"":""mock-csv"",""campaign"":""organic""}",great value / sample row 515,ok
516,USR-00516,ORD-00516,customer516@acme.com,204.66,USA,2026-07-01T09:36:00.000Z,010-1516-5612,2,"{""user"":{""contact"":{""email"":""customer516@acme.com""}},""source"":""mock-csv"",""campaign"":""summer""}",refund requested / sample row 516,ok
517,USR-00517,ORD-00517,customer517@example.com,241.67,KOR,2026-07-02T10:37:00.000Z,010-1517-5619,3,"{""user"":{""contact"":{""email"":""customer517@example.com""}},""source"":""mock-csv"",""campaign"":""organic""}",repeat buyer / sample row 517,ok
518,USR-00518,ORD-00518,customer518@asklake.io,278.68,JPN,2026-07-03T11:38:00.000Z,010-1518-5626,4,"{""user"":{""contact"":{""email"":""customer518@asklake.io""}},""source"":""mock-csv"",""campaign"":""summer""}",premium item / sample row 518,ok
519,USR-00519,ORD-00519,customer519@shop.test,315.69,USA,2026-07-04T12:39:00.000Z,010-1519-5633,5,"{""user"":{""contact"":{""email"":""customer519@shop.test""}},""source"":""mock-csv"",""campaign"":""organic""}",support contacted / sample row 519,ok
520,USR-00520,ORD-00520,customer520@acme.com,352.70,KOR,2026-07-01T13:40:00.000Z,010-1520-5640,1,"{""user"":{""contact"":{""email"":""customer520@acme.com""}},""source"":""mock-csv"",""campaign"":""summer""}",fast delivery / sample row 520,ok
521,USR-00521,ORD-00521,customer521@example.com,389.71,JPN,2026-07-02T14:41:00.000Z,010-1521-5647,2,"{""user"":{""contact"":{""email"":""customer521@example.com""}},""source"":""mock-csv"",""campaign"":""organic""}",clean packaging / sample row 521,ok
522,USR-00522,ORD-00522,customer522@asklake.io,426.72,USA,2026-07-03T15:42:00.000Z,010-1522-5654,3,"{""user"":{""contact"":{""email"":""customer522@asklake.io""}},""source"":""mock-csv"",""campaign"":""summer""}",needs follow up / sample row 522,ok
523,USR-00523,ORD-00523,customer523@shop.test,463.73,KOR,2026-07-04T16:43:00.000Z,010-1523-5661,4,"{""user"":{""contact"":{""email"":""customer523@shop.test""}},""source"":""mock-csv"",""campaign"":""organic""}",great value / sample row 523,ok
524,USR-00524,ORD-00524,customer524_invalid_email,500.74,JPN,2026-07-01T17:44:00.000Z,010-1524-5668,5,"{""user"":{""contact"":{""email"":""customer524_invalid_email""}},""source"":""mock-csv"",""campaign"":""summer""}",refund requested / sample row 524,invalid_email
525,USR-00525,ORD-00525,customer525@example.com,537.75,USA,2026-07-02T18:45:00.000Z,010-1525-5675,1,"{""user"":{""contact"":{""email"":""customer525@example.com""}},""source"":""mock-csv"",""campaign"":""organic""}",repeat buyer / sample row 525,ok
526,USR-00526,ORD-00526,customer526@asklake.io,574.76,KOR,2026-07-03T19:46:00.000Z,010-1526-5682,2,"{""user"":{""contact"":{""email"":""customer526@asklake.io""}},""source"":""mock-csv"",""campaign"":""summer""}",premium item / sample row 526,ok
527,USR-00527,ORD-00527,customer527@shop.test,611.77,JPN,2026-07-04T20:47:00.000Z,010-1527-5689,3,"{""user"":{""contact"":{""email"":""customer527@shop.test""}},""source"":""mock-csv"",""campaign"":""organic""}",support contacted / sample row 527,ok
528,USR-00528,ORD-00528,customer528@acme.com,648.78,USA,2026-07-01T09:48:00.000Z,010-1528-5696,4,"{""user"":{""contact"":{""email"":""customer528@acme.com""}},""source"":""mock-csv"",""campaign"":""summer""}",fast delivery / sample row 528,ok
529,USR-00529,ORD-00529,customer529@example.com,685.79,KOR,2026-07-02T10:49:00.000Z,010-1529-5703,5,"{""user"":{""contact"":{""email"":""customer529@example.com""}},""source"":""mock-csv"",""campaign"":""organic""}",clean packaging / sample row 529,ok
530,USR-00530,ORD-00530,customer530@asklake.io,722.80,JPN,2026-07-03T11:50:00.000Z,010-1530-5710,1,"{""user"":{""contact"":{""email"":""customer530@asklake.io""}},""source"":""mock-csv"",""campaign"":""summer""}",needs follow up / sample row 530,ok
531,USR-00531,ORD-00531,customer531@shop.test,759.81,USA,2026-07-04T12:51:00.000Z,010-1531-5717,2,"{""user"":{""contact"":{""email"":""customer531@shop.test""}},""source"":""mock-csv"",""campaign"":""organic""}",great value / sample row 531,ok
532,USR-00532,ORD-00532,customer532@acme.com,796.82,KOR,2026-07-01T13:52:00.000Z,010-1532-5724,3,"{""user"":{""contact"":{""email"":""customer532@acme.com""}},""source"":""mock-csv"",""campaign"":""summer""}",refund requested / sample row 532,ok
533,USR-00533,ORD-00533,customer533@example.com,833.83,JPN,2026-07-02T14:53:00.000Z,010-1533-5731,4,"{""user"":{""contact"":{""email"":""customer533@example.com""}},""source"":""mock-csv"",""campaign"":""organic""}",repeat buyer / sample row 533,ok
534,USR-00534,ORD-00534,customer534@asklake.io,870.84,BRA,2026-07-03T15:54:00.000Z,010-1534-5738,5,"{""user"":{""contact"":{""email"":""customer534@asklake.io""}},""source"":""mock-csv"",""campaign"":""summer""}",premium item / sample row 534,country_not_allowed
535,USR-00535,ORD-00535,customer535@shop.test,907.85,KOR,2026-07-04T16:55:00.000Z,010-1535-5745,1,"{""user"":{""contact"":{""email"":""customer535@shop.test""}},""source"":""mock-csv"",""campaign"":""organic""}",support contacted / sample row 535,ok
536,USR-00536,ORD-00536,customer536@acme.com,44.86,JPN,2026-07-01T17:56:00.000Z,010-1536-5752,2,"{""user"":{""contact"":{""email"":""customer536@acme.com""}},""source"":""mock-csv"",""campaign"":""summer""}",fast delivery / sample row 536,ok
537,USR-00537,ORD-00537,customer537@example.com,81.87,USA,2026-07-02T18:57:00.000Z,010-1537-5759,3,"{""user"":{""contact"":{""email"":""customer537@example.com""}},""source"":""mock-csv"",""campaign"":""organic""}",clean packaging / sample row 537,ok
538,USR-00538,ORD-00538,customer538@asklake.io,118.88,KOR,2026-07-03T19:58:00.000Z,010-1538-5766,4,"{""user"":{""contact"":{""email"":""customer538@asklake.io""}},""source"":""mock-csv"",""campaign"":""summer""}",needs follow up / sample row 538,ok
539,USR-00539,ORD-00539,customer539@shop.test,155.89,JPN,2026-07-04T20:59:00.000Z,010-1539-5773,5,"{""user"":{""contact"":{""email"":""customer539@shop.test""}},""source"":""mock-csv"",""campaign"":""organic""}",great value / sample row 539,ok
540,USR-00540,ORD-00540,customer540@acme.com,192.90,USA,2026-07-01T09:00:00.000Z,010-1540-5780,1,"{""user"":{""contact"":{""email"":""customer540@acme.com""}},""source"":""mock-csv"",""campaign"":""summer""}",refund requested / sample row 540,ok
541,USR-00541,ORD-00541,customer541@example.com,229.91,KOR,2026-07-02T10:01:00.000Z,010-1541-5787,2,"{""user"":{""contact"":{""email"":""customer541@example.com""}},""source"":""mock-csv"",""campaign"":""organic""}",repeat buyer / sample row 541,ok
542,USR-00542,ORD-00542,customer542@asklake.io,266.92,JPN,2026-07-03T11:02:00.000Z,010-1542-5794,3,"{""user"":{""contact"":{""email"":""customer542@asklake.io""}},""source"":""mock-csv"",""campaign"":""summer""}",premium item / sample row 542,ok
543,USR-00543,ORD-00543,customer543@shop.test,303.93,USA,2026-07-04T12:03:00.000Z,010-1543-5801,4,"{""user"":{""contact"":{""email"":""customer543@shop.test""}},""source"":""mock-csv"",""campaign"":""organic""}",support contacted / sample row 543,ok
544,USR-00544,ORD-00544,customer544@acme.com,340.94,KOR,2026-07-01T13:04:00.000Z,010-1544-5808,5,"{""user"":{""contact"":{""email"":""customer544@acme.com""}},""source"":""mock-csv"",""campaign"":""summer""}",fast delivery / sample row 544,ok
545,USR-00545,ORD-00545,customer545@example.com,377.95,JPN,2026-07-02T14:05:00.000Z,010-1545-5815,1,"{""user"":{""contact"":{""email"":""customer545@example.com""}},""source"":""mock-csv"",""campaign"":""organic""}",clean packaging / sample row 545,ok
546,USR-00546,ORD-00546,customer546@asklake.io,414.96,USA,2026-07-03T15:06:00.000Z,010-1546-5822,2,"{""user"":{""contact"":{""email"":""customer546@asklake.io""}},""source"":""mock-csv"",""campaign"":""summer""}",needs follow up / sample row 546,ok
547,USR-00547,ORD-00547,customer547@shop.test,451.97,KOR,2026-07-04T16:07:00.000Z,010-1547-5829,3,"{""user"":{""contact"":{""email"":""customer547@shop.test""}},""source"":""mock-csv"",""campaign"":""organic""}",great value / sample row 547,ok
548,USR-00548,ORD-00548,customer548@acme.com,488.98,JPN,2026-07-01T17:08:00.000Z,010-1548-5836,4,"{""user"":{""contact"":{""email"":""customer548@acme.com""}},""source"":""mock-csv"",""campaign"":""summer""}",refund requested / sample row 548,ok
549,USR-00549,ORD-00549,customer549@example.com,525.99,USA,2026-07-02T18:09:00.000Z,010-1549-5843,5,"{""user"":{""contact"":{""email"":""customer549@example.com""}},""source"":""mock-csv"",""campaign"":""organic""}",repeat buyer / sample row 549,ok
550,USR-00550,ORD-00550,customer550@asklake.io,563.00,KOR,2026-07-03T19:10:00.000Z,010-1550-5850,1,"{""user"":{""contact"":{""email"":""customer550@asklake.io""}},""source"":""mock-csv"",""campaign"":""summer""}",premium item / sample row 550,ok
551,USR-00551,ORD-00551,customer551@shop.test,600.01,JPN,2026-07-04T20:11:00.000Z,010-1551-5857,2,"{""user"":{""contact"":{""email"":""customer551@shop.test""}},""source"":""mock-csv"",""campaign"":""organic""}",support contacted / sample row 551,ok
552,USR-00552,ORD-00552,customer552@acme.com,637.02,USA,2026-07-01T09:12:00.000Z,010-1552-5864,3,"{""user"":{""contact"":{""email"":""customer552@acme.com""}},""source"":""mock-csv"",""campaign"":""summer""}",fast delivery / sample row 552,ok
553,USR-00553,ORD-00553,customer553@example.com,674.03,KOR,2026-07-02T10:13:00.000Z,010-1553-5871,4,"{""user"":{""contact"":{""email"":""customer553@example.com""}},""source"":""mock-csv"",""campaign"":""organic""}",clean packaging / sample row 553,ok
554,USR-00554,ORD-00554,customer554@asklake.io,711.04,JPN,2026-07-03T11:14:00.000Z,010-1554-5878,5,"{""user"":{""contact"":{""email"":""customer554@asklake.io""}},""source"":""mock-csv"",""campaign"":""summer""}",needs follow up / sample row 554,ok
555,USR-00555,ORD-00555,customer555@shop.test,748.05,USA,2026-07-04T12:15:00.000Z,010-1555-5885,1,"{""user"":{""contact"":{""email"":""customer555@shop.test""}},""source"":""mock-csv"",""campaign"":""organic""}",great value / sample row 555,ok
556,USR-00556,ORD-00556,customer556@acme.com,785.06,KOR,2026-07-01T13:16:00.000Z,010-1556-5892,2,"{""user"":{""contact"":{""email"":""customer556@acme.com""}},""source"":""mock-csv"",""campaign"":""summer""}",refund requested / sample row 556,ok
557,USR-00557,ORD-00557,customer557@example.com,822.07,JPN,2026-07-02T14:17:00.000Z,010-1557-5899,3,"{""user"":{""contact"":{""email"":""customer557@example.com""}},""source"":""mock-csv"",""campaign"":""organic""}",repeat buyer / sample row 557,ok
558,USR-00558,ORD-00558,customer558@asklake.io,859.08,USA,2026-07-03T15:18:00.000Z,010-1558-5906,4,"{""user"":{""contact"":{""email"":""customer558@asklake.io""}},""source"":""mock-csv"",""campaign"":""summer""}",premium item / sample row 558,ok
559,USR-00559,ORD-00559,customer559@shop.test,896.09,KOR,2026-07-04T16:19:00.000Z,010-1559-5913,5,"{""user"":{""contact"":{""email"":""customer559@shop.test""}},""source"":""mock-csv"",""campaign"":""organic""}",support contacted / sample row 559,ok
560,USR-00560,ORD-00560,customer560@acme.com,33.10,JPN,2026-07-01T17:20:00.000Z,010-1560-5920,1,"{""user"":{""contact"":{""email"":""customer560@acme.com""}},""source"":""mock-csv"",""campaign"":""summer""}",fast delivery / sample row 560,ok
561,USR-00561,ORD-00561,customer561@example.com,70.11,USA,2026-07-02T18:21:00.000Z,010-1561-5927,2,"{""user"":{""contact"":{""email"":""customer561@example.com""}},""source"":""mock-csv"",""campaign"":""organic""}",clean packaging / sample row 561,ok
562,USR-00562,ORD-00562,customer562@asklake.io,107.12,KOR,2026-07-03T19:22:00.000Z,010-1562-5934,3,"{""user"":{""contact"":{""email"":""customer562@asklake.io""}},""source"":""mock-csv"",""campaign"":""summer""}",needs follow up / sample row 562,ok
563,USR-00563,ORD-00563,customer563@shop.test,144.13,JPN,2026-07-04T20:23:00.000Z,010-1563-5941,4,"{""user"":{""contact"":{""email"":""customer563@shop.test""}},""source"":""mock-csv"",""campaign"":""organic""}",great value / sample row 563,ok
564,USR-00564,ORD-00564,customer564@acme.com,181.14,USA,2026-07-01T09:24:00.000Z,010-1564-5948,5,"{""user"":{""contact"":{""email"":""customer564@acme.com""}},""source"":""mock-csv"",""campaign"":""summer""}",refund requested / sample row 564,ok
565,,ORD-00565,customer565@example.com,218.15,KOR,2026-07-02T10:25:00.000Z,010-1565-5955,1,"{""user"":{""contact"":{""email"":""customer565@example.com""}},""source"":""mock-csv"",""campaign"":""organic""}",repeat buyer / sample row 565,missing user_id
566,USR-00566,ORD-00566,customer566@asklake.io,255.16,JPN,2026-07-03T11:26:00.000Z,010-1566-5962,2,"{""user"":{""contact"":{""email"":""customer566@asklake.io""}},""source"":""mock-csv"",""campaign"":""summer""}",premium item / sample row 566,ok
567,USR-00567,ORD-00567,customer567@shop.test,292.17,USA,2026-07-04T12:27:00.000Z,010-1567-5969,3,"{""user"":{""contact"":{""email"":""customer567@shop.test""}},""source"":""mock-csv"",""campaign"":""organic""}",support contacted / sample row 567,ok
568,USR-00568,ORD-00568,customer568@acme.com,329.18,KOR,2026-07-01T13:28:00.000Z,010-1568-5976,4,"{""user"":{""contact"":{""email"":""customer568@acme.com""}},""source"":""mock-csv"",""campaign"":""summer""}",fast delivery / sample row 568,ok
569,USR-00569,ORD-00569,customer569@example.com,366.19,JPN,2026-07-02T14:29:00.000Z,010-1569-5983,5,"{""user"":{""contact"":{""email"":""customer569@example.com""}},""source"":""mock-csv"",""campaign"":""organic""}",clean packaging / sample row 569,ok
570,USR-00570,ORD-00570,customer570@asklake.io,403.20,USA,2026-07-03T15:30:00.000Z,010-1570-5990,1,"{""user"":{""contact"":{""email"":""customer570@asklake.io""}},""source"":""mock-csv"",""campaign"":""summer""}",needs follow up / sample row 570,ok
571,USR-00571,ORD-00571,customer571@shop.test,440.21,KOR,2026-07-04T16:31:00.000Z,010-1571-5997,2,"{""user"":{""contact"":{""email"":""customer571@shop.test""}},""source"":""mock-csv"",""campaign"":""organic""}",great value / sample row 571,ok
572,USR-00572,ORD-00572,customer572@acme.com,477.22,JPN,2026-07-01T17:32:00.000Z,010-1572-6004,3,"{""user"":{""contact"":{""email"":""customer572@acme.com""}},""source"":""mock-csv"",""campaign"":""summer""}",refund requested / sample row 572,ok
573,USR-00573,ORD-00573,customer573@example.com,514.23,USA,2026-07-02T18:33:00.000Z,010-1573-6011,4,"{""user"":{""contact"":{""email"":""customer573@example.com""}},""source"":""mock-csv"",""campaign"":""organic""}",repeat buyer / sample row 573,ok
574,USR-00574,ORD-00574,customer574@asklake.io,551.24,KOR,2026-07-03T19:34:00.000Z,010-1574-6018,5,"{""user"":{""contact"":{""email"":""customer574@asklake.io""}},""source"":""mock-csv"",""campaign"":""summer""}",premium item / sample row 574,ok
575,USR-00575,ORD-00575,customer575@shop.test,588.25,JPN,2026-07-04T20:35:00.000Z,010-1575-6025,1,"{""user"":{""contact"":{""email"":""customer575@shop.test""}},""source"":""mock-csv"",""campaign"":""organic""}",support contacted / sample row 575,ok
576,USR-00576,ORD-00576,customer576@acme.com,625.26,USA,2026-07-01T09:36:00.000Z,010-1576-6032,2,"{""user"":{""contact"":{""email"":""customer576@acme.com""}},""source"":""mock-csv"",""campaign"":""summer""}",fast delivery / sample row 576,ok
577,USR-00577,ORD-00577,customer577@example.com,662.27,KOR,2026-07-02T10:37:00.000Z,010-1577-6039,3,"{""user"":{""contact"":{""email"":""customer577@example.com""}},""source"":""mock-csv"",""campaign"":""organic""}",clean packaging / sample row 577,ok
578,USR-00578,ORD-00578,customer578@asklake.io,699.28,JPN,2026-07-03T11:38:00.000Z,010-1578-6046,4,"{""user"":{""contact"":{""email"":""customer578@asklake.io""}},""source"":""mock-csv"",""campaign"":""summer""}",needs follow up / sample row 578,ok
579,USR-00579,ORD-00579,customer579@shop.test,736.29,USA,2026-07-04T12:39:00.000Z,010-1579-6053,5,"{""user"":{""contact"":{""email"":""customer579@shop.test""}},""source"":""mock-csv"",""campaign"":""organic""}",great value / sample row 579,ok
580,USR-00580,ORD-00580,customer580@acme.com,773.30,KOR,2026-07-01T13:40:00.000Z,010-1580-6060,1,"{""user"":{""contact"":{""email"":""customer580@acme.com""}},""source"":""mock-csv"",""campaign"":""summer""}",refund requested / sample row 580,ok
581,USR-00581,ORD-00581,customer581@example.com,810.31,JPN,2026-07-02T14:41:00.000Z,010-1581-6067,2,"{""user"":{""contact"":{""email"":""customer581@example.com""}},""source"":""mock-csv"",""campaign"":""organic""}",repeat buyer / sample row 581,ok
582,USR-00582,ORD-00582,customer582@asklake.io,-17.00,USA,2026-07-03T15:42:00.000Z,010-1582-6074,3,"{""user"":{""contact"":{""email"":""customer582@asklake.io""}},""source"":""mock-csv"",""campaign"":""summer""}",premium item / sample row 582,non_positive_price
583,USR-00583,ORD-00583,customer583@shop.test,884.33,KOR,2026-07-04T16:43:00.000Z,010-1583-6081,4,"{""user"":{""contact"":{""email"":""customer583@shop.test""}},""source"":""mock-csv"",""campaign"":""organic""}",support contacted / sample row 583,ok
584,USR-00584,ORD-00584,customer584@acme.com,21.34,JPN,2026-07-01T17:44:00.000Z,010-1584-6088,5,"{""user"":{""contact"":{""email"":""customer584@acme.com""}},""source"":""mock-csv"",""campaign"":""summer""}",fast delivery / sample row 584,ok
585,USR-00585,ORD-00585,customer585@example.com,58.35,USA,2026-07-02T18:45:00.000Z,010-1585-6095,1,"{""user"":{""contact"":{""email"":""customer585@example.com""}},""source"":""mock-csv"",""campaign"":""organic""}",clean packaging / sample row 585,ok
586,USR-00586,ORD-00586,customer586@asklake.io,95.36,KOR,2026-07-03T19:46:00.000Z,010-1586-6102,2,"{""user"":{""contact"":{""email"":""customer586@asklake.io""}},""source"":""mock-csv"",""campaign"":""summer""}",needs follow up / sample row 586,ok
587,USR-00587,ORD-00587,customer587@shop.test,132.37,JPN,2026-07-04T20:47:00.000Z,010-1587-6109,3,"{""user"":{""contact"":{""email"":""customer587@shop.test""}},""source"":""mock-csv"",""campaign"":""organic""}",great value / sample row 587,ok
588,USR-00588,ORD-00588,customer588@acme.com,169.38,USA,2026-07-01T09:48:00.000Z,010-1588-6116,4,"{""user"":{""contact"":{""email"":""customer588@acme.com""}},""source"":""mock-csv"",""campaign"":""summer""}",refund requested / sample row 588,ok
589,USR-00589,ORD-00589,customer589@example.com,206.39,KOR,2026-07-02T10:49:00.000Z,010-1589-6123,5,"{""user"":{""contact"":{""email"":""customer589@example.com""}},""source"":""mock-csv"",""campaign"":""organic""}",repeat buyer / sample row 589,ok
590,USR-00590,ORD-00590,customer590@asklake.io,243.40,JPN,2026-07-03T11:50:00.000Z,010-1590-6130,1,"{""user"":{""contact"":{""email"":""customer590@asklake.io""}},""source"":""mock-csv"",""campaign"":""summer""}",premium item / sample row 590,ok
591,USR-00591,ORD-00591,customer591@shop.test,280.41,USA,2026-07-04T12:51:00.000Z,010-1591-6137,2,"{""user"":{""contact"":{""email"":""customer591@shop.test""}},""source"":""mock-csv"",""campaign"":""organic""}",support contacted / sample row 591,ok
592,USR-00592,ORD-00592,customer592@acme.com,317.42,KOR,2026-07-01T13:52:00.000Z,010-1592-6144,3,"{""user"":{""contact"":{""email"":""customer592@acme.com""}},""source"":""mock-csv"",""campaign"":""summer""}",fast delivery / sample row 592,ok
593,USR-00593,ORD-00593,customer593@example.com,354.43,JPN,2026-07-02T14:53:00.000Z,010-1593-6151,4,"{""user"":{""contact"":{""email"":""customer593@example.com""}},""source"":""mock-csv"",""campaign"":""organic""}",clean packaging / sample row 593,ok
594,USR-00594,ORD-00594,customer594@asklake.io,391.44,USA,2026-07-03T15:54:00.000Z,010-1594-6158,5,"{""user"":{""contact"":{""email"":""customer594@asklake.io""}},""source"":""mock-csv"",""campaign"":""summer""}",needs follow up / sample row 594,ok
595,USR-00595,ORD-00595,customer595@shop.test,428.45,KOR,2026-07-04T16:55:00.000Z,010-1595-6165,1,"{""user"":{""contact"":{""email"":""customer595@shop.test""}},""source"":""mock-csv"",""campaign"":""organic""}",great value / sample row 595,ok
596,USR-00596,ORD-00596,customer596@acme.com,465.46,JPN,2026-07-01T17:56:00.000Z,010-1596-6172,2,"{""user"":{""contact"":{""email"":""customer596@acme.com""}},""source"":""mock-csv"",""campaign"":""summer""}",refund requested / sample row 596,ok
597,USR-00597,ORD-00597,customer597@example.com,502.47,USA,2026-07-02T18:57:00.000Z,010-1597-6179,3,"{""user"":{""contact"":{""email"":""customer597@example.com""}},""source"":""mock-csv"",""campaign"":""organic""}",repeat buyer / sample row 597,ok
598,USR-00598,ORD-00598,customer598@asklake.io,539.48,KOR,2026-07-03T19:58:00.000Z,010-1598-6186,4,"{""user"":{""contact"":{""email"":""customer598@asklake.io""}},""source"":""mock-csv"",""campaign"":""summer""}",premium item / sample row 598,ok
599,USR-00599,ORD-00599,customer599@shop.test,576.49,JPN,2026-07-04T20:59:00.000Z,010-1599-6193,5,"{""user"":{""contact"":{""email"":""customer599@shop.test""}},""source"":""mock-csv"",""campaign"":""organic""}",support contacted / sample row 599,ok
600,USR-00600,ORD-00600,customer600@acme.com,612.50,USA,2026-07-01T09:00:00.000Z,010-1600-6200,1,"{""user"":{""contact"":{""email"":""customer600@acme.com""}},""source"":""mock-csv"",""campaign"":""summer""}",fast delivery / sample row 600,ok
601,USR-00601,ORD-00601,customer601@example.com,649.51,KOR,2026-07-02T10:01:00.000Z,010-1601-6207,2,"{""user"":{""contact"":{""email"":""customer601@example.com""}},""source"":""mock-csv"",""campaign"":""organic""}",clean packaging / sample row 601,ok
602,USR-00602,ORD-00602,customer602@asklake.io,686.52,JPN,2026-07-03T11:02:00.000Z,010-1602-6214,3,"{""user"":{""contact"":{""email"":""customer602@asklake.io""}},""source"":""mock-csv"",""campaign"":""summer""}",needs follow up / sample row 602,ok
603,USR-00603,ORD-00603,customer603@shop.test,723.53,USA,2026-07-04T12:03:00.000Z,010-1603-6221,4,"{""user"":{""contact"":{""email"":""customer603@shop.test""}},""source"":""mock-csv"",""campaign"":""organic""}",great value / sample row 603,ok
604,USR-00604,ORD-00604,customer604@acme.com,760.54,KOR,2026-07-01T13:04:00.000Z,010-1604-6228,5,"{""user"":{""contact"":{""email"":""customer604@acme.com""}},""source"":""mock-csv"",""campaign"":""summer""}",refund requested / sample row 604,ok
605,USR-00605,ORD-00605,customer605@example.com,797.55,JPN,2026-07-02T14:05:00.000Z,010-1605-6235,1,"{""user"":{""contact"":{""email"":""customer605@example.com""}},""source"":""mock-csv"",""campaign"":""organic""}",repeat buyer / sample row 605,ok
606,USR-00606,ORD-00606,customer606@asklake.io,834.56,USA,2026-07-03T15:06:00.000Z,010-1606-6242,2,"{""user"":{""contact"":{""email"":""customer606@asklake.io""}},""source"":""mock-csv"",""campaign"":""summer""}",premium item / sample row 606,ok
607,USR-00607,ORD-00607,customer607@shop.test,871.57,KOR,2026-07-04T16:07:00.000Z,010-1607-6249,3,"{""user"":{""contact"":{""email"":""customer607@shop.test""}},""source"":""mock-csv"",""campaign"":""organic""}",support contacted / sample row 607,ok
608,USR-00608,ORD-00608,customer608@acme.com,908.58,JPN,2026-07-01T17:08:00.000Z,010-1608-6256,4,"{""user"":{""contact"":{""email"":""customer608@acme.com""}},""source"":""mock-csv"",""campaign"":""summer""}",fast delivery / sample row 608,ok
609,USR-00609,ORD-00609,customer609@example.com,45.59,USA,2026-07-02T18:09:00.000Z,010-1609-6263,5,"{""user"":{""contact"":{""email"":""customer609@example.com""}},""source"":""mock-csv"",""campaign"":""organic""}",clean packaging / sample row 609,ok
610,USR-00610,ORD-00610,customer610@asklake.io,82.60,KOR,2026-07-03T19:10:00.000Z,010-1610-6270,1,"{""user"":{""contact"":{""email"":""customer610@asklake.io""}},""source"":""mock-csv"",""campaign"":""summer""}",needs follow up / sample row 610,ok
611,USR-00611,ORD-00611,customer611@shop.test,119.61,JPN,2026-07-04T20:11:00.000Z,010-1611-6277,2,"{""user"":{""contact"":{""email"":""customer611@shop.test""}},""source"":""mock-csv"",""campaign"":""organic""}",great value / sample row 611,ok
612,USR-00612,ORD-00612,customer612@acme.com,156.62,USA,2026-07-01T09:12:00.000Z,010-1612-6284,3,"{""user"":{""contact"":{""email"":""customer612@acme.com""}},""source"":""mock-csv"",""campaign"":""summer""}",refund requested / sample row 612,ok
613,USR-00613,ORD-00613,customer613@example.com,193.63,KOR,2026-07-02T10:13:00.000Z,010-1613-6291,4,"{""user"":{""contact"":{""email"":""customer613@example.com""}},""source"":""mock-csv"",""campaign"":""organic""}",repeat buyer / sample row 613,ok
614,USR-00614,ORD-00614,customer614@asklake.io,230.64,JPN,2026-07-03T11:14:00.000Z,010-1614-6298,5,"{""user"":{""contact"":{""email"":""customer614@asklake.io""}},""source"":""mock-csv"",""campaign"":""summer""}",premium item / sample row 614,ok
615,USR-00615,ORD-00615,customer615@shop.test,267.65,USA,2026-07-04T12:15:00.000Z,010-1615-6305,1,"{""user"":{""contact"":{""email"":""customer615@shop.test""}},""source"":""mock-csv"",""campaign"":""organic""}",support contacted / sample row 615,ok
616,USR-00616,ORD-00616,customer616@acme.com,304.66,KOR,2026-07-01T13:16:00.000Z,010-1616-6312,2,"{""user"":{""contact"":{""email"":""customer616@acme.com""}},""source"":""mock-csv"",""campaign"":""summer""}",fast delivery / sample row 616,ok
617,USR-00617,ORD-00617,customer617@example.com,341.67,JPN,2026-07-02T14:17:00.000Z,010-1617-6319,3,"{""user"":{""contact"":{""email"":""customer617@example.com""}},""source"":""mock-csv"",""campaign"":""organic""}",clean packaging / sample row 617,ok
618,USR-00618,ORD-00618,customer618@asklake.io,378.68,USA,2026-07-03T15:18:00.000Z,010-1618-6326,4,"{""user"":{""contact"":{""email"":""customer618@asklake.io""}},""source"":""mock-csv"",""campaign"":""summer""}",needs follow up / sample row 618,ok
619,USR-00619,ORD-00619,customer619@shop.test,415.69,KOR,2026-07-04T16:19:00.000Z,010-1619-6333,5,"{""user"":{""contact"":{""email"":""customer619@shop.test""}},""source"":""mock-csv"",""campaign"":""organic""}",great value / sample row 619,ok
620,USR-00620,ORD-00620,customer620@acme.com,452.70,JPN,2026-07-01T17:20:00.000Z,010-1620-6340,1,"{""user"":{""contact"":{""email"":""customer620@acme.com""}},""source"":""mock-csv"",""campaign"":""summer""}",refund requested / sample row 620,ok
621,USR-00621,ORD-00621,customer621@example.com,489.71,USA,2026-07-02T18:21:00.000Z,010-1621-6347,2,"{""user"":{""contact"":{""email"":""customer621@example.com""}},""source"":""mock-csv"",""campaign"":""organic""}",repeat buyer / sample row 621,ok
622,USR-00622,ORD-00622,customer622@asklake.io,526.72,KOR,2026-07-03T19:22:00.000Z,010-1622-6354,3,"{""user"":{""contact"":{""email"":""customer622@asklake.io""}},""source"":""mock-csv"",""campaign"":""summer""}",premium item / sample row 622,ok
623,USR-00623,ORD-00623,customer623@shop.test,563.73,BRA,2026-07-04T20:23:00.000Z,010-1623-6361,4,"{""user"":{""contact"":{""email"":""customer623@shop.test""}},""source"":""mock-csv"",""campaign"":""organic""}",support contacted / sample row 623,country_not_allowed
624,USR-00624,ORD-00624,customer624@acme.com,600.74,USA,2026-07-01T09:24:00.000Z,010-1624-6368,5,"{""user"":{""contact"":{""email"":""customer624@acme.com""}},""source"":""mock-csv"",""campaign"":""summer""}",fast delivery / sample row 624,ok
625,USR-00625,ORD-00625,customer625@example.com,637.75,KOR,2026-07-02T10:25:00.000Z,010-1625-6375,1,"{""user"":{""contact"":{""email"":""customer625@example.com""}},""source"":""mock-csv"",""campaign"":""organic""}",clean packaging / sample row 625,ok
626,USR-00626,ORD-00626,customer626@asklake.io,674.76,JPN,2026-07-03T11:26:00.000Z,010-1626-6382,2,"{""user"":{""contact"":{""email"":""customer626@asklake.io""}},""source"":""mock-csv"",""campaign"":""summer""}",needs follow up / sample row 626,ok
627,USR-00627,ORD-00627,customer627@shop.test,711.77,USA,2026-07-04T12:27:00.000Z,010-1627-6389,3,"{""user"":{""contact"":{""email"":""customer627@shop.test""}},""source"":""mock-csv"",""campaign"":""organic""}",great value / sample row 627,ok
628,USR-00628,ORD-00628,customer628@acme.com,748.78,KOR,2026-07-01T13:28:00.000Z,010-1628-6396,4,"{""user"":{""contact"":{""email"":""customer628@acme.com""}},""source"":""mock-csv"",""campaign"":""summer""}",refund requested / sample row 628,ok
629,USR-00629,ORD-00629,customer629@example.com,785.79,JPN,2026-07-02T14:29:00.000Z,010-1629-6403,5,"{""user"":{""contact"":{""email"":""customer629@example.com""}},""source"":""mock-csv"",""campaign"":""organic""}",repeat buyer / sample row 629,ok
630,USR-00630,ORD-00630,customer630@asklake.io,822.80,USA,2026-07-03T15:30:00.000Z,010-1630-6410,1,"{""user"":{""contact"":{""email"":""customer630@asklake.io""}},""source"":""mock-csv"",""campaign"":""summer""}",premium item / sample row 630,ok
631,USR-00631,ORD-00631,customer631@shop.test,859.81,KOR,2026-07-04T16:31:00.000Z,010-1631-6417,2,"{""user"":{""contact"":{""email"":""customer631@shop.test""}},""source"":""mock-csv"",""campaign"":""organic""}",support contacted / sample row 631,ok
632,USR-00632,ORD-00632,customer632@acme.com,896.82,JPN,2026-07-01T17:32:00.000Z,010-1632-6424,3,"{""user"":{""contact"":{""email"":""customer632@acme.com""}},""source"":""mock-csv"",""campaign"":""summer""}",fast delivery / sample row 632,ok
633,USR-00633,ORD-00632,customer633@example.com,33.83,USA,2026-07-02T18:33:00.000Z,010-1633-6431,4,"{""user"":{""contact"":{""email"":""customer633@example.com""}},""source"":""mock-csv"",""campaign"":""organic""}",clean packaging / sample row 633,duplicate_order_id
634,USR-00634,ORD-00634,customer634@asklake.io,70.84,KOR,2026-07-03T19:34:00.000Z,010-1634-6438,5,"{""user"":{""contact"":{""email"":""customer634@asklake.io""}},""source"":""mock-csv"",""campaign"":""summer""}",needs follow up / sample row 634,ok
635,USR-00635,ORD-00635,customer635@shop.test,107.85,JPN,2026-07-04T20:35:00.000Z,010-1635-6445,1,"{""user"":{""contact"":{""email"":""customer635@shop.test""}},""source"":""mock-csv"",""campaign"":""organic""}",great value / sample row 635,ok
636,USR-00636,ORD-00636,customer636@acme.com,144.86,USA,2026-07-01T09:36:00.000Z,010-1636-6452,2,"{""user"":{""contact"":{""email"":""customer636@acme.com""}},""source"":""mock-csv"",""campaign"":""summer""}",refund requested / sample row 636,ok
637,USR-00637,ORD-00637,customer637@example.com,181.87,KOR,2026-07-02T10:37:00.000Z,010-1637-6459,3,"{""user"":{""contact"":{""email"":""customer637@example.com""}},""source"":""mock-csv"",""campaign"":""organic""}",repeat buyer / sample row 637,ok
638,USR-00638,ORD-00638,customer638@asklake.io,218.88,JPN,2026-07-03T11:38:00.000Z,010-1638-6466,4,"{""user"":{""contact"":{""email"":""customer638@asklake.io""}},""source"":""mock-csv"",""campaign"":""summer""}",premium item / sample row 638,ok
639,USR-00639,ORD-00639,customer639@shop.test,255.89,USA,2026-07-04T12:39:00.000Z,010-1639-6473,5,"{""user"":{""contact"":{""email"":""customer639@shop.test""}},""source"":""mock-csv"",""campaign"":""organic""}",support contacted / sample row 639,ok
640,USR-00640,ORD-00640,customer640@acme.com,292.90,KOR,2026-07-01T13:40:00.000Z,010-1640-6480,1,"{""user"":{""contact"":{""email"":""customer640@acme.com""}},""source"":""mock-csv"",""campaign"":""summer""}",fast delivery / sample row 640,ok
641,USR-00641,ORD-00641,customer641@example.com,329.91,JPN,2026-07-02T14:41:00.000Z,010-1641-6487,2,"{""user"":{""contact"":{""email"":""customer641@example.com""}},""source"":""mock-csv"",""campaign"":""organic""}",clean packaging / sample row 641,ok
642,USR-00642,ORD-00642,customer642@asklake.io,366.92,USA,2026-07-03T15:42:00.000Z,010-1642-6494,3,"{""user"":{""contact"":{""email"":""customer642@asklake.io""}},""source"":""mock-csv"",""campaign"":""summer""}",needs follow up / sample row 642,ok
643,USR-00643,ORD-00643,customer643@shop.test,403.93,KOR,2026-07-04T16:43:00.000Z,010-1643-6501,4,"{""user"":{""contact"":{""email"":""customer643@shop.test""}},""source"":""mock-csv"",""campaign"":""organic""}",great value / sample row 643,ok
644,USR-00644,ORD-00644,customer644@acme.com,440.94,JPN,2026-07-01T17:44:00.000Z,010-1644-6508,5,"{""user"":{""contact"":{""email"":""customer644@acme.com""}},""source"":""mock-csv"",""campaign"":""summer""}",refund requested / sample row 644,ok
645,USR-00645,ORD-00645,customer645@example.com,477.95,USA,2026-07-02T18:45:00.000Z,010-1645-6515,1,"{""user"":{""contact"":{""email"":""customer645@example.com""}},""source"":""mock-csv"",""campaign"":""organic""}",repeat buyer / sample row 645,ok
646,USR-00646,ORD-00646,customer646@asklake.io,514.96,KOR,2026-07-03T19:46:00.000Z,010-1646-6522,2,"{""user"":{""contact"":{""email"":""customer646@asklake.io""}},""source"":""mock-csv"",""campaign"":""summer""}",premium item / sample row 646,ok
647,USR-00647,ORD-00647,customer647@shop.test,551.97,JPN,2026-07-04T20:47:00.000Z,010-1647-6529,3,"{""user"":{""contact"":{""email"":""customer647@shop.test""}},""source"":""mock-csv"",""campaign"":""organic""}",support contacted / sample row 647,ok
648,USR-00648,ORD-00648,customer648@acme.com,588.98,USA,2026-07-01T09:48:00.000Z,010-1648-6536,4,"{""user"":{""contact"":{""email"":""customer648@acme.com""}},""source"":""mock-csv"",""campaign"":""summer""}",fast delivery / sample row 648,ok
649,USR-00649,ORD-00649,customer649@example.com,625.99,KOR,2026-07-02T10:49:00.000Z,010-1649-6543,5,"{""user"":{""contact"":{""email"":""customer649@example.com""}},""source"":""mock-csv"",""campaign"":""organic""}",clean packaging / sample row 649,ok
650,USR-00650,ORD-00650,customer650@asklake.io,663.00,JPN,2026-07-03T11:50:00.000Z,010-1650-6550,1,"{""user"":{""contact"":{""email"":""customer650@asklake.io""}},""source"":""mock-csv"",""campaign"":""summer""}",needs follow up / sample row 650,ok
651,USR-00651,ORD-00651,customer651@shop.test,700.01,USA,2026-07-04T12:51:00.000Z,010-1651-6557,2,"{""user"":{""contact"":{""email"":""customer651@shop.test""}},""source"":""mock-csv"",""campaign"":""organic""}",great value / sample row 651,ok
652,USR-00652,ORD-00652,customer652@acme.com,737.02,KOR,2026-07-01T13:52:00.000Z,010-1652-6564,3,"{""user"":{""contact"":{""email"":""customer652@acme.com""}},""source"":""mock-csv"",""campaign"":""summer""}",refund requested / sample row 652,ok
653,USR-00653,ORD-00653,customer653@example.com,774.03,JPN,2026-07-02T14:53:00.000Z,010-1653-6571,4,"{""user"":{""contact"":{""email"":""customer653@example.com""}},""source"":""mock-csv"",""campaign"":""organic""}",repeat buyer / sample row 653,ok
654,USR-00654,ORD-00654,customer654@asklake.io,811.04,USA,2026-07-03T15:54:00.000Z,010-1654-6578,5,"{""user"":{""contact"":{""email"":""customer654@asklake.io""}},""source"":""mock-csv"",""campaign"":""summer""}",premium item / sample row 654,ok
655,USR-00655,ORD-00655,customer655_invalid_email,848.05,KOR,2026-07-04T16:55:00.000Z,010-1655-6585,1,"{""user"":{""contact"":{""email"":""customer655_invalid_email""}},""source"":""mock-csv"",""campaign"":""organic""}",support contacted / sample row 655,invalid_email
656,USR-00656,ORD-00656,customer656@acme.com,885.06,JPN,2026-07-01T17:56:00.000Z,010-1656-6592,2,"{""user"":{""contact"":{""email"":""customer656@acme.com""}},""source"":""mock-csv"",""campaign"":""summer""}",fast delivery / sample row 656,ok
657,USR-00657,ORD-00657,customer657@example.com,22.07,USA,2026-07-02T18:57:00.000Z,010-1657-6599,3,"{""user"":{""contact"":{""email"":""customer657@example.com""}},""source"":""mock-csv"",""campaign"":""organic""}",clean packaging / sample row 657,ok
658,USR-00658,ORD-00658,customer658@asklake.io,59.08,KOR,2026-07-03T19:58:00.000Z,010-1658-6606,4,"{""user"":{""contact"":{""email"":""customer658@asklake.io""}},""source"":""mock-csv"",""campaign"":""summer""}",needs follow up / sample row 658,ok
659,USR-00659,ORD-00659,customer659@shop.test,96.09,JPN,2026-07-04T20:59:00.000Z,010-1659-6613,5,"{""user"":{""contact"":{""email"":""customer659@shop.test""}},""source"":""mock-csv"",""campaign"":""organic""}",great value / sample row 659,ok
660,USR-00660,ORD-00660,customer660@acme.com,133.10,USA,2026-07-01T09:00:00.000Z,010-1660-6620,1,"{""user"":{""contact"":{""email"":""customer660@acme.com""}},""source"":""mock-csv"",""campaign"":""summer""}",refund requested / sample row 660,ok
661,USR-00661,ORD-00661,customer661@example.com,170.11,KOR,2026-07-02T10:01:00.000Z,010-1661-6627,2,"{""user"":{""contact"":{""email"":""customer661@example.com""}},""source"":""mock-csv"",""campaign"":""organic""}",repeat buyer / sample row 661,ok
662,USR-00662,ORD-00662,customer662@asklake.io,207.12,JPN,2026-07-03T11:02:00.000Z,010-1662-6634,3,"{""user"":{""contact"":{""email"":""customer662@asklake.io""}},""source"":""mock-csv"",""campaign"":""summer""}",premium item / sample row 662,ok
663,USR-00663,ORD-00663,customer663@shop.test,244.13,USA,2026-07-04T12:03:00.000Z,010-1663-6641,4,"{""user"":{""contact"":{""email"":""customer663@shop.test""}},""source"":""mock-csv"",""campaign"":""organic""}",support contacted / sample row 663,ok
664,USR-00664,ORD-00664,customer664@acme.com,281.14,KOR,2026-07-01T13:04:00.000Z,010-1664-6648,5,"{""user"":{""contact"":{""email"":""customer664@acme.com""}},""source"":""mock-csv"",""campaign"":""summer""}",fast delivery / sample row 664,ok
665,USR-00665,ORD-00665,customer665@example.com,318.15,JPN,2026-07-02T14:05:00.000Z,010-1665-6655,1,"{""user"":{""contact"":{""email"":""customer665@example.com""}},""source"":""mock-csv"",""campaign"":""organic""}",clean packaging / sample row 665,ok
666,USR-00666,ORD-00666,customer666@asklake.io,355.16,USA,2026-07-03T15:06:00.000Z,010-1666-6662,2,"{""user"":{""contact"":{""email"":""customer666@asklake.io""}},""source"":""mock-csv"",""campaign"":""summer""}",needs follow up / sample row 666,ok
667,USR-00667,ORD-00667,customer667@shop.test,392.17,KOR,2026-07-04T16:07:00.000Z,010-1667-6669,3,"{""user"":{""contact"":{""email"":""customer667@shop.test""}},""source"":""mock-csv"",""campaign"":""organic""}",great value / sample row 667,ok
668,USR-00668,ORD-00668,customer668@acme.com,429.18,JPN,2026-07-01T17:08:00.000Z,010-1668-6676,4,"{""user"":{""contact"":{""email"":""customer668@acme.com""}},""source"":""mock-csv"",""campaign"":""summer""}",refund requested / sample row 668,ok
669,USR-00669,ORD-00669,customer669@example.com,466.19,USA,2026-07-02T18:09:00.000Z,010-1669-6683,5,"{""user"":{""contact"":{""email"":""customer669@example.com""}},""source"":""mock-csv"",""campaign"":""organic""}",repeat buyer / sample row 669,ok
670,USR-00670,ORD-00670,customer670@asklake.io,503.20,KOR,2026-07-03T19:10:00.000Z,010-1670-6690,1,"{""user"":{""contact"":{""email"":""customer670@asklake.io""}},""source"":""mock-csv"",""campaign"":""summer""}",premium item / sample row 670,ok
671,USR-00671,ORD-00671,customer671@shop.test,540.21,JPN,2026-07-04T20:11:00.000Z,010-1671-6697,2,"{""user"":{""contact"":{""email"":""customer671@shop.test""}},""source"":""mock-csv"",""campaign"":""organic""}",support contacted / sample row 671,ok
672,USR-00672,ORD-00672,customer672@acme.com,577.22,USA,2026-07-01T09:12:00.000Z,010-1672-6704,3,"{""user"":{""contact"":{""email"":""customer672@acme.com""}},""source"":""mock-csv"",""campaign"":""summer""}",fast delivery / sample row 672,ok
673,USR-00673,ORD-00673,customer673@example.com,614.23,KOR,2026-07-02T10:13:00.000Z,010-1673-6711,4,"{""user"":{""contact"":{""email"":""customer673@example.com""}},""source"":""mock-csv"",""campaign"":""organic""}",clean packaging / sample row 673,ok
674,USR-00674,ORD-00674,customer674@asklake.io,651.24,JPN,2026-07-03T11:14:00.000Z,010-1674-6718,5,"{""user"":{""contact"":{""email"":""customer674@asklake.io""}},""source"":""mock-csv"",""campaign"":""summer""}",needs follow up / sample row 674,ok
675,USR-00675,ORD-00675,customer675@shop.test,688.25,USA,2026-07-04T12:15:00.000Z,010-1675-6725,1,"{""user"":{""contact"":{""email"":""customer675@shop.test""}},""source"":""mock-csv"",""campaign"":""organic""}",great value / sample row 675,ok
676,USR-00676,ORD-00676,customer676@acme.com,725.26,KOR,2026-07-01T13:16:00.000Z,010-1676-6732,2,"{""user"":{""contact"":{""email"":""customer676@acme.com""}},""source"":""mock-csv"",""campaign"":""summer""}",refund requested / sample row 676,ok
677,USR-00677,ORD-00677,customer677@example.com,762.27,JPN,2026-07-02T14:17:00.000Z,010-1677-6739,3,"{""user"":{""contact"":{""email"":""customer677@example.com""}},""source"":""mock-csv"",""campaign"":""organic""}",repeat buyer / sample row 677,ok
678,,ORD-00678,customer678@asklake.io,799.28,USA,2026-07-03T15:18:00.000Z,010-1678-6746,4,"{""user"":{""contact"":{""email"":""customer678@asklake.io""}},""source"":""mock-csv"",""campaign"":""summer""}",premium item / sample row 678,missing user_id
679,USR-00679,ORD-00679,customer679@shop.test,-24.00,KOR,2026-07-04T16:19:00.000Z,010-1679-6753,5,"{""user"":{""contact"":{""email"":""customer679@shop.test""}},""source"":""mock-csv"",""campaign"":""organic""}",support contacted / sample row 679,non_positive_price
680,USR-00680,ORD-00680,customer680@acme.com,873.30,JPN,2026-07-01T17:20:00.000Z,010-1680-6760,1,"{""user"":{""contact"":{""email"":""customer680@acme.com""}},""source"":""mock-csv"",""campaign"":""summer""}",fast delivery / sample row 680,ok
681,USR-00681,ORD-00681,customer681@example.com,910.31,USA,2026-07-02T18:21:00.000Z,010-1681-6767,2,"{""user"":{""contact"":{""email"":""customer681@example.com""}},""source"":""mock-csv"",""campaign"":""organic""}",clean packaging / sample row 681,ok
682,USR-00682,ORD-00682,customer682@asklake.io,47.32,KOR,2026-07-03T19:22:00.000Z,010-1682-6774,3,"{""user"":{""contact"":{""email"":""customer682@asklake.io""}},""source"":""mock-csv"",""campaign"":""summer""}",needs follow up / sample row 682,ok
683,USR-00683,ORD-00683,customer683@shop.test,84.33,JPN,2026-07-04T20:23:00.000Z,010-1683-6781,4,"{""user"":{""contact"":{""email"":""customer683@shop.test""}},""source"":""mock-csv"",""campaign"":""organic""}",great value / sample row 683,ok
684,USR-00684,ORD-00684,customer684@acme.com,121.34,USA,2026-07-01T09:24:00.000Z,010-1684-6788,5,"{""user"":{""contact"":{""email"":""customer684@acme.com""}},""source"":""mock-csv"",""campaign"":""summer""}",refund requested / sample row 684,ok
685,USR-00685,ORD-00685,customer685@example.com,158.35,KOR,2026-07-02T10:25:00.000Z,010-1685-6795,1,"{""user"":{""contact"":{""email"":""customer685@example.com""}},""source"":""mock-csv"",""campaign"":""organic""}",repeat buyer / sample row 685,ok
686,USR-00686,ORD-00686,customer686@asklake.io,195.36,JPN,2026-07-03T11:26:00.000Z,010-1686-6802,2,"{""user"":{""contact"":{""email"":""customer686@asklake.io""}},""source"":""mock-csv"",""campaign"":""summer""}",premium item / sample row 686,ok
687,USR-00687,ORD-00687,customer687@shop.test,232.37,USA,2026-07-04T12:27:00.000Z,010-1687-6809,3,"{""user"":{""contact"":{""email"":""customer687@shop.test""}},""source"":""mock-csv"",""campaign"":""organic""}",support contacted / sample row 687,ok
688,USR-00688,ORD-00688,customer688@acme.com,269.38,KOR,2026-07-01T13:28:00.000Z,010-1688-6816,4,"{""user"":{""contact"":{""email"":""customer688@acme.com""}},""source"":""mock-csv"",""campaign"":""summer""}",fast delivery / sample row 688,ok
689,USR-00689,ORD-00689,customer689@example.com,306.39,JPN,2026-07-02T14:29:00.000Z,010-1689-6823,5,"{""user"":{""contact"":{""email"":""customer689@example.com""}},""source"":""mock-csv"",""campaign"":""organic""}",clean packaging / sample row 689,ok
690,USR-00690,ORD-00690,customer690@asklake.io,343.40,USA,2026-07-03T15:30:00.000Z,010-1690-6830,1,"{""user"":{""contact"":{""email"":""customer690@asklake.io""}},""source"":""mock-csv"",""campaign"":""summer""}",needs follow up / sample row 690,ok
691,USR-00691,ORD-00691,customer691@shop.test,380.41,KOR,2026-07-04T16:31:00.000Z,010-1691-6837,2,"{""user"":{""contact"":{""email"":""customer691@shop.test""}},""source"":""mock-csv"",""campaign"":""organic""}",great value / sample row 691,ok
692,USR-00692,ORD-00692,customer692@acme.com,417.42,JPN,2026-07-01T17:32:00.000Z,010-1692-6844,3,"{""user"":{""contact"":{""email"":""customer692@acme.com""}},""source"":""mock-csv"",""campaign"":""summer""}",refund requested / sample row 692,ok
693,USR-00693,ORD-00693,customer693@example.com,454.43,USA,2026-07-02T18:33:00.000Z,010-1693-6851,4,"{""user"":{""contact"":{""email"":""customer693@example.com""}},""source"":""mock-csv"",""campaign"":""organic""}",repeat buyer / sample row 693,ok
694,USR-00694,ORD-00694,customer694@asklake.io,491.44,KOR,2026-07-03T19:34:00.000Z,010-1694-6858,5,"{""user"":{""contact"":{""email"":""customer694@asklake.io""}},""source"":""mock-csv"",""campaign"":""summer""}",premium item / sample row 694,ok
695,USR-00695,ORD-00695,customer695@shop.test,528.45,JPN,2026-07-04T20:35:00.000Z,010-1695-6865,1,"{""user"":{""contact"":{""email"":""customer695@shop.test""}},""source"":""mock-csv"",""campaign"":""organic""}",support contacted / sample row 695,ok
696,USR-00696,ORD-00696,customer696@acme.com,565.46,USA,2026-07-01T09:36:00.000Z,010-1696-6872,2,"{""user"":{""contact"":{""email"":""customer696@acme.com""}},""source"":""mock-csv"",""campaign"":""summer""}",fast delivery / sample row 696,ok
697,USR-00697,ORD-00697,customer697@example.com,602.47,KOR,2026-07-02T10:37:00.000Z,010-1697-6879,3,"{""user"":{""contact"":{""email"":""customer697@example.com""}},""source"":""mock-csv"",""campaign"":""organic""}",clean packaging / sample row 697,ok
698,USR-00698,ORD-00698,customer698@asklake.io,639.48,JPN,2026-07-03T11:38:00.000Z,010-1698-6886,4,"{""user"":{""contact"":{""email"":""customer698@asklake.io""}},""source"":""mock-csv"",""campaign"":""summer""}",needs follow up / sample row 698,ok
699,USR-00699,ORD-00699,customer699@shop.test,676.49,USA,2026-07-04T12:39:00.000Z,010-1699-6893,5,"{""user"":{""contact"":{""email"":""customer699@shop.test""}},""source"":""mock-csv"",""campaign"":""organic""}",great value / sample row 699,ok
700,USR-00700,ORD-00700,customer700@acme.com,712.50,KOR,2026-07-01T13:40:00.000Z,010-1700-6900,1,"{""user"":{""contact"":{""email"":""customer700@acme.com""}},""source"":""mock-csv"",""campaign"":""summer""}",refund requested / sample row 700,ok
701,USR-00701,ORD-00701,customer701@example.com,749.51,JPN,2026-07-02T14:41:00.000Z,010-1701-6907,2,"{""user"":{""contact"":{""email"":""customer701@example.com""}},""source"":""mock-csv"",""campaign"":""organic""}",repeat buyer / sample row 701,ok
702,USR-00702,ORD-00702,customer702@asklake.io,786.52,USA,2026-07-03T15:42:00.000Z,010-1702-6914,3,"{""user"":{""contact"":{""email"":""customer702@asklake.io""}},""source"":""mock-csv"",""campaign"":""summer""}",premium item / sample row 702,ok
703,USR-00703,ORD-00703,customer703@shop.test,823.53,KOR,2026-07-04T16:43:00.000Z,010-1703-6921,4,"{""user"":{""contact"":{""email"":""customer703@shop.test""}},""source"":""mock-csv"",""campaign"":""organic""}",support contacted / sample row 703,ok
704,USR-00704,ORD-00704,customer704@acme.com,860.54,JPN,2026-07-01T17:44:00.000Z,010-1704-6928,5,"{""user"":{""contact"":{""email"":""customer704@acme.com""}},""source"":""mock-csv"",""campaign"":""summer""}",fast delivery / sample row 704,ok
705,USR-00705,ORD-00705,customer705@example.com,897.55,USA,2026-07-02T18:45:00.000Z,010-1705-6935,1,"{""user"":{""contact"":{""email"":""customer705@example.com""}},""source"":""mock-csv"",""campaign"":""organic""}",clean packaging / sample row 705,ok
706,USR-00706,ORD-00706,customer706@asklake.io,34.56,KOR,2026-07-03T19:46:00.000Z,010-1706-6942,2,"{""user"":{""contact"":{""email"":""customer706@asklake.io""}},""source"":""mock-csv"",""campaign"":""summer""}",needs follow up / sample row 706,ok
707,USR-00707,ORD-00707,customer707@shop.test,71.57,JPN,2026-07-04T20:47:00.000Z,010-1707-6949,3,"{""user"":{""contact"":{""email"":""customer707@shop.test""}},""source"":""mock-csv"",""campaign"":""organic""}",great value / sample row 707,ok
708,USR-00708,ORD-00708,customer708@acme.com,108.58,USA,2026-07-01T09:48:00.000Z,010-1708-6956,4,"{""user"":{""contact"":{""email"":""customer708@acme.com""}},""source"":""mock-csv"",""campaign"":""summer""}",refund requested / sample row 708,ok
709,USR-00709,ORD-00709,customer709@example.com,145.59,KOR,2026-07-02T10:49:00.000Z,010-1709-6963,5,"{""user"":{""contact"":{""email"":""customer709@example.com""}},""source"":""mock-csv"",""campaign"":""organic""}",repeat buyer / sample row 709,ok
710,USR-00710,ORD-00710,customer710@asklake.io,182.60,JPN,2026-07-03T11:50:00.000Z,010-1710-6970,1,"{""user"":{""contact"":{""email"":""customer710@asklake.io""}},""source"":""mock-csv"",""campaign"":""summer""}",premium item / sample row 710,ok
711,USR-00711,ORD-00711,customer711@shop.test,219.61,USA,2026-07-04T12:51:00.000Z,010-1711-6977,2,"{""user"":{""contact"":{""email"":""customer711@shop.test""}},""source"":""mock-csv"",""campaign"":""organic""}",support contacted / sample row 711,ok
712,USR-00712,ORD-00712,customer712@acme.com,256.62,BRA,2026-07-01T13:52:00.000Z,010-1712-6984,3,"{""user"":{""contact"":{""email"":""customer712@acme.com""}},""source"":""mock-csv"",""campaign"":""summer""}",fast delivery / sample row 712,country_not_allowed
713,USR-00713,ORD-00713,customer713@example.com,293.63,JPN,2026-07-02T14:53:00.000Z,010-1713-6991,4,"{""user"":{""contact"":{""email"":""customer713@example.com""}},""source"":""mock-csv"",""campaign"":""organic""}",clean packaging / sample row 713,ok
714,USR-00714,ORD-00714,customer714@asklake.io,330.64,USA,2026-07-03T15:54:00.000Z,010-1714-6998,5,"{""user"":{""contact"":{""email"":""customer714@asklake.io""}},""source"":""mock-csv"",""campaign"":""summer""}",needs follow up / sample row 714,ok
715,USR-00715,ORD-00715,customer715@shop.test,367.65,KOR,2026-07-04T16:55:00.000Z,010-1715-7005,1,"{""user"":{""contact"":{""email"":""customer715@shop.test""}},""source"":""mock-csv"",""campaign"":""organic""}",great value / sample row 715,ok
716,USR-00716,ORD-00716,customer716@acme.com,404.66,JPN,2026-07-01T17:56:00.000Z,010-1716-7012,2,"{""user"":{""contact"":{""email"":""customer716@acme.com""}},""source"":""mock-csv"",""campaign"":""summer""}",refund requested / sample row 716,ok
717,USR-00717,ORD-00717,customer717@example.com,441.67,USA,2026-07-02T18:57:00.000Z,010-1717-7019,3,"{""user"":{""contact"":{""email"":""customer717@example.com""}},""source"":""mock-csv"",""campaign"":""organic""}",repeat buyer / sample row 717,ok
718,USR-00718,ORD-00718,customer718@asklake.io,478.68,KOR,2026-07-03T19:58:00.000Z,010-1718-7026,4,"{""user"":{""contact"":{""email"":""customer718@asklake.io""}},""source"":""mock-csv"",""campaign"":""summer""}",premium item / sample row 718,ok
719,USR-00719,ORD-00719,customer719@shop.test,515.69,JPN,2026-07-04T20:59:00.000Z,010-1719-7033,5,"{""user"":{""contact"":{""email"":""customer719@shop.test""}},""source"":""mock-csv"",""campaign"":""organic""}",support contacted / sample row 719,ok
720,USR-00720,ORD-00720,customer720@acme.com,552.70,USA,2026-07-01T09:00:00.000Z,010-1720-7040,1,"{""user"":{""contact"":{""email"":""customer720@acme.com""}},""source"":""mock-csv"",""campaign"":""summer""}",fast delivery / sample row 720,ok
721,USR-00721,ORD-00721,customer721@example.com,589.71,KOR,2026-07-02T10:01:00.000Z,010-1721-7047,2,"{""user"":{""contact"":{""email"":""customer721@example.com""}},""source"":""mock-csv"",""campaign"":""organic""}",clean packaging / sample row 721,ok
722,USR-00722,ORD-00722,customer722@asklake.io,626.72,JPN,2026-07-03T11:02:00.000Z,010-1722-7054,3,"{""user"":{""contact"":{""email"":""customer722@asklake.io""}},""source"":""mock-csv"",""campaign"":""summer""}",needs follow up / sample row 722,ok
723,USR-00723,ORD-00723,customer723@shop.test,663.73,USA,2026-07-04T12:03:00.000Z,010-1723-7061,4,"{""user"":{""contact"":{""email"":""customer723@shop.test""}},""source"":""mock-csv"",""campaign"":""organic""}",great value / sample row 723,ok
724,USR-00724,ORD-00724,customer724@acme.com,700.74,KOR,2026-07-01T13:04:00.000Z,010-1724-7068,5,"{""user"":{""contact"":{""email"":""customer724@acme.com""}},""source"":""mock-csv"",""campaign"":""summer""}",refund requested / sample row 724,ok
725,USR-00725,ORD-00725,customer725@example.com,737.75,JPN,2026-07-02T14:05:00.000Z,010-1725-7075,1,"{""user"":{""contact"":{""email"":""customer725@example.com""}},""source"":""mock-csv"",""campaign"":""organic""}",repeat buyer / sample row 725,ok
726,USR-00726,ORD-00726,customer726@asklake.io,774.76,USA,2026-07-03T15:06:00.000Z,010-1726-7082,2,"{""user"":{""contact"":{""email"":""customer726@asklake.io""}},""source"":""mock-csv"",""campaign"":""summer""}",premium item / sample row 726,ok
727,USR-00727,ORD-00727,customer727@shop.test,811.77,KOR,2026-07-04T16:07:00.000Z,010-1727-7089,3,"{""user"":{""contact"":{""email"":""customer727@shop.test""}},""source"":""mock-csv"",""campaign"":""organic""}",support contacted / sample row 727,ok
728,USR-00728,ORD-00728,customer728@acme.com,848.78,JPN,2026-07-01T17:08:00.000Z,010-1728-7096,4,"{""user"":{""contact"":{""email"":""customer728@acme.com""}},""source"":""mock-csv"",""campaign"":""summer""}",fast delivery / sample row 728,ok
729,USR-00729,ORD-00729,customer729@example.com,885.79,USA,2026-07-02T18:09:00.000Z,010-1729-7103,5,"{""user"":{""contact"":{""email"":""customer729@example.com""}},""source"":""mock-csv"",""campaign"":""organic""}",clean packaging / sample row 729,ok
730,USR-00730,ORD-00730,customer730@asklake.io,22.80,KOR,2026-07-03T19:10:00.000Z,010-1730-7110,1,"{""user"":{""contact"":{""email"":""customer730@asklake.io""}},""source"":""mock-csv"",""campaign"":""summer""}",needs follow up / sample row 730,ok
731,USR-00731,ORD-00731,customer731@shop.test,59.81,JPN,2026-07-04T20:11:00.000Z,010-1731-7117,2,"{""user"":{""contact"":{""email"":""customer731@shop.test""}},""source"":""mock-csv"",""campaign"":""organic""}",great value / sample row 731,ok
732,USR-00732,ORD-00732,customer732@acme.com,96.82,USA,2026-07-01T09:12:00.000Z,010-1732-7124,3,"{""user"":{""contact"":{""email"":""customer732@acme.com""}},""source"":""mock-csv"",""campaign"":""summer""}",refund requested / sample row 732,ok
733,USR-00733,ORD-00733,customer733@example.com,133.83,KOR,2026-07-02T10:13:00.000Z,010-1733-7131,4,"{""user"":{""contact"":{""email"":""customer733@example.com""}},""source"":""mock-csv"",""campaign"":""organic""}",repeat buyer / sample row 733,ok
734,USR-00734,ORD-00734,customer734@asklake.io,170.84,JPN,2026-07-03T11:14:00.000Z,010-1734-7138,5,"{""user"":{""contact"":{""email"":""customer734@asklake.io""}},""source"":""mock-csv"",""campaign"":""summer""}",premium item / sample row 734,ok
735,USR-00735,ORD-00735,customer735@shop.test,207.85,USA,2026-07-04T12:15:00.000Z,010-1735-7145,1,"{""user"":{""contact"":{""email"":""customer735@shop.test""}},""source"":""mock-csv"",""campaign"":""organic""}",support contacted / sample row 735,ok
736,USR-00736,ORD-00736,customer736@acme.com,244.86,KOR,2026-07-01T13:16:00.000Z,010-1736-7152,2,"{""user"":{""contact"":{""email"":""customer736@acme.com""}},""source"":""mock-csv"",""campaign"":""summer""}",fast delivery / sample row 736,ok
737,USR-00737,ORD-00737,customer737@example.com,281.87,JPN,2026-07-02T14:17:00.000Z,010-1737-7159,3,"{""user"":{""contact"":{""email"":""customer737@example.com""}},""source"":""mock-csv"",""campaign"":""organic""}",clean packaging / sample row 737,ok
738,USR-00738,ORD-00738,customer738@asklake.io,318.88,USA,2026-07-03T15:18:00.000Z,010-1738-7166,4,"{""user"":{""contact"":{""email"":""customer738@asklake.io""}},""source"":""mock-csv"",""campaign"":""summer""}",needs follow up / sample row 738,ok
739,USR-00739,ORD-00739,customer739@shop.test,355.89,KOR,2026-07-04T16:19:00.000Z,010-1739-7173,5,"{""user"":{""contact"":{""email"":""customer739@shop.test""}},""source"":""mock-csv"",""campaign"":""organic""}",great value / sample row 739,ok
740,USR-00740,ORD-00740,customer740@acme.com,392.90,JPN,2026-07-01T17:20:00.000Z,010-1740-7180,1,"{""user"":{""contact"":{""email"":""customer740@acme.com""}},""source"":""mock-csv"",""campaign"":""summer""}",refund requested / sample row 740,ok
741,USR-00741,ORD-00741,customer741@example.com,429.91,USA,2026-07-02T18:21:00.000Z,010-1741-7187,2,"{""user"":{""contact"":{""email"":""customer741@example.com""}},""source"":""mock-csv"",""campaign"":""organic""}",repeat buyer / sample row 741,ok
742,USR-00742,ORD-00742,customer742@asklake.io,466.92,KOR,2026-07-03T19:22:00.000Z,010-1742-7194,3,"{""user"":{""contact"":{""email"":""customer742@asklake.io""}},""source"":""mock-csv"",""campaign"":""summer""}",premium item / sample row 742,ok
743,USR-00743,ORD-00743,customer743@shop.test,503.93,JPN,2026-07-04T20:23:00.000Z,010-1743-7201,4,"{""user"":{""contact"":{""email"":""customer743@shop.test""}},""source"":""mock-csv"",""campaign"":""organic""}",support contacted / sample row 743,ok
744,USR-00744,ORD-00744,customer744@acme.com,540.94,USA,2026-07-01T09:24:00.000Z,010-1744-7208,5,"{""user"":{""contact"":{""email"":""customer744@acme.com""}},""source"":""mock-csv"",""campaign"":""summer""}",fast delivery / sample row 744,ok
745,USR-00745,ORD-00745,customer745@example.com,577.95,KOR,2026-07-02T10:25:00.000Z,010-1745-7215,1,"{""user"":{""contact"":{""email"":""customer745@example.com""}},""source"":""mock-csv"",""campaign"":""organic""}",clean packaging / sample row 745,ok
746,USR-00746,ORD-00746,customer746@asklake.io,614.96,JPN,2026-07-03T11:26:00.000Z,010-1746-7222,2,"{""user"":{""contact"":{""email"":""customer746@asklake.io""}},""source"":""mock-csv"",""campaign"":""summer""}",needs follow up / sample row 746,ok
747,USR-00747,ORD-00747,customer747@shop.test,651.97,USA,2026-07-04T12:27:00.000Z,010-1747-7229,3,"{""user"":{""contact"":{""email"":""customer747@shop.test""}},""source"":""mock-csv"",""campaign"":""organic""}",great value / sample row 747,ok
748,USR-00748,ORD-00748,customer748@acme.com,688.98,KOR,2026-07-01T13:28:00.000Z,010-1748-7236,4,"{""user"":{""contact"":{""email"":""customer748@acme.com""}},""source"":""mock-csv"",""campaign"":""summer""}",refund requested / sample row 748,ok
749,USR-00749,ORD-00749,customer749@example.com,725.99,JPN,2026-07-02T14:29:00.000Z,010-1749-7243,5,"{""user"":{""contact"":{""email"":""customer749@example.com""}},""source"":""mock-csv"",""campaign"":""organic""}",repeat buyer / sample row 749,ok
750,USR-00750,ORD-00750,customer750@asklake.io,763.00,USA,2026-07-03T15:30:00.000Z,010-1750-7250,1,"{""user"":{""contact"":{""email"":""customer750@asklake.io""}},""source"":""mock-csv"",""campaign"":""summer""}",premium item / sample row 750,ok
751,USR-00751,ORD-00751,customer751@shop.test,800.01,KOR,2026-07-04T16:31:00.000Z,010-1751-7257,2,"{""user"":{""contact"":{""email"":""customer751@shop.test""}},""source"":""mock-csv"",""campaign"":""organic""}",support contacted / sample row 751,ok
752,USR-00752,ORD-00752,customer752@acme.com,837.02,JPN,2026-07-01T17:32:00.000Z,010-1752-7264,3,"{""user"":{""contact"":{""email"":""customer752@acme.com""}},""source"":""mock-csv"",""campaign"":""summer""}",fast delivery / sample row 752,ok
753,USR-00753,ORD-00753,customer753@example.com,874.03,USA,2026-07-02T18:33:00.000Z,010-1753-7271,4,"{""user"":{""contact"":{""email"":""customer753@example.com""}},""source"":""mock-csv"",""campaign"":""organic""}",clean packaging / sample row 753,ok
754,USR-00754,ORD-00754,customer754@asklake.io,911.04,KOR,2026-07-03T19:34:00.000Z,010-1754-7278,5,"{""user"":{""contact"":{""email"":""customer754@asklake.io""}},""source"":""mock-csv"",""campaign"":""summer""}",needs follow up / sample row 754,ok
755,USR-00755,ORD-00755,customer755@shop.test,48.05,JPN,2026-07-04T20:35:00.000Z,010-1755-7285,1,"{""user"":{""contact"":{""email"":""customer755@shop.test""}},""source"":""mock-csv"",""campaign"":""organic""}",great value / sample row 755,ok
756,USR-00756,ORD-00756,customer756@acme.com,85.06,USA,2026-07-01T09:36:00.000Z,010-1756-7292,2,"{""user"":{""contact"":{""email"":""customer756@acme.com""}},""source"":""mock-csv"",""campaign"":""summer""}",refund requested / sample row 756,ok
757,USR-00757,ORD-00757,customer757@example.com,122.07,KOR,2026-07-02T10:37:00.000Z,010-1757-7299,3,"{""user"":{""contact"":{""email"":""customer757@example.com""}},""source"":""mock-csv"",""campaign"":""organic""}",repeat buyer / sample row 757,ok
758,USR-00758,ORD-00758,customer758@asklake.io,159.08,JPN,2026-07-03T11:38:00.000Z,010-1758-7306,4,"{""user"":{""contact"":{""email"":""customer758@asklake.io""}},""source"":""mock-csv"",""campaign"":""summer""}",premium item / sample row 758,ok
759,USR-00759,ORD-00759,customer759@shop.test,196.09,USA,2026-07-04T12:39:00.000Z,010-1759-7313,5,"{""user"":{""contact"":{""email"":""customer759@shop.test""}},""source"":""mock-csv"",""campaign"":""organic""}",support contacted / sample row 759,ok
760,USR-00760,ORD-00760,customer760@acme.com,233.10,KOR,2026-07-01T13:40:00.000Z,010-1760-7320,1,"{""user"":{""contact"":{""email"":""customer760@acme.com""}},""source"":""mock-csv"",""campaign"":""summer""}",fast delivery / sample row 760,ok
761,USR-00761,ORD-00761,customer761@example.com,270.11,JPN,2026-07-02T14:41:00.000Z,010-1761-7327,2,"{""user"":{""contact"":{""email"":""customer761@example.com""}},""source"":""mock-csv"",""campaign"":""organic""}",clean packaging / sample row 761,ok
762,USR-00762,ORD-00762,customer762@asklake.io,307.12,USA,2026-07-03T15:42:00.000Z,010-1762-7334,3,"{""user"":{""contact"":{""email"":""customer762@asklake.io""}},""source"":""mock-csv"",""campaign"":""summer""}",needs follow up / sample row 762,ok
763,USR-00763,ORD-00763,customer763@shop.test,344.13,KOR,2026-07-04T16:43:00.000Z,010-1763-7341,4,"{""user"":{""contact"":{""email"":""customer763@shop.test""}},""source"":""mock-csv"",""campaign"":""organic""}",great value / sample row 763,ok
764,USR-00764,ORD-00764,customer764@acme.com,381.14,JPN,2026-07-01T17:44:00.000Z,010-1764-7348,5,"{""user"":{""contact"":{""email"":""customer764@acme.com""}},""source"":""mock-csv"",""campaign"":""summer""}",refund requested / sample row 764,ok
765,USR-00765,ORD-00765,customer765@example.com,418.15,USA,2026-07-02T18:45:00.000Z,010-1765-7355,1,"{""user"":{""contact"":{""email"":""customer765@example.com""}},""source"":""mock-csv"",""campaign"":""organic""}",repeat buyer / sample row 765,ok
766,USR-00766,ORD-00766,customer766@asklake.io,455.16,KOR,2026-07-03T19:46:00.000Z,010-1766-7362,2,"{""user"":{""contact"":{""email"":""customer766@asklake.io""}},""source"":""mock-csv"",""campaign"":""summer""}",premium item / sample row 766,ok
767,USR-00767,ORD-00767,customer767@shop.test,492.17,JPN,2026-07-04T20:47:00.000Z,010-1767-7369,3,"{""user"":{""contact"":{""email"":""customer767@shop.test""}},""source"":""mock-csv"",""campaign"":""organic""}",support contacted / sample row 767,ok
768,USR-00768,ORD-00768,customer768@acme.com,529.18,USA,2026-07-01T09:48:00.000Z,010-1768-7376,4,"{""user"":{""contact"":{""email"":""customer768@acme.com""}},""source"":""mock-csv"",""campaign"":""summer""}",fast delivery / sample row 768,ok
769,USR-00769,ORD-00769,customer769@example.com,566.19,KOR,2026-07-02T10:49:00.000Z,010-1769-7383,5,"{""user"":{""contact"":{""email"":""customer769@example.com""}},""source"":""mock-csv"",""campaign"":""organic""}",clean packaging / sample row 769,ok
770,USR-00770,ORD-00770,customer770@asklake.io,603.20,JPN,2026-07-03T11:50:00.000Z,010-1770-7390,1,"{""user"":{""contact"":{""email"":""customer770@asklake.io""}},""source"":""mock-csv"",""campaign"":""summer""}",needs follow up / sample row 770,ok
771,USR-00771,ORD-00771,customer771@shop.test,640.21,USA,2026-07-04T12:51:00.000Z,010-1771-7397,2,"{""user"":{""contact"":{""email"":""customer771@shop.test""}},""source"":""mock-csv"",""campaign"":""organic""}",great value / sample row 771,ok
772,USR-00772,ORD-00772,customer772@acme.com,677.22,KOR,2026-07-01T13:52:00.000Z,010-1772-7404,3,"{""user"":{""contact"":{""email"":""customer772@acme.com""}},""source"":""mock-csv"",""campaign"":""summer""}",refund requested / sample row 772,ok
773,USR-00773,ORD-00773,customer773@example.com,714.23,JPN,2026-07-02T14:53:00.000Z,010-1773-7411,4,"{""user"":{""contact"":{""email"":""customer773@example.com""}},""source"":""mock-csv"",""campaign"":""organic""}",repeat buyer / sample row 773,ok
774,USR-00774,ORD-00774,customer774@asklake.io,751.24,USA,2026-07-03T15:54:00.000Z,010-1774-7418,5,"{""user"":{""contact"":{""email"":""customer774@asklake.io""}},""source"":""mock-csv"",""campaign"":""summer""}",premium item / sample row 774,ok
775,USR-00775,ORD-00775,customer775@shop.test,788.25,KOR,2026-07-04T16:55:00.000Z,010-1775-7425,1,"{""user"":{""contact"":{""email"":""customer775@shop.test""}},""source"":""mock-csv"",""campaign"":""organic""}",support contacted / sample row 775,ok
776,USR-00776,ORD-00776,customer776@acme.com,-31.00,JPN,2026-07-01T17:56:00.000Z,010-1776-7432,2,"{""user"":{""contact"":{""email"":""customer776@acme.com""}},""source"":""mock-csv"",""campaign"":""summer""}",fast delivery / sample row 776,non_positive_price
777,USR-00777,ORD-00777,customer777@example.com,862.27,USA,2026-07-02T18:57:00.000Z,010-1777-7439,3,"{""user"":{""contact"":{""email"":""customer777@example.com""}},""source"":""mock-csv"",""campaign"":""organic""}",clean packaging / sample row 777,ok
778,USR-00778,ORD-00778,customer778@asklake.io,899.28,KOR,2026-07-03T19:58:00.000Z,010-1778-7446,4,"{""user"":{""contact"":{""email"":""customer778@asklake.io""}},""source"":""mock-csv"",""campaign"":""summer""}",needs follow up / sample row 778,ok
779,USR-00779,ORD-00779,customer779@shop.test,36.29,JPN,2026-07-04T20:59:00.000Z,010-1779-7453,5,"{""user"":{""contact"":{""email"":""customer779@shop.test""}},""source"":""mock-csv"",""campaign"":""organic""}",great value / sample row 779,ok
780,USR-00780,ORD-00780,customer780@acme.com,73.30,USA,2026-07-01T09:00:00.000Z,010-1780-7460,1,"{""user"":{""contact"":{""email"":""customer780@acme.com""}},""source"":""mock-csv"",""campaign"":""summer""}",refund requested / sample row 780,ok
781,USR-00781,ORD-00781,customer781@example.com,110.31,KOR,2026-07-02T10:01:00.000Z,010-1781-7467,2,"{""user"":{""contact"":{""email"":""customer781@example.com""}},""source"":""mock-csv"",""campaign"":""organic""}",repeat buyer / sample row 781,ok
782,USR-00782,ORD-00782,customer782@asklake.io,147.32,JPN,2026-07-03T11:02:00.000Z,010-1782-7474,3,"{""user"":{""contact"":{""email"":""customer782@asklake.io""}},""source"":""mock-csv"",""campaign"":""summer""}",premium item / sample row 782,ok
783,USR-00783,ORD-00783,customer783@shop.test,184.33,USA,2026-07-04T12:03:00.000Z,010-1783-7481,4,"{""user"":{""contact"":{""email"":""customer783@shop.test""}},""source"":""mock-csv"",""campaign"":""organic""}",support contacted / sample row 783,ok
784,USR-00784,ORD-00784,customer784@acme.com,221.34,KOR,2026-07-01T13:04:00.000Z,010-1784-7488,5,"{""user"":{""contact"":{""email"":""customer784@acme.com""}},""source"":""mock-csv"",""campaign"":""summer""}",fast delivery / sample row 784,ok
785,USR-00785,ORD-00785,customer785@example.com,258.35,JPN,2026-07-02T14:05:00.000Z,010-1785-7495,1,"{""user"":{""contact"":{""email"":""customer785@example.com""}},""source"":""mock-csv"",""campaign"":""organic""}",clean packaging / sample row 785,ok
786,USR-00786,ORD-00786,customer786_invalid_email,295.36,USA,2026-07-03T15:06:00.000Z,010-1786-7502,2,"{""user"":{""contact"":{""email"":""customer786_invalid_email""}},""source"":""mock-csv"",""campaign"":""summer""}",needs follow up / sample row 786,invalid_email
787,USR-00787,ORD-00787,customer787@shop.test,332.37,KOR,2026-07-04T16:07:00.000Z,010-1787-7509,3,"{""user"":{""contact"":{""email"":""customer787@shop.test""}},""source"":""mock-csv"",""campaign"":""organic""}",great value / sample row 787,ok
788,USR-00788,ORD-00788,customer788@acme.com,369.38,JPN,2026-07-01T17:08:00.000Z,010-1788-7516,4,"{""user"":{""contact"":{""email"":""customer788@acme.com""}},""source"":""mock-csv"",""campaign"":""summer""}",refund requested / sample row 788,ok
789,USR-00789,ORD-00789,customer789@example.com,406.39,USA,2026-07-02T18:09:00.000Z,010-1789-7523,5,"{""user"":{""contact"":{""email"":""customer789@example.com""}},""source"":""mock-csv"",""campaign"":""organic""}",repeat buyer / sample row 789,ok
790,USR-00790,ORD-00790,customer790@asklake.io,443.40,KOR,2026-07-03T19:10:00.000Z,010-1790-7530,1,"{""user"":{""contact"":{""email"":""customer790@asklake.io""}},""source"":""mock-csv"",""campaign"":""summer""}",premium item / sample row 790,ok
791,,ORD-00791,customer791@shop.test,480.41,JPN,2026-07-04T20:11:00.000Z,010-1791-7537,2,"{""user"":{""contact"":{""email"":""customer791@shop.test""}},""source"":""mock-csv"",""campaign"":""organic""}",support contacted / sample row 791,missing user_id
792,USR-00792,ORD-00792,customer792@acme.com,517.42,USA,2026-07-01T09:12:00.000Z,010-1792-7544,3,"{""user"":{""contact"":{""email"":""customer792@acme.com""}},""source"":""mock-csv"",""campaign"":""summer""}",fast delivery / sample row 792,ok
793,USR-00793,ORD-00793,customer793@example.com,554.43,KOR,2026-07-02T10:13:00.000Z,010-1793-7551,4,"{""user"":{""contact"":{""email"":""customer793@example.com""}},""source"":""mock-csv"",""campaign"":""organic""}",clean packaging / sample row 793,ok
794,USR-00794,ORD-00794,customer794@asklake.io,591.44,JPN,2026-07-03T11:14:00.000Z,010-1794-7558,5,"{""user"":{""contact"":{""email"":""customer794@asklake.io""}},""source"":""mock-csv"",""campaign"":""summer""}",needs follow up / sample row 794,ok
795,USR-00795,ORD-00795,customer795@shop.test,628.45,USA,2026-07-04T12:15:00.000Z,010-1795-7565,1,"{""user"":{""contact"":{""email"":""customer795@shop.test""}},""source"":""mock-csv"",""campaign"":""organic""}",great value / sample row 795,ok
796,USR-00796,ORD-00796,customer796@acme.com,665.46,KOR,2026-07-01T13:16:00.000Z,010-1796-7572,2,"{""user"":{""contact"":{""email"":""customer796@acme.com""}},""source"":""mock-csv"",""campaign"":""summer""}",refund requested / sample row 796,ok
797,USR-00797,ORD-00797,customer797@example.com,702.47,JPN,2026-07-02T14:17:00.000Z,010-1797-7579,3,"{""user"":{""contact"":{""email"":""customer797@example.com""}},""source"":""mock-csv"",""campaign"":""organic""}",repeat buyer / sample row 797,ok
798,USR-00798,ORD-00798,customer798@asklake.io,739.48,USA,2026-07-03T15:18:00.000Z,010-1798-7586,4,"{""user"":{""contact"":{""email"":""customer798@asklake.io""}},""source"":""mock-csv"",""campaign"":""summer""}",premium item / sample row 798,ok
799,USR-00799,ORD-00799,customer799@shop.test,776.49,KOR,2026-07-04T16:19:00.000Z,010-1799-7593,5,"{""user"":{""contact"":{""email"":""customer799@shop.test""}},""source"":""mock-csv"",""campaign"":""organic""}",support contacted / sample row 799,ok
800,USR-00800,ORD-00800,customer800@acme.com,812.50,JPN,2026-07-01T17:20:00.000Z,010-1800-7600,1,"{""user"":{""contact"":{""email"":""customer800@acme.com""}},""source"":""mock-csv"",""campaign"":""summer""}",fast delivery / sample row 800,ok
801,USR-00801,ORD-00801,customer801@example.com,849.51,BRA,2026-07-02T18:21:00.000Z,010-1801-7607,2,"{""user"":{""contact"":{""email"":""customer801@example.com""}},""source"":""mock-csv"",""campaign"":""organic""}",clean packaging / sample row 801,country_not_allowed
802,USR-00802,ORD-00802,customer802@asklake.io,886.52,KOR,2026-07-03T19:22:00.000Z,010-1802-7614,3,"{""user"":{""contact"":{""email"":""customer802@asklake.io""}},""source"":""mock-csv"",""campaign"":""summer""}",needs follow up / sample row 802,ok
803,USR-00803,ORD-00803,customer803@shop.test,23.53,JPN,2026-07-04T20:23:00.000Z,010-1803-7621,4,"{""user"":{""contact"":{""email"":""customer803@shop.test""}},""source"":""mock-csv"",""campaign"":""organic""}",great value / sample row 803,ok
804,USR-00804,ORD-00804,customer804@acme.com,60.54,USA,2026-07-01T09:24:00.000Z,010-1804-7628,5,"{""user"":{""contact"":{""email"":""customer804@acme.com""}},""source"":""mock-csv"",""campaign"":""summer""}",refund requested / sample row 804,ok
805,USR-00805,ORD-00805,customer805@example.com,97.55,KOR,2026-07-02T10:25:00.000Z,010-1805-7635,1,"{""user"":{""contact"":{""email"":""customer805@example.com""}},""source"":""mock-csv"",""campaign"":""organic""}",repeat buyer / sample row 805,ok
806,USR-00806,ORD-00806,customer806@asklake.io,134.56,JPN,2026-07-03T11:26:00.000Z,010-1806-7642,2,"{""user"":{""contact"":{""email"":""customer806@asklake.io""}},""source"":""mock-csv"",""campaign"":""summer""}",premium item / sample row 806,ok
807,USR-00807,ORD-00807,customer807@shop.test,171.57,USA,2026-07-04T12:27:00.000Z,010-1807-7649,3,"{""user"":{""contact"":{""email"":""customer807@shop.test""}},""source"":""mock-csv"",""campaign"":""organic""}",support contacted / sample row 807,ok
808,USR-00808,ORD-00808,customer808@acme.com,208.58,KOR,2026-07-01T13:28:00.000Z,010-1808-7656,4,"{""user"":{""contact"":{""email"":""customer808@acme.com""}},""source"":""mock-csv"",""campaign"":""summer""}",fast delivery / sample row 808,ok
809,USR-00809,ORD-00809,customer809@example.com,245.59,JPN,2026-07-02T14:29:00.000Z,010-1809-7663,5,"{""user"":{""contact"":{""email"":""customer809@example.com""}},""source"":""mock-csv"",""campaign"":""organic""}",clean packaging / sample row 809,ok
810,USR-00810,ORD-00810,customer810@asklake.io,282.60,USA,2026-07-03T15:30:00.000Z,010-1810-7670,1,"{""user"":{""contact"":{""email"":""customer810@asklake.io""}},""source"":""mock-csv"",""campaign"":""summer""}",needs follow up / sample row 810,ok
811,USR-00811,ORD-00811,customer811@shop.test,319.61,KOR,2026-07-04T16:31:00.000Z,010-1811-7677,2,"{""user"":{""contact"":{""email"":""customer811@shop.test""}},""source"":""mock-csv"",""campaign"":""organic""}",great value / sample row 811,ok
812,USR-00812,ORD-00812,customer812@acme.com,356.62,JPN,2026-07-01T17:32:00.000Z,010-1812-7684,3,"{""user"":{""contact"":{""email"":""customer812@acme.com""}},""source"":""mock-csv"",""campaign"":""summer""}",refund requested / sample row 812,ok
813,USR-00813,ORD-00813,customer813@example.com,393.63,USA,2026-07-02T18:33:00.000Z,010-1813-7691,4,"{""user"":{""contact"":{""email"":""customer813@example.com""}},""source"":""mock-csv"",""campaign"":""organic""}",repeat buyer / sample row 813,ok
814,USR-00814,ORD-00814,customer814@asklake.io,430.64,KOR,2026-07-03T19:34:00.000Z,010-1814-7698,5,"{""user"":{""contact"":{""email"":""customer814@asklake.io""}},""source"":""mock-csv"",""campaign"":""summer""}",premium item / sample row 814,ok
815,USR-00815,ORD-00815,customer815@shop.test,467.65,JPN,2026-07-04T20:35:00.000Z,010-1815-7705,1,"{""user"":{""contact"":{""email"":""customer815@shop.test""}},""source"":""mock-csv"",""campaign"":""organic""}",support contacted / sample row 815,ok
816,USR-00816,ORD-00816,customer816@acme.com,504.66,USA,2026-07-01T09:36:00.000Z,010-1816-7712,2,"{""user"":{""contact"":{""email"":""customer816@acme.com""}},""source"":""mock-csv"",""campaign"":""summer""}",fast delivery / sample row 816,ok
817,USR-00817,ORD-00817,customer817@example.com,541.67,KOR,2026-07-02T10:37:00.000Z,010-1817-7719,3,"{""user"":{""contact"":{""email"":""customer817@example.com""}},""source"":""mock-csv"",""campaign"":""organic""}",clean packaging / sample row 817,ok
818,USR-00818,ORD-00818,customer818@asklake.io,578.68,JPN,2026-07-03T11:38:00.000Z,010-1818-7726,4,"{""user"":{""contact"":{""email"":""customer818@asklake.io""}},""source"":""mock-csv"",""campaign"":""summer""}",needs follow up / sample row 818,ok
819,USR-00819,ORD-00819,customer819@shop.test,615.69,USA,2026-07-04T12:39:00.000Z,010-1819-7733,5,"{""user"":{""contact"":{""email"":""customer819@shop.test""}},""source"":""mock-csv"",""campaign"":""organic""}",great value / sample row 819,ok
820,USR-00820,ORD-00820,customer820@acme.com,652.70,KOR,2026-07-01T13:40:00.000Z,010-1820-7740,1,"{""user"":{""contact"":{""email"":""customer820@acme.com""}},""source"":""mock-csv"",""campaign"":""summer""}",refund requested / sample row 820,ok
821,USR-00821,ORD-00821,customer821@example.com,689.71,JPN,2026-07-02T14:41:00.000Z,010-1821-7747,2,"{""user"":{""contact"":{""email"":""customer821@example.com""}},""source"":""mock-csv"",""campaign"":""organic""}",repeat buyer / sample row 821,ok
822,USR-00822,ORD-00822,customer822@asklake.io,726.72,USA,2026-07-03T15:42:00.000Z,010-1822-7754,3,"{""user"":{""contact"":{""email"":""customer822@asklake.io""}},""source"":""mock-csv"",""campaign"":""summer""}",premium item / sample row 822,ok
823,USR-00823,ORD-00823,customer823@shop.test,763.73,KOR,2026-07-04T16:43:00.000Z,010-1823-7761,4,"{""user"":{""contact"":{""email"":""customer823@shop.test""}},""source"":""mock-csv"",""campaign"":""organic""}",support contacted / sample row 823,ok
824,USR-00824,ORD-00824,customer824@acme.com,800.74,JPN,2026-07-01T17:44:00.000Z,010-1824-7768,5,"{""user"":{""contact"":{""email"":""customer824@acme.com""}},""source"":""mock-csv"",""campaign"":""summer""}",fast delivery / sample row 824,ok
825,USR-00825,ORD-00825,customer825@example.com,837.75,USA,2026-07-02T18:45:00.000Z,010-1825-7775,1,"{""user"":{""contact"":{""email"":""customer825@example.com""}},""source"":""mock-csv"",""campaign"":""organic""}",clean packaging / sample row 825,ok
826,USR-00826,ORD-00826,customer826@asklake.io,874.76,KOR,2026-07-03T19:46:00.000Z,010-1826-7782,2,"{""user"":{""contact"":{""email"":""customer826@asklake.io""}},""source"":""mock-csv"",""campaign"":""summer""}",needs follow up / sample row 826,ok
827,USR-00827,ORD-00827,customer827@shop.test,911.77,JPN,2026-07-04T20:47:00.000Z,010-1827-7789,3,"{""user"":{""contact"":{""email"":""customer827@shop.test""}},""source"":""mock-csv"",""campaign"":""organic""}",great value / sample row 827,ok
828,USR-00828,ORD-00828,customer828@acme.com,48.78,USA,2026-07-01T09:48:00.000Z,010-1828-7796,4,"{""user"":{""contact"":{""email"":""customer828@acme.com""}},""source"":""mock-csv"",""campaign"":""summer""}",refund requested / sample row 828,ok
829,USR-00829,ORD-00829,customer829@example.com,85.79,KOR,2026-07-02T10:49:00.000Z,010-1829-7803,5,"{""user"":{""contact"":{""email"":""customer829@example.com""}},""source"":""mock-csv"",""campaign"":""organic""}",repeat buyer / sample row 829,ok
830,USR-00830,ORD-00830,customer830@asklake.io,122.80,JPN,2026-07-03T11:50:00.000Z,010-1830-7810,1,"{""user"":{""contact"":{""email"":""customer830@asklake.io""}},""source"":""mock-csv"",""campaign"":""summer""}",premium item / sample row 830,ok
831,USR-00831,ORD-00831,customer831@shop.test,159.81,USA,2026-07-04T12:51:00.000Z,010-1831-7817,2,"{""user"":{""contact"":{""email"":""customer831@shop.test""}},""source"":""mock-csv"",""campaign"":""organic""}",support contacted / sample row 831,ok
832,USR-00832,ORD-00832,customer832@acme.com,196.82,KOR,2026-07-01T13:52:00.000Z,010-1832-7824,3,"{""user"":{""contact"":{""email"":""customer832@acme.com""}},""source"":""mock-csv"",""campaign"":""summer""}",fast delivery / sample row 832,ok
833,USR-00833,ORD-00833,customer833@example.com,233.83,JPN,2026-07-02T14:53:00.000Z,010-1833-7831,4,"{""user"":{""contact"":{""email"":""customer833@example.com""}},""source"":""mock-csv"",""campaign"":""organic""}",clean packaging / sample row 833,ok
834,USR-00834,ORD-00834,customer834@asklake.io,270.84,USA,2026-07-03T15:54:00.000Z,010-1834-7838,5,"{""user"":{""contact"":{""email"":""customer834@asklake.io""}},""source"":""mock-csv"",""campaign"":""summer""}",needs follow up / sample row 834,ok
835,USR-00835,ORD-00835,customer835@shop.test,307.85,KOR,2026-07-04T16:55:00.000Z,010-1835-7845,1,"{""user"":{""contact"":{""email"":""customer835@shop.test""}},""source"":""mock-csv"",""campaign"":""organic""}",great value / sample row 835,ok
836,USR-00836,ORD-00836,customer836@acme.com,344.86,JPN,2026-07-01T17:56:00.000Z,010-1836-7852,2,"{""user"":{""contact"":{""email"":""customer836@acme.com""}},""source"":""mock-csv"",""campaign"":""summer""}",refund requested / sample row 836,ok
837,USR-00837,ORD-00837,customer837@example.com,381.87,USA,2026-07-02T18:57:00.000Z,010-1837-7859,3,"{""user"":{""contact"":{""email"":""customer837@example.com""}},""source"":""mock-csv"",""campaign"":""organic""}",repeat buyer / sample row 837,ok
838,USR-00838,ORD-00838,customer838@asklake.io,418.88,KOR,2026-07-03T19:58:00.000Z,010-1838-7866,4,"{""user"":{""contact"":{""email"":""customer838@asklake.io""}},""source"":""mock-csv"",""campaign"":""summer""}",premium item / sample row 838,ok
839,USR-00839,ORD-00839,customer839@shop.test,455.89,JPN,2026-07-04T20:59:00.000Z,010-1839-7873,5,"{""user"":{""contact"":{""email"":""customer839@shop.test""}},""source"":""mock-csv"",""campaign"":""organic""}",support contacted / sample row 839,ok
840,USR-00840,ORD-00840,customer840@acme.com,492.90,USA,2026-07-01T09:00:00.000Z,010-1840-7880,1,"{""user"":{""contact"":{""email"":""customer840@acme.com""}},""source"":""mock-csv"",""campaign"":""summer""}",fast delivery / sample row 840,ok
841,USR-00841,ORD-00841,customer841@example.com,529.91,KOR,2026-07-02T10:01:00.000Z,010-1841-7887,2,"{""user"":{""contact"":{""email"":""customer841@example.com""}},""source"":""mock-csv"",""campaign"":""organic""}",clean packaging / sample row 841,ok
842,USR-00842,ORD-00842,customer842@asklake.io,566.92,JPN,2026-07-03T11:02:00.000Z,010-1842-7894,3,"{""user"":{""contact"":{""email"":""customer842@asklake.io""}},""source"":""mock-csv"",""campaign"":""summer""}",needs follow up / sample row 842,ok
843,USR-00843,ORD-00843,customer843@shop.test,603.93,USA,2026-07-04T12:03:00.000Z,010-1843-7901,4,"{""user"":{""contact"":{""email"":""customer843@shop.test""}},""source"":""mock-csv"",""campaign"":""organic""}",great value / sample row 843,ok
844,USR-00844,ORD-00843,customer844@acme.com,640.94,KOR,2026-07-01T13:04:00.000Z,010-1844-7908,5,"{""user"":{""contact"":{""email"":""customer844@acme.com""}},""source"":""mock-csv"",""campaign"":""summer""}",refund requested / sample row 844,duplicate_order_id
845,USR-00845,ORD-00845,customer845@example.com,677.95,JPN,2026-07-02T14:05:00.000Z,010-1845-7915,1,"{""user"":{""contact"":{""email"":""customer845@example.com""}},""source"":""mock-csv"",""campaign"":""organic""}",repeat buyer / sample row 845,ok
846,USR-00846,ORD-00846,customer846@asklake.io,714.96,USA,2026-07-03T15:06:00.000Z,010-1846-7922,2,"{""user"":{""contact"":{""email"":""customer846@asklake.io""}},""source"":""mock-csv"",""campaign"":""summer""}",premium item / sample row 846,ok
847,USR-00847,ORD-00847,customer847@shop.test,751.97,KOR,2026-07-04T16:07:00.000Z,010-1847-7929,3,"{""user"":{""contact"":{""email"":""customer847@shop.test""}},""source"":""mock-csv"",""campaign"":""organic""}",support contacted / sample row 847,ok
848,USR-00848,ORD-00848,customer848@acme.com,788.98,JPN,2026-07-01T17:08:00.000Z,010-1848-7936,4,"{""user"":{""contact"":{""email"":""customer848@acme.com""}},""source"":""mock-csv"",""campaign"":""summer""}",fast delivery / sample row 848,ok
849,USR-00849,ORD-00849,customer849@example.com,825.99,USA,2026-07-02T18:09:00.000Z,010-1849-7943,5,"{""user"":{""contact"":{""email"":""customer849@example.com""}},""source"":""mock-csv"",""campaign"":""organic""}",clean packaging / sample row 849,ok
850,USR-00850,ORD-00850,customer850@asklake.io,863.00,KOR,2026-07-03T19:10:00.000Z,010-1850-7950,1,"{""user"":{""contact"":{""email"":""customer850@asklake.io""}},""source"":""mock-csv"",""campaign"":""summer""}",needs follow up / sample row 850,ok
851,USR-00851,ORD-00851,customer851@shop.test,900.01,JPN,2026-07-04T20:11:00.000Z,010-1851-7957,2,"{""user"":{""contact"":{""email"":""customer851@shop.test""}},""source"":""mock-csv"",""campaign"":""organic""}",great value / sample row 851,ok
852,USR-00852,ORD-00852,customer852@acme.com,37.02,USA,2026-07-01T09:12:00.000Z,010-1852-7964,3,"{""user"":{""contact"":{""email"":""customer852@acme.com""}},""source"":""mock-csv"",""campaign"":""summer""}",refund requested / sample row 852,ok
853,USR-00853,ORD-00853,customer853@example.com,74.03,KOR,2026-07-02T10:13:00.000Z,010-1853-7971,4,"{""user"":{""contact"":{""email"":""customer853@example.com""}},""source"":""mock-csv"",""campaign"":""organic""}",repeat buyer / sample row 853,ok
854,USR-00854,ORD-00854,customer854@asklake.io,111.04,JPN,2026-07-03T11:14:00.000Z,010-1854-7978,5,"{""user"":{""contact"":{""email"":""customer854@asklake.io""}},""source"":""mock-csv"",""campaign"":""summer""}",premium item / sample row 854,ok
855,USR-00855,ORD-00855,customer855@shop.test,148.05,USA,2026-07-04T12:15:00.000Z,010-1855-7985,1,"{""user"":{""contact"":{""email"":""customer855@shop.test""}},""source"":""mock-csv"",""campaign"":""organic""}",support contacted / sample row 855,ok
856,USR-00856,ORD-00856,customer856@acme.com,185.06,KOR,2026-07-01T13:16:00.000Z,010-1856-7992,2,"{""user"":{""contact"":{""email"":""customer856@acme.com""}},""source"":""mock-csv"",""campaign"":""summer""}",fast delivery / sample row 856,ok
857,USR-00857,ORD-00857,customer857@example.com,222.07,JPN,2026-07-02T14:17:00.000Z,010-1857-7999,3,"{""user"":{""contact"":{""email"":""customer857@example.com""}},""source"":""mock-csv"",""campaign"":""organic""}",clean packaging / sample row 857,ok
858,USR-00858,ORD-00858,customer858@asklake.io,259.08,USA,2026-07-03T15:18:00.000Z,010-1858-8006,4,"{""user"":{""contact"":{""email"":""customer858@asklake.io""}},""source"":""mock-csv"",""campaign"":""summer""}",needs follow up / sample row 858,ok
859,USR-00859,ORD-00859,customer859@shop.test,296.09,KOR,2026-07-04T16:19:00.000Z,010-1859-8013,5,"{""user"":{""contact"":{""email"":""customer859@shop.test""}},""source"":""mock-csv"",""campaign"":""organic""}",great value / sample row 859,ok
860,USR-00860,ORD-00860,customer860@acme.com,333.10,JPN,2026-07-01T17:20:00.000Z,010-1860-8020,1,"{""user"":{""contact"":{""email"":""customer860@acme.com""}},""source"":""mock-csv"",""campaign"":""summer""}",refund requested / sample row 860,ok
861,USR-00861,ORD-00861,customer861@example.com,370.11,USA,2026-07-02T18:21:00.000Z,010-1861-8027,2,"{""user"":{""contact"":{""email"":""customer861@example.com""}},""source"":""mock-csv"",""campaign"":""organic""}",repeat buyer / sample row 861,ok
862,USR-00862,ORD-00862,customer862@asklake.io,407.12,KOR,2026-07-03T19:22:00.000Z,010-1862-8034,3,"{""user"":{""contact"":{""email"":""customer862@asklake.io""}},""source"":""mock-csv"",""campaign"":""summer""}",premium item / sample row 862,ok
863,USR-00863,ORD-00863,customer863@shop.test,444.13,JPN,2026-07-04T20:23:00.000Z,010-1863-8041,4,"{""user"":{""contact"":{""email"":""customer863@shop.test""}},""source"":""mock-csv"",""campaign"":""organic""}",support contacted / sample row 863,ok
864,USR-00864,ORD-00864,customer864@acme.com,481.14,USA,2026-07-01T09:24:00.000Z,010-1864-8048,5,"{""user"":{""contact"":{""email"":""customer864@acme.com""}},""source"":""mock-csv"",""campaign"":""summer""}",fast delivery / sample row 864,ok
865,USR-00865,ORD-00865,customer865@example.com,518.15,KOR,2026-07-02T10:25:00.000Z,010-1865-8055,1,"{""user"":{""contact"":{""email"":""customer865@example.com""}},""source"":""mock-csv"",""campaign"":""organic""}",clean packaging / sample row 865,ok
866,USR-00866,ORD-00866,customer866@asklake.io,555.16,JPN,2026-07-03T11:26:00.000Z,010-1866-8062,2,"{""user"":{""contact"":{""email"":""customer866@asklake.io""}},""source"":""mock-csv"",""campaign"":""summer""}",needs follow up / sample row 866,ok
867,USR-00867,ORD-00867,customer867@shop.test,592.17,USA,2026-07-04T12:27:00.000Z,010-1867-8069,3,"{""user"":{""contact"":{""email"":""customer867@shop.test""}},""source"":""mock-csv"",""campaign"":""organic""}",great value / sample row 867,ok
868,USR-00868,ORD-00868,customer868@acme.com,629.18,KOR,2026-07-01T13:28:00.000Z,010-1868-8076,4,"{""user"":{""contact"":{""email"":""customer868@acme.com""}},""source"":""mock-csv"",""campaign"":""summer""}",refund requested / sample row 868,ok
869,USR-00869,ORD-00869,customer869@example.com,666.19,JPN,2026-07-02T14:29:00.000Z,010-1869-8083,5,"{""user"":{""contact"":{""email"":""customer869@example.com""}},""source"":""mock-csv"",""campaign"":""organic""}",repeat buyer / sample row 869,ok
870,USR-00870,ORD-00870,customer870@asklake.io,703.20,USA,2026-07-03T15:30:00.000Z,010-1870-8090,1,"{""user"":{""contact"":{""email"":""customer870@asklake.io""}},""source"":""mock-csv"",""campaign"":""summer""}",premium item / sample row 870,ok
871,USR-00871,ORD-00871,customer871@shop.test,740.21,KOR,2026-07-04T16:31:00.000Z,010-1871-8097,2,"{""user"":{""contact"":{""email"":""customer871@shop.test""}},""source"":""mock-csv"",""campaign"":""organic""}",support contacted / sample row 871,ok
872,USR-00872,ORD-00872,customer872@acme.com,777.22,JPN,2026-07-01T17:32:00.000Z,010-1872-8104,3,"{""user"":{""contact"":{""email"":""customer872@acme.com""}},""source"":""mock-csv"",""campaign"":""summer""}",fast delivery / sample row 872,ok
873,USR-00873,ORD-00873,customer873@example.com,-8.00,USA,2026-07-02T18:33:00.000Z,010-1873-8111,4,"{""user"":{""contact"":{""email"":""customer873@example.com""}},""source"":""mock-csv"",""campaign"":""organic""}",clean packaging / sample row 873,non_positive_price
874,USR-00874,ORD-00874,customer874@asklake.io,851.24,KOR,2026-07-03T19:34:00.000Z,010-1874-8118,5,"{""user"":{""contact"":{""email"":""customer874@asklake.io""}},""source"":""mock-csv"",""campaign"":""summer""}",needs follow up / sample row 874,ok
875,USR-00875,ORD-00875,customer875@shop.test,888.25,JPN,2026-07-04T20:35:00.000Z,010-1875-8125,1,"{""user"":{""contact"":{""email"":""customer875@shop.test""}},""source"":""mock-csv"",""campaign"":""organic""}",great value / sample row 875,ok
876,USR-00876,ORD-00876,customer876@acme.com,25.26,USA,2026-07-01T09:36:00.000Z,010-1876-8132,2,"{""user"":{""contact"":{""email"":""customer876@acme.com""}},""source"":""mock-csv"",""campaign"":""summer""}",refund requested / sample row 876,ok
877,USR-00877,ORD-00877,customer877@example.com,62.27,KOR,2026-07-02T10:37:00.000Z,010-1877-8139,3,"{""user"":{""contact"":{""email"":""customer877@example.com""}},""source"":""mock-csv"",""campaign"":""organic""}",repeat buyer / sample row 877,ok
878,USR-00878,ORD-00878,customer878@asklake.io,99.28,JPN,2026-07-03T11:38:00.000Z,010-1878-8146,4,"{""user"":{""contact"":{""email"":""customer878@asklake.io""}},""source"":""mock-csv"",""campaign"":""summer""}",premium item / sample row 878,ok
879,USR-00879,ORD-00879,customer879@shop.test,136.29,USA,2026-07-04T12:39:00.000Z,010-1879-8153,5,"{""user"":{""contact"":{""email"":""customer879@shop.test""}},""source"":""mock-csv"",""campaign"":""organic""}",support contacted / sample row 879,ok
880,USR-00880,ORD-00880,customer880@acme.com,173.30,KOR,2026-07-01T13:40:00.000Z,010-1880-8160,1,"{""user"":{""contact"":{""email"":""customer880@acme.com""}},""source"":""mock-csv"",""campaign"":""summer""}",fast delivery / sample row 880,ok
881,USR-00881,ORD-00881,customer881@example.com,210.31,JPN,2026-07-02T14:41:00.000Z,010-1881-8167,2,"{""user"":{""contact"":{""email"":""customer881@example.com""}},""source"":""mock-csv"",""campaign"":""organic""}",clean packaging / sample row 881,ok
882,USR-00882,ORD-00882,customer882@asklake.io,247.32,USA,2026-07-03T15:42:00.000Z,010-1882-8174,3,"{""user"":{""contact"":{""email"":""customer882@asklake.io""}},""source"":""mock-csv"",""campaign"":""summer""}",needs follow up / sample row 882,ok
883,USR-00883,ORD-00883,customer883@shop.test,284.33,KOR,2026-07-04T16:43:00.000Z,010-1883-8181,4,"{""user"":{""contact"":{""email"":""customer883@shop.test""}},""source"":""mock-csv"",""campaign"":""organic""}",great value / sample row 883,ok
884,USR-00884,ORD-00884,customer884@acme.com,321.34,JPN,2026-07-01T17:44:00.000Z,010-1884-8188,5,"{""user"":{""contact"":{""email"":""customer884@acme.com""}},""source"":""mock-csv"",""campaign"":""summer""}",refund requested / sample row 884,ok
885,USR-00885,ORD-00885,customer885@example.com,358.35,USA,2026-07-02T18:45:00.000Z,010-1885-8195,1,"{""user"":{""contact"":{""email"":""customer885@example.com""}},""source"":""mock-csv"",""campaign"":""organic""}",repeat buyer / sample row 885,ok
886,USR-00886,ORD-00886,customer886@asklake.io,395.36,KOR,2026-07-03T19:46:00.000Z,010-1886-8202,2,"{""user"":{""contact"":{""email"":""customer886@asklake.io""}},""source"":""mock-csv"",""campaign"":""summer""}",premium item / sample row 886,ok
887,USR-00887,ORD-00887,customer887@shop.test,432.37,JPN,2026-07-04T20:47:00.000Z,010-1887-8209,3,"{""user"":{""contact"":{""email"":""customer887@shop.test""}},""source"":""mock-csv"",""campaign"":""organic""}",support contacted / sample row 887,ok
888,USR-00888,ORD-00888,customer888@acme.com,469.38,USA,2026-07-01T09:48:00.000Z,010-1888-8216,4,"{""user"":{""contact"":{""email"":""customer888@acme.com""}},""source"":""mock-csv"",""campaign"":""summer""}",fast delivery / sample row 888,ok
889,USR-00889,ORD-00889,customer889@example.com,506.39,KOR,2026-07-02T10:49:00.000Z,010-1889-8223,5,"{""user"":{""contact"":{""email"":""customer889@example.com""}},""source"":""mock-csv"",""campaign"":""organic""}",clean packaging / sample row 889,ok
890,USR-00890,ORD-00890,customer890@asklake.io,543.40,BRA,2026-07-03T11:50:00.000Z,010-1890-8230,1,"{""user"":{""contact"":{""email"":""customer890@asklake.io""}},""source"":""mock-csv"",""campaign"":""summer""}",needs follow up / sample row 890,country_not_allowed
891,USR-00891,ORD-00891,customer891@shop.test,580.41,USA,2026-07-04T12:51:00.000Z,010-1891-8237,2,"{""user"":{""contact"":{""email"":""customer891@shop.test""}},""source"":""mock-csv"",""campaign"":""organic""}",great value / sample row 891,ok
892,USR-00892,ORD-00892,customer892@acme.com,617.42,KOR,2026-07-01T13:52:00.000Z,010-1892-8244,3,"{""user"":{""contact"":{""email"":""customer892@acme.com""}},""source"":""mock-csv"",""campaign"":""summer""}",refund requested / sample row 892,ok
893,USR-00893,ORD-00893,customer893@example.com,654.43,JPN,2026-07-02T14:53:00.000Z,010-1893-8251,4,"{""user"":{""contact"":{""email"":""customer893@example.com""}},""source"":""mock-csv"",""campaign"":""organic""}",repeat buyer / sample row 893,ok
894,USR-00894,ORD-00894,customer894@asklake.io,691.44,USA,2026-07-03T15:54:00.000Z,010-1894-8258,5,"{""user"":{""contact"":{""email"":""customer894@asklake.io""}},""source"":""mock-csv"",""campaign"":""summer""}",premium item / sample row 894,ok
895,USR-00895,ORD-00895,customer895@shop.test,728.45,KOR,2026-07-04T16:55:00.000Z,010-1895-8265,1,"{""user"":{""contact"":{""email"":""customer895@shop.test""}},""source"":""mock-csv"",""campaign"":""organic""}",support contacted / sample row 895,ok
896,USR-00896,ORD-00896,customer896@acme.com,765.46,JPN,2026-07-01T17:56:00.000Z,010-1896-8272,2,"{""user"":{""contact"":{""email"":""customer896@acme.com""}},""source"":""mock-csv"",""campaign"":""summer""}",fast delivery / sample row 896,ok
897,USR-00897,ORD-00897,customer897@example.com,802.47,USA,2026-07-02T18:57:00.000Z,010-1897-8279,3,"{""user"":{""contact"":{""email"":""customer897@example.com""}},""source"":""mock-csv"",""campaign"":""organic""}",clean packaging / sample row 897,ok
898,USR-00898,ORD-00898,customer898@asklake.io,839.48,KOR,2026-07-03T19:58:00.000Z,010-1898-8286,4,"{""user"":{""contact"":{""email"":""customer898@asklake.io""}},""source"":""mock-csv"",""campaign"":""summer""}",needs follow up / sample row 898,ok
899,USR-00899,ORD-00899,customer899@shop.test,876.49,JPN,2026-07-04T20:59:00.000Z,010-1899-8293,5,"{""user"":{""contact"":{""email"":""customer899@shop.test""}},""source"":""mock-csv"",""campaign"":""organic""}",great value / sample row 899,ok
900,USR-00900,ORD-00900,customer900@acme.com,12.50,USA,2026-07-01T09:00:00.000Z,010-1900-8300,1,"{""user"":{""contact"":{""email"":""customer900@acme.com""}},""source"":""mock-csv"",""campaign"":""summer""}",refund requested / sample row 900,ok
901,USR-00901,ORD-00901,customer901@example.com,49.51,KOR,2026-07-02T10:01:00.000Z,010-1901-8307,2,"{""user"":{""contact"":{""email"":""customer901@example.com""}},""source"":""mock-csv"",""campaign"":""organic""}",repeat buyer / sample row 901,ok
902,USR-00902,ORD-00902,customer902@asklake.io,86.52,JPN,2026-07-03T11:02:00.000Z,010-1902-8314,3,"{""user"":{""contact"":{""email"":""customer902@asklake.io""}},""source"":""mock-csv"",""campaign"":""summer""}",premium item / sample row 902,ok
903,USR-00903,ORD-00903,customer903@shop.test,123.53,USA,2026-07-04T12:03:00.000Z,010-1903-8321,4,"{""user"":{""contact"":{""email"":""customer903@shop.test""}},""source"":""mock-csv"",""campaign"":""organic""}",support contacted / sample row 903,ok
904,,ORD-00904,customer904@acme.com,160.54,KOR,2026-07-01T13:04:00.000Z,010-1904-8328,5,"{""user"":{""contact"":{""email"":""customer904@acme.com""}},""source"":""mock-csv"",""campaign"":""summer""}",fast delivery / sample row 904,missing user_id
905,USR-00905,ORD-00905,customer905@example.com,197.55,JPN,2026-07-02T14:05:00.000Z,010-1905-8335,1,"{""user"":{""contact"":{""email"":""customer905@example.com""}},""source"":""mock-csv"",""campaign"":""organic""}",clean packaging / sample row 905,ok
906,USR-00906,ORD-00906,customer906@asklake.io,234.56,USA,2026-07-03T15:06:00.000Z,010-1906-8342,2,"{""user"":{""contact"":{""email"":""customer906@asklake.io""}},""source"":""mock-csv"",""campaign"":""summer""}",needs follow up / sample row 906,ok
907,USR-00907,ORD-00907,customer907@shop.test,271.57,KOR,2026-07-04T16:07:00.000Z,010-1907-8349,3,"{""user"":{""contact"":{""email"":""customer907@shop.test""}},""source"":""mock-csv"",""campaign"":""organic""}",great value / sample row 907,ok
908,USR-00908,ORD-00908,customer908@acme.com,308.58,JPN,2026-07-01T17:08:00.000Z,010-1908-8356,4,"{""user"":{""contact"":{""email"":""customer908@acme.com""}},""source"":""mock-csv"",""campaign"":""summer""}",refund requested / sample row 908,ok
909,USR-00909,ORD-00909,customer909@example.com,345.59,USA,2026-07-02T18:09:00.000Z,010-1909-8363,5,"{""user"":{""contact"":{""email"":""customer909@example.com""}},""source"":""mock-csv"",""campaign"":""organic""}",repeat buyer / sample row 909,ok
910,USR-00910,ORD-00910,customer910@asklake.io,382.60,KOR,2026-07-03T19:10:00.000Z,010-1910-8370,1,"{""user"":{""contact"":{""email"":""customer910@asklake.io""}},""source"":""mock-csv"",""campaign"":""summer""}",premium item / sample row 910,ok
911,USR-00911,ORD-00911,customer911@shop.test,419.61,JPN,2026-07-04T20:11:00.000Z,010-1911-8377,2,"{""user"":{""contact"":{""email"":""customer911@shop.test""}},""source"":""mock-csv"",""campaign"":""organic""}",support contacted / sample row 911,ok
912,USR-00912,ORD-00912,customer912@acme.com,456.62,USA,2026-07-01T09:12:00.000Z,010-1912-8384,3,"{""user"":{""contact"":{""email"":""customer912@acme.com""}},""source"":""mock-csv"",""campaign"":""summer""}",fast delivery / sample row 912,ok
913,USR-00913,ORD-00913,customer913@example.com,493.63,KOR,2026-07-02T10:13:00.000Z,010-1913-8391,4,"{""user"":{""contact"":{""email"":""customer913@example.com""}},""source"":""mock-csv"",""campaign"":""organic""}",clean packaging / sample row 913,ok
914,USR-00914,ORD-00914,customer914@asklake.io,530.64,JPN,2026-07-03T11:14:00.000Z,010-1914-8398,5,"{""user"":{""contact"":{""email"":""customer914@asklake.io""}},""source"":""mock-csv"",""campaign"":""summer""}",needs follow up / sample row 914,ok
915,USR-00915,ORD-00915,customer915@shop.test,567.65,USA,2026-07-04T12:15:00.000Z,010-1915-8405,1,"{""user"":{""contact"":{""email"":""customer915@shop.test""}},""source"":""mock-csv"",""campaign"":""organic""}",great value / sample row 915,ok
916,USR-00916,ORD-00916,customer916@acme.com,604.66,KOR,2026-07-01T13:16:00.000Z,010-1916-8412,2,"{""user"":{""contact"":{""email"":""customer916@acme.com""}},""source"":""mock-csv"",""campaign"":""summer""}",refund requested / sample row 916,ok
917,USR-00917,ORD-00917,customer917_invalid_email,641.67,JPN,2026-07-02T14:17:00.000Z,010-1917-8419,3,"{""user"":{""contact"":{""email"":""customer917_invalid_email""}},""source"":""mock-csv"",""campaign"":""organic""}",repeat buyer / sample row 917,invalid_email
918,USR-00918,ORD-00918,customer918@asklake.io,678.68,USA,2026-07-03T15:18:00.000Z,010-1918-8426,4,"{""user"":{""contact"":{""email"":""customer918@asklake.io""}},""source"":""mock-csv"",""campaign"":""summer""}",premium item / sample row 918,ok
919,USR-00919,ORD-00919,customer919@shop.test,715.69,KOR,2026-07-04T16:19:00.000Z,010-1919-8433,5,"{""user"":{""contact"":{""email"":""customer919@shop.test""}},""source"":""mock-csv"",""campaign"":""organic""}",support contacted / sample row 919,ok
920,USR-00920,ORD-00920,customer920@acme.com,752.70,JPN,2026-07-01T17:20:00.000Z,010-1920-8440,1,"{""user"":{""contact"":{""email"":""customer920@acme.com""}},""source"":""mock-csv"",""campaign"":""summer""}",fast delivery / sample row 920,ok
921,USR-00921,ORD-00921,customer921@example.com,789.71,USA,2026-07-02T18:21:00.000Z,010-1921-8447,2,"{""user"":{""contact"":{""email"":""customer921@example.com""}},""source"":""mock-csv"",""campaign"":""organic""}",clean packaging / sample row 921,ok
922,USR-00922,ORD-00922,customer922@asklake.io,826.72,KOR,2026-07-03T19:22:00.000Z,010-1922-8454,3,"{""user"":{""contact"":{""email"":""customer922@asklake.io""}},""source"":""mock-csv"",""campaign"":""summer""}",needs follow up / sample row 922,ok
923,USR-00923,ORD-00923,customer923@shop.test,863.73,JPN,2026-07-04T20:23:00.000Z,010-1923-8461,4,"{""user"":{""contact"":{""email"":""customer923@shop.test""}},""source"":""mock-csv"",""campaign"":""organic""}",great value / sample row 923,ok
924,USR-00924,ORD-00924,customer924@acme.com,900.74,USA,2026-07-01T09:24:00.000Z,010-1924-8468,5,"{""user"":{""contact"":{""email"":""customer924@acme.com""}},""source"":""mock-csv"",""campaign"":""summer""}",refund requested / sample row 924,ok
925,USR-00925,ORD-00925,customer925@example.com,37.75,KOR,2026-07-02T10:25:00.000Z,010-1925-8475,1,"{""user"":{""contact"":{""email"":""customer925@example.com""}},""source"":""mock-csv"",""campaign"":""organic""}",repeat buyer / sample row 925,ok
926,USR-00926,ORD-00926,customer926@asklake.io,74.76,JPN,2026-07-03T11:26:00.000Z,010-1926-8482,2,"{""user"":{""contact"":{""email"":""customer926@asklake.io""}},""source"":""mock-csv"",""campaign"":""summer""}",premium item / sample row 926,ok
927,USR-00927,ORD-00927,customer927@shop.test,111.77,USA,2026-07-04T12:27:00.000Z,010-1927-8489,3,"{""user"":{""contact"":{""email"":""customer927@shop.test""}},""source"":""mock-csv"",""campaign"":""organic""}",support contacted / sample row 927,ok
928,USR-00928,ORD-00928,customer928@acme.com,148.78,KOR,2026-07-01T13:28:00.000Z,010-1928-8496,4,"{""user"":{""contact"":{""email"":""customer928@acme.com""}},""source"":""mock-csv"",""campaign"":""summer""}",fast delivery / sample row 928,ok
929,USR-00929,ORD-00929,customer929@example.com,185.79,JPN,2026-07-02T14:29:00.000Z,010-1929-8503,5,"{""user"":{""contact"":{""email"":""customer929@example.com""}},""source"":""mock-csv"",""campaign"":""organic""}",clean packaging / sample row 929,ok
930,USR-00930,ORD-00930,customer930@asklake.io,222.80,USA,2026-07-03T15:30:00.000Z,010-1930-8510,1,"{""user"":{""contact"":{""email"":""customer930@asklake.io""}},""source"":""mock-csv"",""campaign"":""summer""}",needs follow up / sample row 930,ok
931,USR-00931,ORD-00931,customer931@shop.test,259.81,KOR,2026-07-04T16:31:00.000Z,010-1931-8517,2,"{""user"":{""contact"":{""email"":""customer931@shop.test""}},""source"":""mock-csv"",""campaign"":""organic""}",great value / sample row 931,ok
932,USR-00932,ORD-00932,customer932@acme.com,296.82,JPN,2026-07-01T17:32:00.000Z,010-1932-8524,3,"{""user"":{""contact"":{""email"":""customer932@acme.com""}},""source"":""mock-csv"",""campaign"":""summer""}",refund requested / sample row 932,ok
933,USR-00933,ORD-00933,customer933@example.com,333.83,USA,2026-07-02T18:33:00.000Z,010-1933-8531,4,"{""user"":{""contact"":{""email"":""customer933@example.com""}},""source"":""mock-csv"",""campaign"":""organic""}",repeat buyer / sample row 933,ok
934,USR-00934,ORD-00934,customer934@asklake.io,370.84,KOR,2026-07-03T19:34:00.000Z,010-1934-8538,5,"{""user"":{""contact"":{""email"":""customer934@asklake.io""}},""source"":""mock-csv"",""campaign"":""summer""}",premium item / sample row 934,ok
935,USR-00935,ORD-00935,customer935@shop.test,407.85,JPN,2026-07-04T20:35:00.000Z,010-1935-8545,1,"{""user"":{""contact"":{""email"":""customer935@shop.test""}},""source"":""mock-csv"",""campaign"":""organic""}",support contacted / sample row 935,ok
936,USR-00936,ORD-00936,customer936@acme.com,444.86,USA,2026-07-01T09:36:00.000Z,010-1936-8552,2,"{""user"":{""contact"":{""email"":""customer936@acme.com""}},""source"":""mock-csv"",""campaign"":""summer""}",fast delivery / sample row 936,ok
937,USR-00937,ORD-00937,customer937@example.com,481.87,KOR,2026-07-02T10:37:00.000Z,010-1937-8559,3,"{""user"":{""contact"":{""email"":""customer937@example.com""}},""source"":""mock-csv"",""campaign"":""organic""}",clean packaging / sample row 937,ok
938,USR-00938,ORD-00938,customer938@asklake.io,518.88,JPN,2026-07-03T11:38:00.000Z,010-1938-8566,4,"{""user"":{""contact"":{""email"":""customer938@asklake.io""}},""source"":""mock-csv"",""campaign"":""summer""}",needs follow up / sample row 938,ok
939,USR-00939,ORD-00939,customer939@shop.test,555.89,USA,2026-07-04T12:39:00.000Z,010-1939-8573,5,"{""user"":{""contact"":{""email"":""customer939@shop.test""}},""source"":""mock-csv"",""campaign"":""organic""}",great value / sample row 939,ok
940,USR-00940,ORD-00940,customer940@acme.com,592.90,KOR,2026-07-01T13:40:00.000Z,010-1940-8580,1,"{""user"":{""contact"":{""email"":""customer940@acme.com""}},""source"":""mock-csv"",""campaign"":""summer""}",refund requested / sample row 940,ok
941,USR-00941,ORD-00941,customer941@example.com,629.91,JPN,2026-07-02T14:41:00.000Z,010-1941-8587,2,"{""user"":{""contact"":{""email"":""customer941@example.com""}},""source"":""mock-csv"",""campaign"":""organic""}",repeat buyer / sample row 941,ok
942,USR-00942,ORD-00942,customer942@asklake.io,666.92,USA,2026-07-03T15:42:00.000Z,010-1942-8594,3,"{""user"":{""contact"":{""email"":""customer942@asklake.io""}},""source"":""mock-csv"",""campaign"":""summer""}",premium item / sample row 942,ok
943,USR-00943,ORD-00943,customer943@shop.test,703.93,KOR,2026-07-04T16:43:00.000Z,010-1943-8601,4,"{""user"":{""contact"":{""email"":""customer943@shop.test""}},""source"":""mock-csv"",""campaign"":""organic""}",support contacted / sample row 943,ok
944,USR-00944,ORD-00944,customer944@acme.com,740.94,JPN,2026-07-01T17:44:00.000Z,010-1944-8608,5,"{""user"":{""contact"":{""email"":""customer944@acme.com""}},""source"":""mock-csv"",""campaign"":""summer""}",fast delivery / sample row 944,ok
945,USR-00945,ORD-00945,customer945@example.com,777.95,USA,2026-07-02T18:45:00.000Z,010-1945-8615,1,"{""user"":{""contact"":{""email"":""customer945@example.com""}},""source"":""mock-csv"",""campaign"":""organic""}",clean packaging / sample row 945,ok
946,USR-00946,ORD-00946,customer946@asklake.io,814.96,KOR,2026-07-03T19:46:00.000Z,010-1946-8622,2,"{""user"":{""contact"":{""email"":""customer946@asklake.io""}},""source"":""mock-csv"",""campaign"":""summer""}",needs follow up / sample row 946,ok
947,USR-00947,ORD-00947,customer947@shop.test,851.97,JPN,2026-07-04T20:47:00.000Z,010-1947-8629,3,"{""user"":{""contact"":{""email"":""customer947@shop.test""}},""source"":""mock-csv"",""campaign"":""organic""}",great value / sample row 947,ok
948,USR-00948,ORD-00948,customer948@acme.com,888.98,USA,2026-07-01T09:48:00.000Z,010-1948-8636,4,"{""user"":{""contact"":{""email"":""customer948@acme.com""}},""source"":""mock-csv"",""campaign"":""summer""}",refund requested / sample row 948,ok
949,USR-00949,ORD-00949,customer949@example.com,25.99,KOR,2026-07-02T10:49:00.000Z,010-1949-8643,5,"{""user"":{""contact"":{""email"":""customer949@example.com""}},""source"":""mock-csv"",""campaign"":""organic""}",repeat buyer / sample row 949,ok
950,USR-00950,ORD-00950,customer950@asklake.io,63.00,JPN,2026-07-03T11:50:00.000Z,010-1950-8650,1,"{""user"":{""contact"":{""email"":""customer950@asklake.io""}},""source"":""mock-csv"",""campaign"":""summer""}",premium item / sample row 950,ok
951,USR-00951,ORD-00951,customer951@shop.test,100.01,USA,2026-07-04T12:51:00.000Z,010-1951-8657,2,"{""user"":{""contact"":{""email"":""customer951@shop.test""}},""source"":""mock-csv"",""campaign"":""organic""}",support contacted / sample row 951,ok
952,USR-00952,ORD-00952,customer952@acme.com,137.02,KOR,2026-07-01T13:52:00.000Z,010-1952-8664,3,"{""user"":{""contact"":{""email"":""customer952@acme.com""}},""source"":""mock-csv"",""campaign"":""summer""}",fast delivery / sample row 952,ok
953,USR-00953,ORD-00953,customer953@example.com,174.03,JPN,2026-07-02T14:53:00.000Z,010-1953-8671,4,"{""user"":{""contact"":{""email"":""customer953@example.com""}},""source"":""mock-csv"",""campaign"":""organic""}",clean packaging / sample row 953,ok
954,USR-00954,ORD-00954,customer954@asklake.io,211.04,USA,2026-07-03T15:54:00.000Z,010-1954-8678,5,"{""user"":{""contact"":{""email"":""customer954@asklake.io""}},""source"":""mock-csv"",""campaign"":""summer""}",needs follow up / sample row 954,ok
955,USR-00955,ORD-00955,customer955@shop.test,248.05,KOR,2026-07-04T16:55:00.000Z,010-1955-8685,1,"{""user"":{""contact"":{""email"":""customer955@shop.test""}},""source"":""mock-csv"",""campaign"":""organic""}",great value / sample row 955,ok
956,USR-00956,ORD-00956,customer956@acme.com,285.06,JPN,2026-07-01T17:56:00.000Z,010-1956-8692,2,"{""user"":{""contact"":{""email"":""customer956@acme.com""}},""source"":""mock-csv"",""campaign"":""summer""}",refund requested / sample row 956,ok
957,USR-00957,ORD-00957,customer957@example.com,322.07,USA,2026-07-02T18:57:00.000Z,010-1957-8699,3,"{""user"":{""contact"":{""email"":""customer957@example.com""}},""source"":""mock-csv"",""campaign"":""organic""}",repeat buyer / sample row 957,ok
958,USR-00958,ORD-00958,customer958@asklake.io,359.08,KOR,2026-07-03T19:58:00.000Z,010-1958-8706,4,"{""user"":{""contact"":{""email"":""customer958@asklake.io""}},""source"":""mock-csv"",""campaign"":""summer""}",premium item / sample row 958,ok
959,USR-00959,ORD-00959,customer959@shop.test,396.09,JPN,2026-07-04T20:59:00.000Z,010-1959-8713,5,"{""user"":{""contact"":{""email"":""customer959@shop.test""}},""source"":""mock-csv"",""campaign"":""organic""}",support contacted / sample row 959,ok
960,USR-00960,ORD-00960,customer960@acme.com,433.10,USA,2026-07-01T09:00:00.000Z,010-1960-8720,1,"{""user"":{""contact"":{""email"":""customer960@acme.com""}},""source"":""mock-csv"",""campaign"":""summer""}",fast delivery / sample row 960,ok
961,USR-00961,ORD-00961,customer961@example.com,470.11,KOR,2026-07-02T10:01:00.000Z,010-1961-8727,2,"{""user"":{""contact"":{""email"":""customer961@example.com""}},""source"":""mock-csv"",""campaign"":""organic""}",clean packaging / sample row 961,ok
962,USR-00962,ORD-00962,customer962@asklake.io,507.12,JPN,2026-07-03T11:02:00.000Z,010-1962-8734,3,"{""user"":{""contact"":{""email"":""customer962@asklake.io""}},""source"":""mock-csv"",""campaign"":""summer""}",needs follow up / sample row 962,ok
963,USR-00963,ORD-00963,customer963@shop.test,544.13,USA,2026-07-04T12:03:00.000Z,010-1963-8741,4,"{""user"":{""contact"":{""email"":""customer963@shop.test""}},""source"":""mock-csv"",""campaign"":""organic""}",great value / sample row 963,ok
964,USR-00964,ORD-00964,customer964@acme.com,581.14,KOR,2026-07-01T13:04:00.000Z,010-1964-8748,5,"{""user"":{""contact"":{""email"":""customer964@acme.com""}},""source"":""mock-csv"",""campaign"":""summer""}",refund requested / sample row 964,ok
965,USR-00965,ORD-00965,customer965@example.com,618.15,JPN,2026-07-02T14:05:00.000Z,010-1965-8755,1,"{""user"":{""contact"":{""email"":""customer965@example.com""}},""source"":""mock-csv"",""campaign"":""organic""}",repeat buyer / sample row 965,ok
966,USR-00966,ORD-00966,customer966@asklake.io,655.16,USA,2026-07-03T15:06:00.000Z,010-1966-8762,2,"{""user"":{""contact"":{""email"":""customer966@asklake.io""}},""source"":""mock-csv"",""campaign"":""summer""}",premium item / sample row 966,ok
967,USR-00967,ORD-00967,customer967@shop.test,692.17,KOR,2026-07-04T16:07:00.000Z,010-1967-8769,3,"{""user"":{""contact"":{""email"":""customer967@shop.test""}},""source"":""mock-csv"",""campaign"":""organic""}",support contacted / sample row 967,ok
968,USR-00968,ORD-00968,customer968@acme.com,729.18,JPN,2026-07-01T17:08:00.000Z,010-1968-8776,4,"{""user"":{""contact"":{""email"":""customer968@acme.com""}},""source"":""mock-csv"",""campaign"":""summer""}",fast delivery / sample row 968,ok
969,USR-00969,ORD-00969,customer969@example.com,766.19,USA,2026-07-02T18:09:00.000Z,010-1969-8783,5,"{""user"":{""contact"":{""email"":""customer969@example.com""}},""source"":""mock-csv"",""campaign"":""organic""}",clean packaging / sample row 969,ok
970,USR-00970,ORD-00970,customer970@asklake.io,-15.00,KOR,2026-07-03T19:10:00.000Z,010-1970-8790,1,"{""user"":{""contact"":{""email"":""customer970@asklake.io""}},""source"":""mock-csv"",""campaign"":""summer""}",needs follow up / sample row 970,non_positive_price
971,USR-00971,ORD-00971,customer971@shop.test,840.21,JPN,2026-07-04T20:11:00.000Z,010-1971-8797,2,"{""user"":{""contact"":{""email"":""customer971@shop.test""}},""source"":""mock-csv"",""campaign"":""organic""}",great value / sample row 971,ok
972,USR-00972,ORD-00972,customer972@acme.com,877.22,USA,2026-07-01T09:12:00.000Z,010-1972-8804,3,"{""user"":{""contact"":{""email"":""customer972@acme.com""}},""source"":""mock-csv"",""campaign"":""summer""}",refund requested / sample row 972,ok
973,USR-00973,ORD-00973,customer973@example.com,14.23,KOR,2026-07-02T10:13:00.000Z,010-1973-8811,4,"{""user"":{""contact"":{""email"":""customer973@example.com""}},""source"":""mock-csv"",""campaign"":""organic""}",repeat buyer / sample row 973,ok
974,USR-00974,ORD-00974,customer974@asklake.io,51.24,JPN,2026-07-03T11:14:00.000Z,010-1974-8818,5,"{""user"":{""contact"":{""email"":""customer974@asklake.io""}},""source"":""mock-csv"",""campaign"":""summer""}",premium item / sample row 974,ok
975,USR-00975,ORD-00975,customer975@shop.test,88.25,USA,2026-07-04T12:15:00.000Z,010-1975-8825,1,"{""user"":{""contact"":{""email"":""customer975@shop.test""}},""source"":""mock-csv"",""campaign"":""organic""}",support contacted / sample row 975,ok
976,USR-00976,ORD-00976,customer976@acme.com,125.26,KOR,2026-07-01T13:16:00.000Z,010-1976-8832,2,"{""user"":{""contact"":{""email"":""customer976@acme.com""}},""source"":""mock-csv"",""campaign"":""summer""}",fast delivery / sample row 976,ok
977,USR-00977,ORD-00977,customer977@example.com,162.27,JPN,2026-07-02T14:17:00.000Z,010-1977-8839,3,"{""user"":{""contact"":{""email"":""customer977@example.com""}},""source"":""mock-csv"",""campaign"":""organic""}",clean packaging / sample row 977,ok
978,USR-00978,ORD-00978,customer978@asklake.io,199.28,USA,2026-07-03T15:18:00.000Z,010-1978-8846,4,"{""user"":{""contact"":{""email"":""customer978@asklake.io""}},""source"":""mock-csv"",""campaign"":""summer""}",needs follow up / sample row 978,ok
979,USR-00979,ORD-00979,customer979@shop.test,236.29,BRA,2026-07-04T16:19:00.000Z,010-1979-8853,5,"{""user"":{""contact"":{""email"":""customer979@shop.test""}},""source"":""mock-csv"",""campaign"":""organic""}",great value / sample row 979,country_not_allowed
980,USR-00980,ORD-00980,customer980@acme.com,273.30,JPN,2026-07-01T17:20:00.000Z,010-1980-8860,1,"{""user"":{""contact"":{""email"":""customer980@acme.com""}},""source"":""mock-csv"",""campaign"":""summer""}",refund requested / sample row 980,ok
981,USR-00981,ORD-00981,customer981@example.com,310.31,USA,2026-07-02T18:21:00.000Z,010-1981-8867,2,"{""user"":{""contact"":{""email"":""customer981@example.com""}},""source"":""mock-csv"",""campaign"":""organic""}",repeat buyer / sample row 981,ok
982,USR-00982,ORD-00982,customer982@asklake.io,347.32,KOR,2026-07-03T19:22:00.000Z,010-1982-8874,3,"{""user"":{""contact"":{""email"":""customer982@asklake.io""}},""source"":""mock-csv"",""campaign"":""summer""}",premium item / sample row 982,ok
983,USR-00983,ORD-00983,customer983@shop.test,384.33,JPN,2026-07-04T20:23:00.000Z,010-1983-8881,4,"{""user"":{""contact"":{""email"":""customer983@shop.test""}},""source"":""mock-csv"",""campaign"":""organic""}",support contacted / sample row 983,ok
984,USR-00984,ORD-00984,customer984@acme.com,421.34,USA,2026-07-01T09:24:00.000Z,010-1984-8888,5,"{""user"":{""contact"":{""email"":""customer984@acme.com""}},""source"":""mock-csv"",""campaign"":""summer""}",fast delivery / sample row 984,ok
985,USR-00985,ORD-00985,customer985@example.com,458.35,KOR,2026-07-02T10:25:00.000Z,010-1985-8895,1,"{""user"":{""contact"":{""email"":""customer985@example.com""}},""source"":""mock-csv"",""campaign"":""organic""}",clean packaging / sample row 985,ok
986,USR-00986,ORD-00986,customer986@asklake.io,495.36,JPN,2026-07-03T11:26:00.000Z,010-1986-8902,2,"{""user"":{""contact"":{""email"":""customer986@asklake.io""}},""source"":""mock-csv"",""campaign"":""summer""}",needs follow up / sample row 986,ok
987,USR-00987,ORD-00987,customer987@shop.test,532.37,USA,2026-07-04T12:27:00.000Z,010-1987-8909,3,"{""user"":{""contact"":{""email"":""customer987@shop.test""}},""source"":""mock-csv"",""campaign"":""organic""}",great value / sample row 987,ok
988,USR-00988,ORD-00988,customer988@acme.com,569.38,KOR,2026-07-01T13:28:00.000Z,010-1988-8916,4,"{""user"":{""contact"":{""email"":""customer988@acme.com""}},""source"":""mock-csv"",""campaign"":""summer""}",refund requested / sample row 988,ok
989,USR-00989,ORD-00989,customer989@example.com,606.39,JPN,2026-07-02T14:29:00.000Z,010-1989-8923,5,"{""user"":{""contact"":{""email"":""customer989@example.com""}},""source"":""mock-csv"",""campaign"":""organic""}",repeat buyer / sample row 989,ok
990,USR-00990,ORD-00990,customer990@asklake.io,643.40,USA,2026-07-03T15:30:00.000Z,010-1990-8930,1,"{""user"":{""contact"":{""email"":""customer990@asklake.io""}},""source"":""mock-csv"",""campaign"":""summer""}",premium item / sample row 990,ok
991,USR-00991,ORD-00991,customer991@shop.test,680.41,KOR,2026-07-04T16:31:00.000Z,010-1991-8937,2,"{""user"":{""contact"":{""email"":""customer991@shop.test""}},""source"":""mock-csv"",""campaign"":""organic""}",support contacted / sample row 991,ok
992,USR-00992,ORD-00992,customer992@acme.com,717.42,JPN,2026-07-01T17:32:00.000Z,010-1992-8944,3,"{""user"":{""contact"":{""email"":""customer992@acme.com""}},""source"":""mock-csv"",""campaign"":""summer""}",fast delivery / sample row 992,ok
993,USR-00993,ORD-00993,customer993@example.com,754.43,USA,2026-07-02T18:33:00.000Z,010-1993-8951,4,"{""user"":{""contact"":{""email"":""customer993@example.com""}},""source"":""mock-csv"",""campaign"":""organic""}",clean packaging / sample row 993,ok
994,USR-00994,ORD-00994,customer994@asklake.io,791.44,KOR,2026-07-03T19:34:00.000Z,010-1994-8958,5,"{""user"":{""contact"":{""email"":""customer994@asklake.io""}},""source"":""mock-csv"",""campaign"":""summer""}",needs follow up / sample row 994,ok
995,USR-00995,ORD-00995,customer995@shop.test,828.45,JPN,2026-07-04T20:35:00.000Z,010-1995-8965,1,"{""user"":{""contact"":{""email"":""customer995@shop.test""}},""source"":""mock-csv"",""campaign"":""organic""}",great value / sample row 995,ok
996,USR-00996,ORD-00996,customer996@acme.com,865.46,USA,2026-07-01T09:36:00.000Z,010-1996-8972,2,"{""user"":{""contact"":{""email"":""customer996@acme.com""}},""source"":""mock-csv"",""campaign"":""summer""}",refund requested / sample row 996,ok
997,USR-00997,ORD-00997,customer997@example.com,902.47,KOR,2026-07-02T10:37:00.000Z,010-1997-8979,3,"{""user"":{""contact"":{""email"":""customer997@example.com""}},""source"":""mock-csv"",""campaign"":""organic""}",repeat buyer / sample row 997,ok
998,USR-00998,ORD-00998,customer998@asklake.io,39.48,JPN,2026-07-03T11:38:00.000Z,010-1998-8986,4,"{""user"":{""contact"":{""email"":""customer998@asklake.io""}},""source"":""mock-csv"",""campaign"":""summer""}",premium item / sample row 998,ok
999,USR-00999,ORD-00999,customer999@shop.test,76.49,USA,2026-07-04T12:39:00.000Z,010-1999-8993,5,"{""user"":{""contact"":{""email"":""customer999@shop.test""}},""source"":""mock-csv"",""campaign"":""organic""}",support contacted / sample row 999,ok
1000,USR-01000,ORD-01000,customer1000@acme.com,112.50,KOR,2026-07-01T13:40:00.000Z,010-2000-2000,1,"{""user"":{""contact"":{""email"":""customer1000@acme.com""}},""source"":""mock-csv"",""campaign"":""summer""}",fast delivery / sample row 1000,ok
